forecast_origin_idx,timestamp,Trend,Volatility,Periodicity,Recent_Error,w_LSTM,w_TCN,w_CNN,MAE_CAEG (MW),MAE_LSTM (MW),MAE_TCN (MW),MAE_CNN (MW)
167,2024-08-14 05:00:00+00:00,-0.0007485584,0.3540328,0.7368569,0.7462627,0.404315,0.3099135,0.28577143,359.9641616361666,1690.1384747406992,1564.9530879439462,1525.2809251681695
168,2024-08-14 06:00:00+00:00,-0.0012867644,0.35414508,0.7360604,0.7841859,0.40352544,0.3113509,0.28512365,317.81624340195077,1090.9794091647311,1417.415887154426,1140.9899148047764
169,2024-08-14 07:00:00+00:00,-0.0018235267,0.3538559,0.7355505,0.74209905,0.4042533,0.30979514,0.28595152,320.8449052473954,795.580404974812,1254.3611858396127,1244.7511260490162
170,2024-08-14 08:00:00+00:00,-0.002304114,0.35355586,0.7349784,0.70211345,0.40415466,0.3085969,0.28724843,332.373940827226,723.8128694684123,1314.0591337645635,1265.9878982156304
171,2024-08-14 09:00:00+00:00,-0.002695228,0.35283044,0.7348564,0.67475075,0.40392715,0.30767813,0.28839472,327.0073451428936,709.2374465690118,1586.7654345822375,1274.6472615905438
172,2024-08-14 10:00:00+00:00,-0.0029828323,0.3519987,0.7346942,0.659669,0.40384766,0.30714458,0.2890078,281.111597785509,728.1109610339608,1554.6625476416582,1009.48062560663
173,2024-08-14 11:00:00+00:00,-0.003177272,0.35094497,0.73444295,0.6135715,0.40416366,0.3047143,0.29112202,286.209534755545,761.7335838599598,1320.3889612706744,1129.7294472878154
174,2024-08-14 12:00:00+00:00,-0.0032709101,0.34995145,0.73383576,0.5335016,0.4039058,0.30141044,0.29468384,327.65200444952706,777.7125156157707,1213.721911968432,1161.5623912081007
175,2024-08-14 13:00:00+00:00,-0.0032642076,0.34780225,0.73274136,0.41942778,0.4034577,0.3019275,0.29461476,349.0197424352479,787.1693638067912,1234.9029872810286,1142.7956296690636
176,2024-08-14 14:00:00+00:00,-0.0031338993,0.3467507,0.7313382,0.3411874,0.40224934,0.30364713,0.2941036,295.58594661779483,784.076210458417,1257.170534183688,927.3346268596041
177,2024-08-14 15:00:00+00:00,-0.0028924418,0.34641442,0.73008084,0.3036326,0.40135822,0.3047696,0.2938722,310.3515558620648,791.9385303910873,1334.2596059890095,1123.53086138894
178,2024-08-14 16:00:00+00:00,-0.0025573496,0.34647024,0.7291711,0.29752353,0.40116572,0.30493557,0.29389873,291.4265041191677,809.8744410324058,1388.7023788077947,1212.1707994699432
179,2024-08-14 17:00:00+00:00,-0.002143186,0.34641957,0.728835,0.28873062,0.4009482,0.30520436,0.29384735,239.6922397906233,840.0541636961507,1488.9050603270307,1256.9912332960046
180,2024-08-14 18:00:00+00:00,-0.0016446636,0.34702116,0.72894627,0.29976904,0.40116918,0.30486262,0.29396823,201.4681802158443,882.4945489921738,1641.2228255493737,984.9344186332067
181,2024-08-14 19:00:00+00:00,-0.001103369,0.34728375,0.7283942,0.2736192,0.40059224,0.30575138,0.29365638,139.1052437548863,1044.2782186523598,1588.6542664319234,1167.7996504462417
182,2024-08-14 20:00:00+00:00,-0.00054018764,0.3470808,0.7275136,0.26884496,0.4004843,0.3059399,0.29357576,162.01690001440292,1368.0369139400839,1484.3824852741454,1213.0874823649524
183,2024-08-14 21:00:00+00:00,-3.228506e-05,0.3468836,0.7255998,0.19650342,0.39912266,0.3074883,0.29338902,170.83040787538982,1639.1167024620318,1343.7768535892599,1259.3087742317457
184,2024-08-14 22:00:00+00:00,0.0003904455,0.34598,0.7230661,0.20936008,0.3992857,0.3072509,0.29346338,313.1892921269751,1817.2983650764588,1389.1558045646743,957.3972791306905
185,2024-08-14 23:00:00+00:00,0.00070950005,0.34523025,0.7206695,0.21190347,0.39925948,0.30717668,0.2935638,319.7166269685949,1891.1743618197806,1363.9224735846904,1086.7528227210153
186,2024-08-15 00:00:00+00:00,0.0009061411,0.3422542,0.71887153,0.21694945,0.39939636,0.3070575,0.29354617,374.1432812931884,1818.2678614727986,1335.6507447097217,1101.2563334965805
187,2024-08-15 01:00:00+00:00,0.00092561013,0.3402477,0.7182246,0.22255452,0.39955392,0.30695006,0.29349604,372.4727463111944,1584.2055168919321,1274.1945433861404,1104.4242861221317
188,2024-08-15 02:00:00+00:00,0.0007681272,0.3399081,0.7186414,0.24151288,0.39993382,0.30665916,0.29340702,360.9498128901685,1207.2750780501185,1414.288799186308,888.2557645275325
189,2024-08-15 03:00:00+00:00,0.0004708613,0.3400693,0.72002053,0.2601441,0.40031344,0.306186,0.29350063,173.16892746323538,870.7039450769001,1616.9813744328032,1060.373615749856
190,2024-08-15 04:00:00+00:00,6.409745e-05,0.34056652,0.72181195,0.272679,0.40057608,0.30569693,0.29372692,107.15986461436565,687.6887040396279,1817.666634290418,1153.562382446444
191,2024-08-15 05:00:00+00:00,-0.00042267298,0.34091872,0.72392184,0.38276458,0.40287367,0.30242285,0.29470354,105.5487786455371,585.5009136108853,1906.390441703914,1167.3542659123914
192,2024-08-15 06:00:00+00:00,-0.0009437605,0.34098536,0.72605586,0.3884171,0.40305904,0.30237508,0.29456583,145.15861878115467,531.6416005935718,1790.5950787898237,867.0563087834221
193,2024-08-15 07:00:00+00:00,-0.0014686277,0.34082773,0.72762096,0.40037322,0.40331373,0.30217856,0.29450774,180.05118199253604,494.1556800368979,1721.7775203542863,974.1135870849657
194,2024-08-15 08:00:00+00:00,-0.0019449111,0.3405514,0.72864854,0.4191153,0.40363783,0.3018281,0.2945341,234.3863966112922,529.2519960554945,1781.8962180638016,964.4210155757015
195,2024-08-15 09:00:00+00:00,-0.0023398837,0.33997342,0.72907025,0.45558524,0.40417868,0.30111164,0.29470968,258.68847859531195,565.4530672370579,1758.233205204032,886.8758224363975
196,2024-08-15 10:00:00+00:00,-0.0026269187,0.33859652,0.72947544,0.41911104,0.4037835,0.30186802,0.29434848,194.41832952121982,574.0925981145512,1761.8028977344445,718.2039003156714
197,2024-08-15 11:00:00+00:00,-0.0027894343,0.3369912,0.72965544,0.32306543,0.4022546,0.30422774,0.29351765,186.41880654631908,585.8273820943388,1682.3250739326952,841.4648694825237
198,2024-08-15 12:00:00+00:00,-0.0028346982,0.3344868,0.72965515,0.20813167,0.40002328,0.307296,0.29268074,177.33646538986434,594.7109830591999,1604.1866461723814,834.68021304764
199,2024-08-15 13:00:00+00:00,-0.0027539625,0.33242804,0.7296698,0.12868883,0.39863837,0.3085224,0.2928392,166.62817713986865,596.2673275159055,1565.9568484386316,800.8414419023029
200,2024-08-15 14:00:00+00:00,-0.0025556814,0.33108604,0.729858,0.13755201,0.39886385,0.3083769,0.29275915,106.45470167093731,582.9784661949193,1497.2755259197404,673.5486386337898
201,2024-08-15 15:00:00+00:00,-0.0022507082,0.33055574,0.7300783,0.18432963,0.39975983,0.30764428,0.29259592,166.32087364930683,566.1512537714881,1562.879070315775,878.8787046619309
202,2024-08-15 16:00:00+00:00,-0.0018525311,0.3307507,0.73045826,0.2131222,0.40029615,0.30720088,0.2925029,184.58659349989276,549.0250295918094,1630.192918683854,916.6227021629735
203,2024-08-15 17:00:00+00:00,-0.0014079586,0.3306415,0.7306836,0.20992054,0.40024936,0.30725008,0.29250053,199.89026871919455,540.9789207457826,1554.019810138634,916.7635700986615
204,2024-08-15 18:00:00+00:00,-0.0009219111,0.33063385,0.73013157,0.16379178,0.39937323,0.30795866,0.29266807,153.25593801562005,523.5964205014525,1490.7657021720777,760.0443420548451
205,2024-08-15 19:00:00+00:00,-0.00039826598,0.33065453,0.72983384,0.15099968,0.3991203,0.30815274,0.29272696,261.38984756373446,511.12117389272925,1441.3005930242355,966.3515423018465
206,2024-08-15 20:00:00+00:00,0.00014671052,0.33059675,0.72999877,0.1688336,0.39945784,0.30787274,0.29266945,306.9556189477478,593.5779230753052,1238.8679802120378,992.0922379321955
207,2024-08-15 21:00:00+00:00,0.0006686232,0.33025578,0.73149514,0.20033379,0.4001138,0.30739495,0.29249126,295.1542193470872,672.418744246845,1202.4083722898536,1011.5971232203318
208,2024-08-15 22:00:00+00:00,0.0011316728,0.32940245,0.734509,0.23117779,0.40083656,0.30694726,0.29221615,154.4719657967631,693.1030930249564,1261.1687134369529,832.9856561346108
209,2024-08-15 23:00:00+00:00,0.0015213497,0.3275303,0.7379262,0.22323428,0.40090662,0.3070971,0.2919962,186.6945535150849,683.431097895866,1305.3305456275277,1008.3111221890726
210,2024-08-16 00:00:00+00:00,0.0017889178,0.32404098,0.74013364,0.21947527,0.4010686,0.30715927,0.2917722,170.49474980685602,675.8723799810718,1400.5698961601404,983.7928507257844
211,2024-08-16 01:00:00+00:00,0.00186934,0.32274753,0.7410865,0.23354322,0.40149766,0.3070699,0.29143238,154.19178205307585,661.5536167469137,1400.627059602217,929.7766647339477
212,2024-08-16 02:00:00+00:00,0.0017857166,0.32202387,0.7415549,0.25256708,0.4020224,0.3069202,0.2910574,131.55414019481395,649.3171994378724,1477.945523399109,742.781048403548
213,2024-08-16 03:00:00+00:00,0.0015733468,0.3215758,0.74172604,0.26881948,0.40242732,0.30641726,0.29115537,164.1663257381856,639.7670727875226,1596.1437931764087,896.8647647944886
214,2024-08-16 04:00:00+00:00,0.0012658202,0.32136184,0.74197316,0.24602418,0.40192658,0.30704677,0.29102665,154.82731630277738,645.7963402767397,1583.6505453386253,931.2133523942879
215,2024-08-16 05:00:00+00:00,0.00089127145,0.32126775,0.7421793,0.22911912,0.40153125,0.3071556,0.29131308,146.87930312161356,666.4903273827507,1633.6587418402025,920.9362649994091
216,2024-08-16 06:00:00+00:00,0.0004799733,0.32125494,0.7421314,0.23317786,0.40163264,0.30713588,0.29123142,213.41656624219493,690.6533530654918,1502.4924134614048,824.8663276565003
217,2024-08-16 07:00:00+00:00,6.609987e-05,0.3212164,0.741726,0.23992021,0.4017819,0.30708984,0.2911283,253.29806772560926,744.4718233496736,1543.5264284726327,924.7694310057408
218,2024-08-16 08:00:00+00:00,-0.00030338755,0.3210428,0.7408095,0.2537954,0.4020764,0.3068504,0.2910733,293.16673720248014,808.2023634824496,1602.1302009631436,956.2066241893225
219,2024-08-16 09:00:00+00:00,-0.00058888475,0.32090306,0.7395013,0.2729608,0.4024542,0.30621195,0.29133385,315.74212533027253,833.5153913729754,1635.0407929794353,966.5774852572385
220,2024-08-16 10:00:00+00:00,-0.0007850582,0.32033324,0.7384208,0.29326633,0.4028887,0.30555186,0.2915595,356.16324202857294,880.1902716447597,1483.3065376143497,969.8615733475508
221,2024-08-16 11:00:00+00:00,-0.0008807022,0.31979522,0.7382039,0.30608547,0.4031948,0.30515248,0.2916527,354.06096195096643,915.1337807588351,1374.2595493205934,995.5927338153737
222,2024-08-16 12:00:00+00:00,-0.00087608595,0.31885815,0.73886555,0.2967722,0.4030672,0.30546695,0.29146588,387.25746929760453,934.1605498421259,1343.7260254570754,973.4673748208066
223,2024-08-16 13:00:00+00:00,-0.0007673366,0.3179976,0.74027646,0.280342,0.40281197,0.30602518,0.29116282,362.0064349005708,933.3416138147655,1278.935362064356,942.2938220764094
224,2024-08-16 14:00:00+00:00,-0.00056129973,0.31699723,0.7419711,0.26291302,0.4025532,0.3066266,0.29082024,394.4675434846463,914.8742934229889,1195.003818860212,1016.3742137882433
225,2024-08-16 15:00:00+00:00,-0.00026413726,0.31644547,0.7443612,0.25348845,0.4024893,0.3069947,0.29051605,358.4997465390964,926.4090584650952,1130.4076791561781,897.2046260553403
226,2024-08-16 16:00:00+00:00,0.00011444893,0.3162505,0.74827164,0.24929948,0.40260598,0.30723748,0.29015654,353.0862884320588,945.084715552565,1141.1719175597293,876.2614814282091
227,2024-08-16 17:00:00+00:00,0.000554879,0.31568846,0.75412405,0.2460382,0.40286097,0.3074907,0.28964835,353.96674023217355,977.8488654500492,1173.1482191267671,864.457119573931
228,2024-08-16 18:00:00+00:00,0.0010828974,0.31604496,0.7634801,0.2696854,0.40385804,0.30703044,0.2891115,413.3866676665072,1011.3417829798018,1259.3702856229593,880.5162515200103
229,2024-08-16 19:00:00+00:00,0.0016686922,0.3164321,0.77427715,0.3064644,0.40519544,0.30621618,0.2885884,409.2460628729403,1070.2948078339352,1291.5500861333849,803.0309659951581
230,2024-08-16 20:00:00+00:00,0.002284288,0.31580767,0.7849441,0.35132876,0.40671143,0.30520612,0.28808242,513.3281122873186,1261.1693558969916,1270.6936102450916,781.1288017671955
231,2024-08-16 21:00:00+00:00,0.0028398025,0.31396154,0.79364896,0.3909385,0.40780792,0.30451185,0.2876802,685.1653539266455,1489.341726158679,1353.5189983839348,742.8270546831094
232,2024-08-16 22:00:00+00:00,0.0032642272,0.3132087,0.8001433,0.38564256,0.40807396,0.3047775,0.28714854,731.373268816143,1643.2265131219276,1442.7233785198484,718.2917085538978
233,2024-08-16 23:00:00+00:00,0.0035532808,0.31331393,0.80490416,0.30092847,0.4066874,0.30725774,0.28605482,669.8702004061707,1685.758008977121,1481.0608447887946,737.2431588818612
234,2024-08-17 00:00:00+00:00,0.003723947,0.31193334,0.8079646,0.24674778,0.40566528,0.30902255,0.28531218,751.3787060559488,1613.7951417196655,1507.8211024267678,701.1803439056442
235,2024-08-17 01:00:00+00:00,0.0037152125,0.31198144,0.80900186,0.25456768,0.40588897,0.3088096,0.28530145,758.1594187056548,1413.4806948592732,1490.120174092177,721.2063982872319
236,2024-08-17 02:00:00+00:00,0.0035278823,0.31295428,0.80813545,0.25775445,0.40588328,0.30866718,0.28544956,766.7308496156978,1157.7363880918056,1434.6587373488883,822.5373077473383
237,2024-08-17 03:00:00+00:00,0.003189121,0.3134697,0.80531496,0.2279933,0.40503505,0.30920273,0.28576222,623.5922639779682,961.2165840658378,1451.9512603926405,793.9071337702848
238,2024-08-17 04:00:00+00:00,0.002725746,0.31373486,0.8008615,0.19791351,0.40408522,0.3092602,0.28665453,499.54660789523945,831.5121407595503,1572.073982918556,795.7207953723263
239,2024-08-17 05:00:00+00:00,0.0021758913,0.31399822,0.7950291,0.17808378,0.4033175,0.30920044,0.2874821,441.8080022656239,711.9744786252927,1499.1935973522832,805.5057854635085
240,2024-08-17 06:00:00+00:00,0.0015674117,0.31425017,0.7879347,0.16774769,0.40272248,0.30902845,0.288249,452.5217310617406,597.7222303041689,1399.7999113389567,869.7623548808419
241,2024-08-17 07:00:00+00:00,0.00093775336,0.314279,0.7799311,0.17163064,0.40244815,0.30872065,0.28883117,347.24951053433443,495.10621143943376,1265.50299863854,884.143446530827
242,2024-08-17 08:00:00+00:00,0.00031085528,0.31424928,0.770347,0.18370135,0.4022617,0.30836073,0.2893776,287.01612718540395,418.7593907532948,1231.434715208417,892.9595524464366
243,2024-08-17 09:00:00+00:00,-0.00029159553,0.31395757,0.7593887,0.21226446,0.4024076,0.30787167,0.28972077,306.7328604432093,467.25402386526633,1226.8056612750906,913.4863763298412
244,2024-08-17 10:00:00+00:00,-0.0008331341,0.3130726,0.7490339,0.24614334,0.40274024,0.30737102,0.28988874,366.111829498285,541.4349030322264,1139.6245848705673,995.3717760245853
245,2024-08-17 11:00:00+00:00,-0.0012476196,0.31302053,0.74186873,0.27408093,0.40300912,0.3063009,0.29068998,356.35169024602175,600.6142162200367,1278.4024517025093,941.5385998284596
246,2024-08-17 12:00:00+00:00,-0.0015216764,0.31286466,0.7377404,0.2890804,0.4031431,0.30571598,0.29114097,408.09333840048566,634.085237529985,1411.2951623170304,949.4553833773374
247,2024-08-17 13:00:00+00:00,-0.0016572793,0.3121649,0.7360601,0.29251578,0.40316907,0.30556548,0.29126543,466.3928014534179,637.6839502674657,1450.9204595997041,1026.7170119494015
248,2024-08-17 14:00:00+00:00,-0.0016622089,0.31206858,0.7362131,0.2942325,0.40322107,0.3055173,0.2912616,446.55738605975404,640.9208006328548,1393.2193437622016,1107.2143137128535
249,2024-08-17 15:00:00+00:00,-0.0015739047,0.3124839,0.73715645,0.303592,0.40346092,0.30525187,0.29128718,354.09562392310454,636.9664986949584,1318.0662090562616,990.2652702873505
250,2024-08-17 16:00:00+00:00,-0.0014384501,0.31278804,0.7378922,0.31836188,0.40381554,0.3048172,0.29136723,337.39353768730456,640.2101036040452,1286.9651784822934,909.9129134170539
251,2024-08-17 17:00:00+00:00,-0.0012683405,0.31306124,0.73813665,0.3265017,0.40399536,0.3045745,0.29143018,416.72511879674624,654.8360690886143,1235.4474010467059,994.01544612402
252,2024-08-17 18:00:00+00:00,-0.0010918713,0.3132969,0.7379153,0.3327067,0.40410894,0.30437824,0.29151282,509.5978325633966,675.7572185129476,1263.2263289823336,1027.5521471975264
253,2024-08-17 19:00:00+00:00,-0.0008929817,0.31360295,0.7376535,0.3629354,0.4047462,0.30345654,0.29179722,516.6081521657276,722.5667055647885,1386.7669569709897,803.701296152738
254,2024-08-17 20:00:00+00:00,-0.0006835452,0.31335014,0.73742306,0.44821915,0.4059021,0.30172133,0.29237658,537.0582512838683,819.7076804533748,1347.927300784315,740.9480692845185
255,2024-08-17 21:00:00+00:00,-0.00052853214,0.31289607,0.737379,0.5353503,0.40593958,0.3030294,0.2910311,528.6149038360501,904.5320221089364,1137.4867443393798,811.1668585900907
256,2024-08-17 22:00:00+00:00,-0.00047331006,0.31340757,0.7374947,0.5294407,0.40588197,0.30283615,0.29128185,495.1392814433948,886.3515438098043,1110.8464240823603,848.4930186039809
257,2024-08-17 23:00:00+00:00,-0.0005262464,0.31462705,0.7374484,0.4870266,0.40576857,0.30193853,0.29229283,387.8376235583637,797.9104624295518,1213.5846629864084,734.8124359055073
258,2024-08-18 00:00:00+00:00,-0.00067035115,0.31463394,0.73704463,0.4916648,0.40573278,0.30196524,0.29230198,397.979099605343,718.0935790561708,1376.5122681462242,758.0476809802681
259,2024-08-18 01:00:00+00:00,-0.0009526988,0.3150398,0.7361889,0.46127272,0.4057808,0.30164924,0.29256997,514.6575792258636,649.960001933754,1422.38409534382,837.1335985819496
260,2024-08-18 02:00:00+00:00,-0.0013803848,0.31590557,0.7350592,0.43006596,0.4054338,0.3019491,0.29261708,489.3502968632638,602.8281301274,1402.7954912224843,891.9020712556862
261,2024-08-18 03:00:00+00:00,-0.0019248702,0.3166464,0.73420185,0.40047613,0.40494862,0.30252284,0.29252854,322.1299884872541,566.9971881571227,1372.721970472683,786.6149050929367
262,2024-08-18 04:00:00+00:00,-0.002557211,0.3169717,0.7329659,0.39170122,0.4047463,0.3026645,0.2925892,227.0207857865237,526.0142190273875,1355.337604223004,771.0656896465043
263,2024-08-18 05:00:00+00:00,-0.003258969,0.31732476,0.73235744,0.386822,0.40462703,0.30274665,0.2926263,229.3794396504221,470.6397213507361,1315.7218398456996,761.8549670166534
264,2024-08-18 06:00:00+00:00,-0.0039931806,0.31740817,0.7317444,0.35935605,0.40418714,0.30332795,0.2924849,281.7010024086324,396.82903512656685,1244.200017305363,763.5948278681459
265,2024-08-18 07:00:00+00:00,-0.004745134,0.31748223,0.7319916,0.33383834,0.4036358,0.30410314,0.29226103,281.3744972795636,324.05010918641557,1272.524666564707,700.9644059334647
266,2024-08-18 08:00:00+00:00,-0.0054916902,0.3174692,0.7337018,0.27707532,0.40245044,0.30590436,0.29164517,300.9936461850575,290.7867674074051,1328.6254981267898,676.8656239642354
267,2024-08-18 09:00:00+00:00,-0.006221824,0.31716096,0.73646456,0.21819143,0.40122443,0.30716303,0.29161257,230.01640656443396,406.54618601837245,1166.3986328111998,652.7806082987701
268,2024-08-18 10:00:00+00:00,-0.0068957154,0.31593728,0.7396364,0.20157002,0.40108466,0.30742726,0.29148808,227.64489593164691,514.3794156381026,1058.26153841391,719.5851083733993
269,2024-08-18 11:00:00+00:00,-0.0074569746,0.31506032,0.7416171,0.23268795,0.40197605,0.30727714,0.29074693,229.3447482024629,596.4909944599344,1076.2213053507387,616.7354648074635
270,2024-08-18 12:00:00+00:00,-0.0078984955,0.3141502,0.742594,0.29044265,0.40341073,0.30574745,0.29084188,238.1579509488711,635.9111426843431,1119.5404620595352,555.5645632077249
271,2024-08-18 13:00:00+00:00,-0.008227155,0.31281856,0.74247223,0.34039915,0.40459067,0.30422643,0.29118288,191.48260676484168,638.2834145102898,1172.9357939222712,646.6587711972466
272,2024-08-18 14:00:00+00:00,-0.008444605,0.3116938,0.74092144,0.36901507,0.4050941,0.3034453,0.29146063,151.48166882346212,625.6825270820349,1174.693865453759,768.3392996229355
273,2024-08-18 15:00:00+00:00,-0.008563458,0.31110805,0.73772544,0.3836459,0.4051702,0.30303842,0.29179147,194.25435416839596,584.7147856659384,1215.527075505413,608.7144552868368
274,2024-08-18 16:00:00+00:00,-0.008600821,0.3107921,0.73331904,0.39418507,0.40511313,0.30267614,0.29221067,244.01772224408623,541.3691493135681,1213.6087133974604,581.3678478892002
275,2024-08-18 17:00:00+00:00,-0.008566833,0.3103087,0.72755957,0.4430834,0.40550494,0.30150226,0.29299274,252.70256681892934,515.0300254756688,1208.2495533374915,628.3760842276514
276,2024-08-18 18:00:00+00:00,-0.00845737,0.31015053,0.7208352,0.4717845,0.4052093,0.30129126,0.29349947,270.913341498722,484.8414665715664,1225.9855845865693,662.2081022898051
277,2024-08-18 19:00:00+00:00,-0.008272045,0.31056783,0.7132669,0.5096452,0.40472195,0.30128935,0.29398865,312.4935066769858,449.45297612498854,1204.5217904769108,644.8644529035361
278,2024-08-18 20:00:00+00:00,-0.008039317,0.31080362,0.705762,0.55720407,0.40449718,0.30213892,0.2933639,304.6467927309897,398.9620239641824,1128.232092844667,724.3491563884472
279,2024-08-18 21:00:00+00:00,-0.007809043,0.30982536,0.6978957,0.5662326,0.40420318,0.30202374,0.2937731,286.8982357185261,421.36587051499265,1116.8776850399354,770.5652937706344
280,2024-08-18 22:00:00+00:00,-0.007653716,0.30929455,0.6913795,0.5210059,0.4037444,0.30041763,0.29583797,270.2775348798212,488.20421095644497,1040.352364068246,806.8584644782701
281,2024-08-18 23:00:00+00:00,-0.0075795795,0.30854234,0.687086,0.4472914,0.4035821,0.29999685,0.29642105,268.8767084392935,532.8524763132332,1054.4494533288314,890.2557806675118
282,2024-08-19 00:00:00+00:00,-0.007603512,0.30587035,0.68499875,0.43504778,0.4034489,0.30019158,0.29635957,261.28104191908113,566.9414748059397,1095.3019624750852,965.9097230145903
283,2024-08-19 01:00:00+00:00,-0.0077783656,0.30468315,0.6857471,0.42360258,0.4033942,0.30046582,0.29614,224.00594212627152,598.1015089696039,1137.6843112074164,862.1795475858368
284,2024-08-19 02:00:00+00:00,-0.008094661,0.3049153,0.68876237,0.4300604,0.40363207,0.30043662,0.29593128,202.99266901100353,629.5522530643801,1128.4663047968309,822.9010634098291
285,2024-08-19 03:00:00+00:00,-0.00851255,0.30460352,0.6930912,0.4445043,0.40407708,0.3002941,0.2956288,236.71907533950244,648.3167553215745,1186.050613798002,853.5400256705863
286,2024-08-19 04:00:00+00:00,-0.0090149455,0.30469874,0.6989235,0.46444488,0.40446746,0.30038548,0.2951471,307.19098175147457,638.7207487260938,1197.0594943455628,938.6939753164664
287,2024-08-19 05:00:00+00:00,-0.009552267,0.304422,0.7051969,0.46897128,0.4047551,0.30071428,0.29453066,258.2201988503202,618.5634179338941,1136.6313026405587,840.0906424808827
288,2024-08-19 06:00:00+00:00,-0.010133963,0.3044062,0.7118023,0.4830369,0.4050001,0.30115455,0.2938454,196.73324760679984,674.843607742015,1028.784171055262,787.2164728073521
289,2024-08-19 07:00:00+00:00,-0.010683082,0.30431738,0.7188493,0.45680895,0.40540016,0.3012481,0.29335177,179.02978567934738,738.1603574045758,1012.4205713386469,793.7519785589751
290,2024-08-19 08:00:00+00:00,-0.01117871,0.3041157,0.7261691,0.41251138,0.40535784,0.30210516,0.292537,221.69864098450566,769.977144326219,1109.3041591100161,789.3102521644188
291,2024-08-19 09:00:00+00:00,-0.011593348,0.30442083,0.7334968,0.34045887,0.40457943,0.30399734,0.29142332,174.20292296381422,782.3822597249394,1215.2681492723566,751.743248802523
292,2024-08-19 10:00:00+00:00,-0.011927073,0.3029437,0.74002767,0.27469578,0.40351617,0.30622032,0.29026353,179.1663253828328,774.1349765421597,1275.818951894938,748.7906884813352
293,2024-08-19 11:00:00+00:00,-0.012148299,0.30117127,0.74486995,0.26423147,0.40362105,0.306694,0.28968498,203.4937039943695,745.0132621818194,1421.804362242088,714.774450720685
294,2024-08-19 12:00:00+00:00,-0.0122491205,0.29781052,0.7476377,0.25655514,0.40375885,0.30703616,0.28920498,255.52914084271993,701.4406282836213,1537.3399624471222,681.47853211832
295,2024-08-19 13:00:00+00:00,-0.0122306505,0.2949697,0.7479417,0.21301986,0.4028791,0.30783227,0.28928873,206.63055717251018,636.486045933821,1446.7499825885145,707.0090576436359
296,2024-08-19 14:00:00+00:00,-0.012104367,0.29352123,0.74511725,0.17293812,0.40180814,0.30799213,0.29019976,166.43938128697746,545.1656692399682,1365.5648760863671,718.3249205679161
297,2024-08-19 15:00:00+00:00,-0.011891742,0.29302558,0.73931634,0.15900913,0.40122548,0.30797854,0.290796,160.04829670159242,500.57027374705984,1252.9861136486804,700.8895276889707
298,2024-08-19 16:00:00+00:00,-0.011621817,0.2924407,0.73079735,0.17819206,0.4012576,0.30757853,0.29116386,158.15842908218113,486.3747282739007,1225.2571943643052,716.0508487007847
299,2024-08-19 17:00:00+00:00,-0.0112891,0.29254627,0.7205636,0.20580412,0.40134525,0.30702534,0.2916294,96.21000465156801,491.0795883757917,1193.0834747688489,726.6529380242513
300,2024-08-19 18:00:00+00:00,-0.010906106,0.2924645,0.7101646,0.22403169,0.40125364,0.30660993,0.29213643,94.60063604763127,496.07381533371944,1197.3923031179327,727.8525176334397
301,2024-08-19 19:00:00+00:00,-0.010489653,0.2925207,0.7013081,0.20931089,0.40059808,0.30673173,0.2926702,86.9660575269457,482.2558704621981,1144.8977530070006,722.1758590337614
302,2024-08-19 20:00:00+00:00,-0.010024801,0.29293013,0.6917897,0.20423453,0.4000731,0.30669585,0.2932311,109.5923472109265,462.8846651254332,1158.9563120586583,771.9263931776853
303,2024-08-19 21:00:00+00:00,-0.009535219,0.2922255,0.6844087,0.21445096,0.39997265,0.30643275,0.2935946,127.45755173095999,505.3826579924567,1164.1725945825435,775.116408587984
304,2024-08-19 22:00:00+00:00,-0.009103207,0.29107714,0.6796005,0.22337855,0.3999777,0.3062185,0.29380375,102.79521161631988,561.6561952936748,1228.4701981266842,817.3054014450671
305,2024-08-19 23:00:00+00:00,-0.008760158,0.28984585,0.676838,0.23426878,0.40011364,0.30599767,0.29388863,155.63228789441948,601.5051701091012,1176.3044797430655,870.2157357601209
306,2024-08-20 00:00:00+00:00,-0.008528814,0.2875839,0.6763503,0.23498392,0.40019992,0.3059651,0.29383498,174.25680496365385,636.7845498296401,1274.5620459964007,944.8143709574042
307,2024-08-20 01:00:00+00:00,-0.008462405,0.28736985,0.67797387,0.25195488,0.40059888,0.30566043,0.2937407,160.82055265469623,658.191464168805,1314.8536406929181,849.8602636533107
308,2024-08-20 02:00:00+00:00,-0.008536691,0.2861775,0.68111706,0.27584013,0.40119496,0.30469114,0.29411393,151.48888216760645,662.3245312514233,1319.6377283161798,823.2150310914026
309,2024-08-20 03:00:00+00:00,-0.0087476745,0.28675994,0.6849092,0.28377348,0.40153617,0.3044951,0.29396874,141.5190159434289,643.1792927361711,1357.1411504402784,844.0316483672165
310,2024-08-20 04:00:00+00:00,-0.0090411985,0.2864585,0.6887221,0.26122814,0.4012616,0.30537727,0.2933611,133.85050962426234,615.2513075656581,1406.8107514152425,922.1720673387317
311,2024-08-20 05:00:00+00:00,-0.0094009265,0.28632227,0.6923661,0.23259358,0.4009071,0.3062068,0.29288614,81.53987814685388,563.731847950281,1437.7194190972775,832.7038594195645
312,2024-08-20 06:00:00+00:00,-0.009804255,0.286402,0.6958675,0.23188795,0.40104198,0.30626523,0.29269275,127.2435092731444,527.8026119508322,1442.873594074832,815.2946453183807
313,2024-08-20 07:00:00+00:00,-0.010206753,0.28615335,0.69848746,0.19814324,0.40052757,0.30683723,0.29263514,149.29115088426144,574.4206208832699,1381.3016929842663,815.6388406534894
314,2024-08-20 08:00:00+00:00,-0.010555421,0.28608242,0.7008474,0.16860215,0.40007088,0.3073409,0.29258814,218.66394097730907,635.2504920809797,1554.1880827873254,828.0618165408641
315,2024-08-20 09:00:00+00:00,-0.010834156,0.28594148,0.70229053,0.12446672,0.3992959,0.3080688,0.29263523,175.53340509212003,678.3990860224875,1579.4118667879,778.782511549668
316,2024-08-20 10:00:00+00:00,-0.011035486,0.28443605,0.7034371,0.13612801,0.39963093,0.30788633,0.29248276,149.2207936929648,714.4588258872142,1443.3596854144644,760.2414241983174
317,2024-08-20 11:00:00+00:00,-0.011138715,0.28178102,0.7038816,0.1543624,0.40010768,0.3075837,0.2923086,122.42564146286092,719.684517438356,1348.0897055206756,727.7783299795473
318,2024-08-20 12:00:00+00:00,-0.011124464,0.2781557,0.7045873,0.16225973,0.4004368,0.30744457,0.29211855,136.80655765204685,709.165006286928,1484.194246042923,705.5029076553511
319,2024-08-20 13:00:00+00:00,-0.010987587,0.27502406,0.7069452,0.15543644,0.4005337,0.30756304,0.29190326,135.81499800625045,683.6484577444704,1550.587181403753,723.3692652841049
320,2024-08-20 14:00:00+00:00,-0.010749691,0.2733307,0.7114376,0.16923697,0.40105486,0.30738384,0.29156125,111.71580148349865,633.6754138148439,1398.005554607182,725.7116958951509
321,2024-08-20 15:00:00+00:00,-0.010419953,0.27279875,0.7175306,0.1852207,0.40165162,0.3072254,0.29112294,95.38892498849104,546.0623416374557,1383.141453633302,736.6579349790615
322,2024-08-20 16:00:00+00:00,-0.010001325,0.27353635,0.724995,0.19378422,0.4022339,0.30739856,0.29036754,120.9779642007533,472.1353146135834,1282.8746029863307,776.802837676163
323,2024-08-20 17:00:00+00:00,-0.009504965,0.27438647,0.7317833,0.20443855,0.4028193,0.3075352,0.2896455,79.85313670791486,421.0408149457219,1203.7762438663458,769.1339410015299
324,2024-08-20 18:00:00+00:00,-0.008945087,0.27479467,0.73549557,0.21091215,0.40315306,0.30760306,0.28924385,88.7021353161495,413.68736054035315,1240.275637242553,778.1874804304811
325,2024-08-20 19:00:00+00:00,-0.008353105,0.27489167,0.7356939,0.20461607,0.40299603,0.30763826,0.28936577,116.18198032868247,400.64073682681254,1219.308530897381,794.6117556597925
326,2024-08-20 20:00:00+00:00,-0.0076895133,0.27473256,0.7355146,0.21327138,0.4032048,0.30757484,0.28922042,112.64809122821298,383.965023351542,1337.8214527064797,859.7152644621195
327,2024-08-20 21:00:00+00:00,-0.0070496695,0.27301297,0.7366554,0.26847526,0.40467474,0.30661646,0.28870875,90.94660330184847,450.5567634985014,1311.4274499354005,832.6632511652607
328,2024-08-20 22:00:00+00:00,-0.006505439,0.2720174,0.7373633,0.28026322,0.40502882,0.3062814,0.2886898,115.11629264450558,516.9774030108273,1381.0591763523262,875.1343051899412
329,2024-08-20 23:00:00+00:00,-0.0060626552,0.26997167,0.73678684,0.2625477,0.40469012,0.3068415,0.2884683,120.32605238165502,571.5099854694419,1279.0859991103018,901.1204122898652
330,2024-08-21 00:00:00+00:00,-0.0057747886,0.26810288,0.7364133,0.2526002,0.40453166,0.3071633,0.28830507,145.89409179755896,630.0980976687257,1316.8653696544693,989.7521947630654
331,2024-08-21 01:00:00+00:00,-0.005688562,0.26771903,0.7363047,0.18043394,0.40275064,0.30784777,0.28940165,133.5971487448571,673.5328165242888,1328.2408214029035,844.2256580878715
332,2024-08-21 02:00:00+00:00,-0.005781438,0.26753792,0.73702425,0.17481005,0.40264764,0.30792254,0.28942987,150.12116397824107,696.9068745920316,1233.375984809103,836.7104989305026
333,2024-08-21 03:00:00+00:00,-0.0060138972,0.26757026,0.7388843,0.1405337,0.4018384,0.30826467,0.2898969,159.60524450846106,703.0806065981869,1249.5619908457177,870.3022944957261
334,2024-08-21 04:00:00+00:00,-0.006353722,0.26775426,0.7409712,0.15100783,0.4022125,0.30825904,0.28952843,209.8623195730514,699.7858642599573,1235.576550816669,992.2615944147896
335,2024-08-21 05:00:00+00:00,-0.0067597246,0.26781806,0.7432442,0.16228734,0.40262163,0.3082574,0.28912097,185.82344339263122,672.6885214656462,1173.2500984514018,898.6054641135905
336,2024-08-21 06:00:00+00:00,-0.007207322,0.26794288,0.74555707,0.14883073,0.4023809,0.30845082,0.28916827,161.6507424708276,654.7174893214856,1227.7629217536169,885.2800041793661
337,2024-08-21 07:00:00+00:00,-0.007634333,0.26754022,0.7478215,0.110630356,0.40144324,0.3085983,0.28995845,175.37446482691212,717.9393124346434,1109.7603846715635,899.6132243078906
338,2024-08-21 08:00:00+00:00,-0.00799374,0.26646978,0.74959195,0.11254788,0.40162486,0.30865994,0.2897152,224.62092950481374,760.7907064534737,1263.7859359404176,922.1747874790182
339,2024-08-21 09:00:00+00:00,-0.00823112,0.26708248,0.7511567,0.11678922,0.40180022,0.30871713,0.28948262,194.14460493234415,784.8545501811309,1377.3793538565085,869.9880622620209
340,2024-08-21 10:00:00+00:00,-0.00838534,0.26710203,0.7523645,0.09504771,0.4012627,0.30877942,0.28995788,187.03832719326405,791.4719617374175,1456.0108536806067,849.4970062251358
341,2024-08-21 11:00:00+00:00,-0.008467978,0.26667053,0.7530246,0.06519691,0.40059727,0.30901143,0.29039124,195.3321440670004,798.621391414484,1394.1482307092713,825.9358353805164
342,2024-08-21 12:00:00+00:00,-0.008443929,0.26738128,0.7530378,0.07700575,0.4008519,0.30892467,0.2902234,187.94730853424775,774.1266948986677,1655.888041193116,815.7536339725933
343,2024-08-21 13:00:00+00:00,-0.008330302,0.26717043,0.75239336,0.10131067,0.40140876,0.30873242,0.28985882,181.84208610323483,740.0620477492117,1628.6959082248638,825.6864472974003
344,2024-08-21 14:00:00+00:00,-0.008091531,0.26792902,0.7510504,0.14437252,0.4025419,0.30869582,0.2887623,200.49835653167284,659.8765884871988,1758.8418483436324,824.262817525317
345,2024-08-21 15:00:00+00:00,-0.0077486057,0.26797318,0.7493163,0.16796108,0.40306857,0.30844468,0.28848687,208.04661165861174,586.0764696767715,1697.2176428071298,826.9492615711355
346,2024-08-21 16:00:00+00:00,-0.007282687,0.26881543,0.7468552,0.15338741,0.40252492,0.3084497,0.2890255,175.77289002965713,560.0066968200418,1628.5388684862362,850.4444789386613
347,2024-08-21 17:00:00+00:00,-0.006733484,0.26843956,0.745853,0.13734256,0.40206668,0.30853945,0.28939393,187.95476233204852,554.3134401465987,1419.5521411860639,850.3353801622794
348,2024-08-21 18:00:00+00:00,-0.006072833,0.26906508,0.7458569,0.15268597,0.4024341,0.30840173,0.28916413,174.8077913726921,558.7235455575975,1465.459435364367,856.6924707613606
349,2024-08-21 19:00:00+00:00,-0.00536396,0.26909935,0.7468367,0.16683388,0.4028435,0.3083191,0.28883734,121.93962806154813,542.3711149199613,1325.3213757060287,896.046924152366
350,2024-08-21 20:00:00+00:00,-0.0046084286,0.26863042,0.74946666,0.18015069,0.4033321,0.30831218,0.28835565,106.2908687845814,513.4240434709521,1357.6038577614054,966.2984111056036
351,2024-08-21 21:00:00+00:00,-0.0038999117,0.2676856,0.75129366,0.19476153,0.40383545,0.30827513,0.28788948,135.03982925783248,573.8494392217337,1377.0673902652106,907.9383445698522
352,2024-08-21 22:00:00+00:00,-0.0033050645,0.26812214,0.75197554,0.18578982,0.4036094,0.30835533,0.28803527,107.47216223177368,627.5755990683949,1400.4640785936417,924.2373709947733
353,2024-08-21 23:00:00+00:00,-0.0028215395,0.2674895,0.7518497,0.18608136,0.40363488,0.30835328,0.28801182,144.7724969122053,662.5316708570193,1478.3457066287738,984.4793160074955
354,2024-08-22 00:00:00+00:00,-0.002497142,0.26744986,0.7511031,0.17815514,0.4033915,0.3083838,0.2882247,169.93339770092703,711.2117871113754,1460.4410201760086,1071.6558602390016
355,2024-08-22 01:00:00+00:00,-0.0023561094,0.2676701,0.75101227,0.18145542,0.40346155,0.3083501,0.28818828,189.57456876233437,749.6767418823944,1387.8914948577356,942.5180428538533
356,2024-08-22 02:00:00+00:00,-0.002413466,0.26918763,0.7514601,0.18807507,0.4035866,0.30829263,0.28812078,171.54032691513305,765.9670854208911,1443.2435720565688,903.7537075468896
357,2024-08-22 03:00:00+00:00,-0.002620905,0.26955476,0.75240463,0.18726803,0.40359628,0.30832997,0.28807378,163.93832428838425,759.5589893699913,1450.9056651275234,958.9710661035983
358,2024-08-22 04:00:00+00:00,-0.0029581904,0.26997292,0.7539606,0.19308925,0.40380582,0.30833992,0.28785428,221.93559989729758,746.4903796482503,1565.631763957829,1092.9909514958736
359,2024-08-22 05:00:00+00:00,-0.003353378,0.269914,0.75642407,0.1939374,0.40395147,0.30842903,0.28761947,171.34195530407524,720.9873693038795,1570.9878448567013,965.4708862621751
360,2024-08-22 06:00:00+00:00,-0.0038005137,0.27036262,0.7591174,0.21564795,0.4046211,0.30836305,0.28701577,192.23176276934535,692.585445727818,1539.841149298656,938.6063794170085
361,2024-08-22 07:00:00+00:00,-0.0042252275,0.27009776,0.76228577,0.23884054,0.4053758,0.3083181,0.28630605,217.08098582912308,766.0761371952882,1515.3483661884957,960.370853189503
362,2024-08-22 08:00:00+00:00,-0.004580446,0.26954716,0.76487505,0.24575298,0.40568942,0.308207,0.2861036,272.2862476815242,828.1340403349927,1649.7493380965564,964.1468622596823
363,2024-08-22 09:00:00+00:00,-0.004823236,0.26943842,0.76635665,0.2121249,0.40491965,0.30867895,0.2864014,213.65111477636822,857.6221933877865,1695.2126993256104,912.5189628251275
364,2024-08-22 10:00:00+00:00,-0.0049626627,0.2689532,0.76686597,0.20823507,0.40486717,0.3087352,0.28639767,174.51747392143008,858.0838670967645,1674.1301932826216,885.1354759309228
365,2024-08-22 11:00:00+00:00,-0.0049953517,0.2690723,0.7668077,0.2211123,0.40518758,0.30863693,0.28617552,183.5588216462992,835.6292969400765,1565.1813457968767,881.0833851688038
366,2024-08-22 12:00:00+00:00,-0.0049497327,0.26867226,0.7657417,0.21290968,0.40494707,0.30866414,0.28638884,257.75582070157765,829.5443317670047,1365.4232685996765,902.074078543879
367,2024-08-22 13:00:00+00:00,-0.004784774,0.2695918,0.76414394,0.2144119,0.40486827,0.30857876,0.286553,201.56686360467745,796.7163681776987,1578.7696566298837,859.562213651819
368,2024-08-22 14:00:00+00:00,-0.004486427,0.27104226,0.76217735,0.20141463,0.4043753,0.3085776,0.2870471,196.93701302754178,713.7689704545797,1677.018502421762,853.3476443230711
369,2024-08-22 15:00:00+00:00,-0.0040703216,0.2717238,0.7600599,0.20255959,0.40427035,0.30847666,0.28725296,188.43734033970824,605.1166737595822,1623.0485998419517,900.6088288462411
370,2024-08-22 16:00:00+00:00,-0.0035316546,0.2731497,0.7583,0.21012415,0.4043118,0.3083276,0.28736058,176.54286300076478,573.1254118856776,1660.2535949795522,938.8959039421325
371,2024-08-22 17:00:00+00:00,-0.0029071171,0.2743201,0.75580615,0.21798702,0.40433666,0.3081521,0.28751117,156.03004969203258,573.3225783074264,1653.2036249543241,876.2995433433507
372,2024-08-22 18:00:00+00:00,-0.0022201736,0.27481073,0.7532847,0.25150946,0.40500534,0.30762935,0.28736538,163.3031779710244,582.975902495561,1655.8116615239924,848.8528634092385
373,2024-08-22 19:00:00+00:00,-0.0014837221,0.27517128,0.74884,0.25395378,0.40481278,0.30743647,0.28775078,158.24254198851807,585.1090110952955,1573.0888869498285,936.9771707309386
374,2024-08-22 20:00:00+00:00,-0.00075059204,0.27494618,0.7445316,0.29116434,0.40545273,0.30617017,0.28837702,137.51031969733688,601.3947930513406,1507.3520919270486,985.0556248022008
375,2024-08-22 21:00:00+00:00,-8.427617e-05,0.27487984,0.74080044,0.3018242,0.40550402,0.30574143,0.28875455,132.5167969725364,693.3984526008544,1418.166705638382,885.1729290774205
376,2024-08-22 22:00:00+00:00,0.0004640154,0.2764886,0.73822165,0.26099515,0.40434968,0.3069311,0.2887192,186.3765515960681,714.3332470731257,1660.1669567787267,858.4080952518589
377,2024-08-22 23:00:00+00:00,0.00093752705,0.2764087,0.73638624,0.23859401,0.40371865,0.30733228,0.28894916,128.63906949977164,700.1127302022845,1622.9970601740722,934.9725502884835
378,2024-08-23 00:00:00+00:00,0.0012745569,0.27639553,0.7349989,0.22054131,0.4031937,0.30738953,0.28941682,97.64250067092571,665.6581071870978,1637.4547060411585,977.6731306056032
379,2024-08-23 01:00:00+00:00,0.0014184968,0.27804667,0.734473,0.19722098,0.4024978,0.3074942,0.29000807,107.77941765815872,627.0254134855458,1647.4302235237446,854.0009658365834
380,2024-08-23 02:00:00+00:00,0.0013972021,0.2793025,0.7346554,0.1756677,0.4019034,0.30761886,0.29047772,104.84244121677959,586.4210581555998,1582.4061608219333,810.2223349855595
381,2024-08-23 03:00:00+00:00,0.0012360936,0.28075632,0.7352917,0.16549748,0.40161577,0.30769712,0.2906871,100.29419577765675,554.7679236141026,1690.916273724831,988.2620970811489
382,2024-08-23 04:00:00+00:00,0.0009811311,0.28126228,0.73620147,0.16799021,0.4016993,0.30770072,0.2905999,153.96022123192867,543.9862111937252,1794.3812201402577,1096.7747618997155
383,2024-08-23 05:00:00+00:00,0.0006680222,0.28149486,0.7364405,0.16373667,0.4016024,0.3077446,0.29065302,138.74224045608617,540.4897537967576,1811.862270800292,941.3275859448587
384,2024-08-23 06:00:00+00:00,0.0003318116,0.28153118,0.73707724,0.17556779,0.40192926,0.30768713,0.29038352,107.8776848006017,529.464801225894,1748.922293960064,845.4376926255336
385,2024-08-23 07:00:00+00:00,-6.7501483e-06,0.2811869,0.73689926,0.17763549,0.401992,0.30767635,0.29033163,127.1562257244467,562.71470359065,1687.6712188576248,991.5783855806159
386,2024-08-23 08:00:00+00:00,-0.000278104,0.28058916,0.7366638,0.1821483,0.40212506,0.30765057,0.29022437,151.09227112197576,626.6748124703414,1704.4293123397867,977.7751241822378
387,2024-08-23 09:00:00+00:00,-0.00043978874,0.28084987,0.7369719,0.17618982,0.40198052,0.30769587,0.29032364,150.05068828617752,637.5599740351732,1735.2256006662335,791.3355872711354
388,2024-08-23 10:00:00+00:00,-0.00050727004,0.28074166,0.73835593,0.19316435,0.40248588,0.3076386,0.28987557,156.87909971841145,621.046344182421,1703.2562985444772,746.5314984516554
389,2024-08-23 11:00:00+00:00,-0.0004707357,0.2808681,0.740524,0.2048577,0.40288624,0.30763528,0.28947848,180.19797081736817,612.5891116313304,1754.9829769651226,819.7270915428165
390,2024-08-23 12:00:00+00:00,-0.00033617968,0.28100953,0.74295986,0.26100236,0.40437332,0.30701524,0.28861147,193.31612926133596,614.4080126601244,1674.266888829552,861.9462314264429
391,2024-08-23 13:00:00+00:00,-9.9828074e-05,0.28147045,0.7453193,0.24751937,0.40415815,0.3075004,0.2883415,229.64186948975802,607.8411442366995,1791.0719011123485,771.1497031383329
392,2024-08-23 14:00:00+00:00,0.00023515837,0.28213024,0.7480405,0.17570795,0.402482,0.30803013,0.28948784,218.97707029085402,583.8231103163243,1722.9532008483595,740.7254055142063
393,2024-08-23 15:00:00+00:00,0.00065923395,0.28268725,0.75129527,0.1230177,0.4012616,0.30851305,0.29022533,200.6571807856263,558.3690580159893,1605.6990070613501,816.7617019037583
394,2024-08-23 16:00:00+00:00,0.0011675885,0.28318068,0.7560317,0.06439943,0.40003708,0.30900878,0.2909542,213.30318294944004,558.9844097263004,1547.2021717870186,843.2007341695086
395,2024-08-23 17:00:00+00:00,0.0017238145,0.28288564,0.7617424,0.08052506,0.4006318,0.3089532,0.290415,211.70717824456332,575.6692329563031,1451.5213382504178,801.7238855774885
396,2024-08-23 18:00:00+00:00,0.002339014,0.2825077,0.76903754,0.12003291,0.40194145,0.3089426,0.28911594,220.52189275537327,581.5226137076547,1361.4556565693706,814.3727893836032
397,2024-08-23 19:00:00+00:00,0.0030073926,0.28233185,0.7775633,0.17406599,0.40381107,0.30908278,0.2871061,252.0176401883488,580.4414883941953,1312.686285670372,936.2920026508967
398,2024-08-23 20:00:00+00:00,0.0037127093,0.28227264,0.7867769,0.19835854,0.4048465,0.3092247,0.2859288,250.4051120286778,579.4398872523449,1225.881366946387,1007.3403206910125
399,2024-08-23 21:00:00+00:00,0.0043938938,0.28134763,0.79591525,0.1812697,0.40486246,0.30967778,0.28545973,234.4288373455183,602.6081151313662,1270.6561370829181,912.8691567885393
400,2024-08-23 22:00:00+00:00,0.0049779215,0.28031787,0.8032639,0.12545733,0.40372688,0.31002316,0.2862499,207.45784059967107,621.1188212760875,1357.9856266358072,900.8758425076682
401,2024-08-23 23:00:00+00:00,0.005460511,0.2792559,0.8096487,0.13875845,0.4044209,0.31025502,0.28532404,217.1045507853535,657.1477895787183,1355.7042563164175,986.2706544218441
402,2024-08-24 00:00:00+00:00,0.005831744,0.27682158,0.8140295,0.15249582,0.40509263,0.31044322,0.28446418,172.62655323848344,696.8545851163599,1316.1290897042734,1014.9853714265049
403,2024-08-24 01:00:00+00:00,0.0060111615,0.2759013,0.8160043,0.12963858,0.4045776,0.3104594,0.28496298,141.95839896114288,714.9801596535802,1326.1375010744498,905.6815877891071
404,2024-08-24 02:00:00+00:00,0.0060046995,0.27526277,0.8161756,0.13285698,0.4047018,0.3104795,0.2848187,154.5121435978621,714.9375785772696,1182.3396121571993,824.3284314661804
405,2024-08-24 03:00:00+00:00,0.0058344584,0.27540955,0.81508285,0.13495687,0.40470904,0.310452,0.28483897,168.03216625631887,692.4140150502926,1170.4327183278458,930.3558383261776
406,2024-08-24 04:00:00+00:00,0.0055509824,0.2754247,0.81319255,0.1431805,0.40485957,0.31041735,0.28472307,150.35297594134929,668.8919726941017,1267.1651191034925,1002.4495474250474
407,2024-08-24 05:00:00+00:00,0.005179474,0.2754724,0.8104844,0.15216975,0.40499577,0.3103604,0.28464377,143.12951548283368,628.8226026511903,1261.7709713768418,906.9009456077596
408,2024-08-24 06:00:00+00:00,0.004743857,0.27563205,0.80727345,0.1576957,0.4050096,0.3102796,0.28471082,129.61454381167502,589.0643921868119,1274.8050657420993,893.6267016384803
409,2024-08-24 07:00:00+00:00,0.004281749,0.2756711,0.80370665,0.15031616,0.4046517,0.31015956,0.2851887,127.64395851545426,554.7673319069136,1309.7953948078068,939.7444109561748
410,2024-08-24 08:00:00+00:00,0.0038197704,0.2756487,0.7993943,0.15686686,0.4046531,0.31004852,0.28529835,169.4775266790683,562.3155160661664,1263.2373807223178,924.0088751279081
411,2024-08-24 09:00:00+00:00,0.003386675,0.27550212,0.7939904,0.15005147,0.40423378,0.30987287,0.28589332,166.30993307432732,589.3861230295322,1191.9195920716872,872.9441017590776
412,2024-08-24 10:00:00+00:00,0.0030071,0.2739306,0.7885528,0.16013432,0.40433544,0.3097035,0.28596112,181.6479887849545,624.1479693398037,1085.7258925879928,847.5470609410128
413,2024-08-24 11:00:00+00:00,0.0027835201,0.27359924,0.7851312,0.1667398,0.40436426,0.30954188,0.28609386,172.84859506233508,641.3419211223389,1208.682270106197,850.6419231567448
414,2024-08-24 12:00:00+00:00,0.0027199672,0.27356476,0.7838768,0.16173695,0.40418133,0.30953622,0.28628248,172.06113771803157,651.3550900493437,1279.9694054631439,840.2086845798275
415,2024-08-24 13:00:00+00:00,0.0028085501,0.27403587,0.78462857,0.16041084,0.40416026,0.30956438,0.28627542,148.02711037654316,640.3361837062507,1377.3903746269646,835.3961631125343
416,2024-08-24 14:00:00+00:00,0.0030396017,0.27524006,0.78697336,0.16538636,0.40433878,0.3095888,0.28607243,198.38372535483543,609.0250418793104,1499.421585126366,839.4181082754304
417,2024-08-24 15:00:00+00:00,0.0033787014,0.27606553,0.7905379,0.17765963,0.40477234,0.30960706,0.2856206,236.16388298308667,575.5026183225394,1526.453957170109,791.0527840962168
418,2024-08-24 16:00:00+00:00,0.0037895981,0.27602705,0.79505527,0.18874721,0.4052526,0.30968058,0.28506684,249.93759447265032,569.1894372697077,1421.750599274111,780.9360691329539
419,2024-08-24 17:00:00+00:00,0.004291455,0.2765597,0.7996279,0.2043211,0.4058169,0.30971465,0.28446844,410.9053614595532,607.0311604609512,1561.9082505281006,776.3025166848109
420,2024-08-24 18:00:00+00:00,0.004850726,0.27646294,0.80360544,0.24496442,0.40698847,0.30946139,0.2835501,410.42072970415364,627.5762083681349,1467.8615846525074,755.7753224948092
421,2024-08-24 19:00:00+00:00,0.0054493546,0.27639782,0.8073893,0.308176,0.4084651,0.30746472,0.28407022,335.37851798933815,666.5378470531952,1421.7118090937536,735.3538524980135
422,2024-08-24 20:00:00+00:00,0.006037955,0.276518,0.811819,0.35553315,0.409288,0.3055571,0.28515494,212.63159100764653,697.9019860078643,1278.3062516515904,745.4601838067061
423,2024-08-24 21:00:00+00:00,0.006562036,0.27571088,0.8155552,0.36039963,0.40945202,0.30539003,0.28515798,207.94243521155315,664.9534993716306,1217.7430965356514,720.071882171228
424,2024-08-24 22:00:00+00:00,0.006959197,0.27487487,0.8185505,0.33164176,0.4090888,0.30657426,0.28433695,135.46449218998114,603.8919604365358,1234.1701845150922,741.5211765005284
425,2024-08-24 23:00:00+00:00,0.0072293538,0.27393243,0.82046264,0.25325355,0.40789837,0.30970287,0.28239876,222.92964088939868,584.1749952226078,1315.378215239493,774.8867296054814
426,2024-08-25 00:00:00+00:00,0.007366753,0.272517,0.8215684,0.18732964,0.40648943,0.3106173,0.2828932,279.7075196109194,604.5961196087643,1436.2847919893436,770.328415318867
427,2024-08-25 01:00:00+00:00,0.00732658,0.27233425,0.8210676,0.18613517,0.40644693,0.31061196,0.28294104,264.7668975138493,628.9169219256562,1459.945787614214,747.6733575655834
428,2024-08-25 02:00:00+00:00,0.00712128,0.272463,0.8191451,0.18812735,0.40641078,0.31053314,0.2830561,202.1669206832696,644.019061198303,1344.5856261676765,762.589183028707
429,2024-08-25 03:00:00+00:00,0.0067647314,0.27318043,0.81607467,0.18738215,0.4062335,0.3104272,0.28333932,172.5368821150959,639.7930270776977,1453.1215282895137,820.5350577185372
430,2024-08-25 04:00:00+00:00,0.0062975567,0.2734065,0.81272334,0.18657088,0.40606382,0.3103202,0.2836159,155.4667456428036,616.9442431093748,1466.6806447823928,830.5049458504194
431,2024-08-25 05:00:00+00:00,0.0057449066,0.27370298,0.80954605,0.18510802,0.40588233,0.31022325,0.28389442,133.32474993724725,578.6792929364484,1410.3004914452242,782.8808105737475
432,2024-08-25 06:00:00+00:00,0.0051397025,0.27379292,0.806516,0.18513899,0.40575305,0.31012386,0.28412306,204.80370202040953,518.4234832676451,1330.4863351163765,772.7050715404048
433,2024-08-25 07:00:00+00:00,0.004501502,0.27383178,0.805503,0.18604195,0.4057359,0.3100885,0.28417563,241.17145797358532,496.1085435600678,1359.5978673066436,773.47238172958
434,2024-08-25 08:00:00+00:00,0.0038595381,0.27382764,0.8060646,0.19505982,0.40599182,0.31004986,0.28395832,298.97148882410875,559.5924275668973,1441.7608556778666,741.0727205396652
435,2024-08-25 09:00:00+00:00,0.0032320835,0.2737388,0.809714,0.22443299,0.40688553,0.30997598,0.28313845,262.4051623644708,669.4266511073022,1547.7784655450723,708.4986204456212
436,2024-08-25 10:00:00+00:00,0.0026513566,0.27310047,0.8139851,0.2878281,0.4083519,0.3082489,0.28339913,206.90400914323573,764.7786409005457,1406.1781829044755,668.7470654091727
437,2024-08-25 11:00:00+00:00,0.0021881582,0.2732169,0.8176379,0.25692058,0.40792185,0.30944213,0.28263596,202.62234415727517,829.8833898781226,1395.6632058512876,630.1161508787944
438,2024-08-25 12:00:00+00:00,0.0018501661,0.27372953,0.82055956,0.20397152,0.40685773,0.31050405,0.28263825,204.6492411505667,845.2430630496083,1330.5453130475028,632.9279588440339
439,2024-08-25 13:00:00+00:00,0.0016155897,0.27381742,0.8229202,0.1623389,0.40591824,0.31083915,0.2832426,179.3823506207026,840.453718938139,1284.190199360353,664.0415063187262
440,2024-08-25 14:00:00+00:00,0.0014934835,0.2742769,0.8254218,0.14574248,0.40554798,0.31087276,0.2835793,218.5336812169717,804.5367322002875,1276.1170755261126,657.5252648085365
441,2024-08-25 15:00:00+00:00,0.0014849032,0.274976,0.828446,0.17727363,0.4064851,0.3109412,0.28257373,243.26953894167363,700.1775653242436,1387.6287439377509,649.0489045740393
442,2024-08-25 16:00:00+00:00,0.001582546,0.275493,0.8313262,0.19360769,0.4069829,0.3109143,0.2821028,198.52980035362108,549.0050673908189,1397.6234939951785,645.0644758244365
443,2024-08-25 17:00:00+00:00,0.0017747768,0.2757224,0.83448005,0.23656785,0.4078366,0.31032813,0.2818353,167.8998342594664,427.07315767920335,1347.9589493184715,657.0779689602205
444,2024-08-25 18:00:00+00:00,0.0020481697,0.27535287,0.83728033,0.2697462,0.40843135,0.30907726,0.28249142,186.55961609465422,343.261786733163,1301.2121232148606,611.7700552443677
445,2024-08-25 19:00:00+00:00,0.0024047527,0.27541775,0.83906597,0.25913993,0.4082902,0.30952242,0.2821874,196.1493415520213,312.2836799918212,1319.4227474451504,593.3818980117808
446,2024-08-25 20:00:00+00:00,0.0028073555,0.27551678,0.83839774,0.1846429,0.4070118,0.31116417,0.28182396,260.97223808267887,290.5728345545002,1481.9273202699205,570.0124669840557
447,2024-08-25 21:00:00+00:00,0.003173685,0.27509153,0.83697605,0.15298913,0.40617442,0.31119695,0.28262872,288.32702143572936,343.69135765504626,1465.0897546635454,541.9142572215513
448,2024-08-25 22:00:00+00:00,0.0034392981,0.27505895,0.8359792,0.14181261,0.40582582,0.311138,0.2830362,313.4695988857438,403.3022170430648,1565.0613807989378,542.8546463774866
449,2024-08-25 23:00:00+00:00,0.0036175486,0.2742636,0.8356499,0.15734635,0.40626806,0.31117016,0.28256187,271.1636554645085,460.12077203235475,1517.876728950293,536.6564412743518
450,2024-08-26 00:00:00+00:00,0.00366145,0.27368906,0.8360805,0.17723739,0.40683788,0.31119174,0.2819704,292.7268295616246,495.23998326209266,1641.708419119399,496.26126236906094
451,2024-08-26 01:00:00+00:00,0.003530223,0.2741408,0.8367642,0.17096554,0.40669057,0.3112373,0.28207216,343.65990894571286,496.474727459276,1681.209567961943,531.2928565218932
452,2024-08-26 02:00:00+00:00,0.0032279482,0.27513254,0.8378663,0.17139892,0.40670943,0.3112643,0.28202632,321.5533512761387,490.3188526888125,1600.4450777069421,542.7631587402467
453,2024-08-26 03:00:00+00:00,0.0027894797,0.27607784,0.83883584,0.15876102,0.4063714,0.31125987,0.28236866,341.04848212554015,476.9272140928447,1660.79287875742,584.5233399765772
454,2024-08-26 04:00:00+00:00,0.0022726827,0.27631146,0.8399902,0.15387644,0.40628207,0.31128827,0.28242975,320.2646038564829,489.82605360830695,1590.042893201931,628.0307739231447
455,2024-08-26 05:00:00+00:00,0.0017012575,0.27641034,0.8413892,0.14985321,0.40623233,0.31132814,0.2824396,345.1203057548128,495.0321915371521,1482.8466976798402,601.6823150794763
456,2024-08-26 06:00:00+00:00,0.0010943742,0.27628058,0.84305805,0.15112998,0.40634754,0.31139117,0.28226128,292.8874564545507,514.8720985413861,1379.7145895789915,636.5389774048223
457,2024-08-26 07:00:00+00:00,0.0005278659,0.27607363,0.84430635,0.15375358,0.4064846,0.31144518,0.28207028,282.66582263858623,583.8443001454247,1384.6745985609311,660.2319469928447
458,2024-08-26 08:00:00+00:00,2.5676016e-05,0.27503532,0.8463885,0.15383472,0.4065848,0.31149715,0.28191802,316.7082332021698,608.2190093572754,1500.9722193730213,676.4372956739204
459,2024-08-26 09:00:00+00:00,-0.00033977992,0.2757931,0.84798425,0.1630177,0.40678972,0.31149575,0.28171453,424.8314114270784,610.7745243291824,1578.9896504816631,752.8122610140896
460,2024-08-26 10:00:00+00:00,-0.0006014608,0.27595666,0.84874195,0.21296728,0.4076928,0.31089455,0.28141263,489.522823357542,610.8991927785581,1733.2757980145461,757.3710538844724
461,2024-08-26 11:00:00+00:00,-0.00076088053,0.2754854,0.84835374,0.24260367,0.4081901,0.3101442,0.28166568,451.47037712407456,615.7223554819196,1668.5453327457205,748.6828304776864
462,2024-08-26 12:00:00+00:00,-0.00080176,0.2758714,0.84712565,0.26243457,0.4084788,0.30934554,0.28217566,593.3273551295143,624.9261001094849,1843.209717345292,815.5975061255795
463,2024-08-26 13:00:00+00:00,-0.00075030397,0.27556956,0.8453747,0.30817375,0.40918052,0.30748507,0.28333443,725.0167597006557,625.4331091911631,1847.3253273065711,972.847342031473
464,2024-08-26 14:00:00+00:00,-0.00063273276,0.2749056,0.84433246,0.3487804,0.4097238,0.30594352,0.28433272,653.9740850852845,675.8280655738004,1519.1787377011185,943.3738940275922
465,2024-08-26 15:00:00+00:00,-0.00040467517,0.27548787,0.84296274,0.35856095,0.4097582,0.30563733,0.28460437,702.7008737793936,732.3899127174944,1572.8535570408521,898.7472435425699
466,2024-08-26 16:00:00+00:00,-0.00013584335,0.27502137,0.8421623,0.35209465,0.40971947,0.30582666,0.2844539,640.5709481308963,800.7541237327929,1369.6049623556992,915.0582185624371
467,2024-08-26 17:00:00+00:00,0.00020714817,0.27496555,0.8415176,0.34526086,0.4096688,0.30603293,0.28429818,731.389685786215,855.6601993639521,1412.396873437615,1017.2032995888289
468,2024-08-26 18:00:00+00:00,0.0005662112,0.2750061,0.84143484,0.3552115,0.40973902,0.30573127,0.28452975,666.0639289620634,891.7335269182626,1264.1923589159112,978.2011386869959
469,2024-08-26 19:00:00+00:00,0.0009452692,0.27461797,0.8418067,0.34212407,0.40966225,0.30614462,0.2841931,649.6311587878796,966.9164473063906,1317.8398712974752,852.1971215417507
470,2024-08-26 20:00:00+00:00,0.0013613795,0.2745985,0.84189844,0.31124213,0.40919444,0.30738685,0.28341872,638.1565530996686,1042.513636549341,1301.6972787635648,862.5974849190134
471,2024-08-26 21:00:00+00:00,0.0017580491,0.27414507,0.84223026,0.32579392,0.40943655,0.30681136,0.28375214,616.9894892911622,1086.0072177562913,1294.6831769619755,962.8138483973507
472,2024-08-26 22:00:00+00:00,0.0020485404,0.27365,0.84250396,0.36036396,0.40985432,0.30557266,0.284573,617.822748443116,1082.0336200431445,1280.6799303505038,911.8695559861003
473,2024-08-26 23:00:00+00:00,0.0022401768,0.27225122,0.8425937,0.3488671,0.40980574,0.30593798,0.28425628,642.7825606670685,1053.352308305013,1519.8633773739602,777.5054350945908
474,2024-08-27 00:00:00+00:00,0.0022976326,0.2693203,0.84251404,0.35793045,0.40999407,0.3055718,0.28443408,767.7472170816474,1001.4225685639789,1499.0266200132319,1110.744357413656
475,2024-08-27 01:00:00+00:00,0.0021491619,0.2694239,0.84200406,0.37526706,0.409935,0.30534366,0.28472134,743.2115809077026,903.6841506506862,1483.6057059111063,1194.2812769993122
476,2024-08-27 02:00:00+00:00,0.0018362693,0.2692041,0.841142,0.39139318,0.4098557,0.30516866,0.2849757,661.3516454012235,761.1966407543774,1334.2851527626826,1040.6788864579305
477,2024-08-27 03:00:00+00:00,0.0013647614,0.26995423,0.84021956,0.396348,0.40981144,0.30508104,0.28510755,583.552215339872,588.3823964751924,1478.6207433895834,774.2405301208167
478,2024-08-27 04:00:00+00:00,0.00079836923,0.2702152,0.83854353,0.38383484,0.40982145,0.3051964,0.28498217,602.4252749212059,451.04085971010045,1511.006014536825,823.7547916605905
479,2024-08-27 05:00:00+00:00,0.00017732286,0.2702113,0.8369411,0.37146315,0.4098344,0.305316,0.28484958,599.7382173932675,363.7327087927367,1464.2674578615017,918.2718576482536
480,2024-08-27 06:00:00+00:00,-0.00050255633,0.27057126,0.83394516,0.37227607,0.40978953,0.30524084,0.28496966,541.9033251441057,252.539535389439,1317.298053793972,908.7854348524606
481,2024-08-27 07:00:00+00:00,-0.0011609166,0.2703357,0.83113676,0.36428615,0.40977183,0.3053058,0.2849223,621.8179533935257,204.07825254238006,1499.5001898382454,878.7068838281002
482,2024-08-27 08:00:00+00:00,-0.0017387173,0.2701026,0.8286853,0.36425805,0.4097382,0.3052744,0.28498733,713.4208057753045,174.95650047423263,1683.0994811228254,1117.541416928779
483,2024-08-27 09:00:00+00:00,-0.0022004384,0.270643,0.8271775,0.38423482,0.40967205,0.30494732,0.28538066,781.5611598802193,174.9084761963219,1729.4533941349807,1291.1409723606519
484,2024-08-27 10:00:00+00:00,-0.0025796522,0.27054662,0.8253324,0.43514672,0.4094873,0.30463383,0.28587884,702.7822289040245,196.20861975147648,1493.79014110827,1304.5652161272164
485,2024-08-27 11:00:00+00:00,-0.0028970279,0.2697126,0.82326674,0.46949235,0.40949717,0.30523238,0.28527045,628.4497159569388,208.30183323240757,1413.9017800640752,1222.7107084205575
486,2024-08-27 12:00:00+00:00,-0.0031234014,0.26894587,0.8213566,0.52735525,0.40907153,0.30765608,0.28327245,607.7115114018462,225.13509682943933,1290.1314100916682,1305.2590992581765
487,2024-08-27 13:00:00+00:00,-0.0032648405,0.26837325,0.8193069,0.56652594,0.4086917,0.30932,0.28198832,552.0976886475156,232.36720791030504,1143.1553986603851,1393.769750812029
488,2024-08-27 14:00:00+00:00,-0.0033498935,0.2673938,0.81711125,0.5119872,0.40915495,0.30689555,0.28394943,442.3508812970027,240.9584813587994,947.4271846680616,1331.2758736594378
489,2024-08-27 15:00:00+00:00,-0.003346136,0.26657078,0.81465733,0.5657076,0.40867704,0.30919144,0.28213152,383.7805593489439,247.54031533366322,898.0926358808209,1219.760991852221
490,2024-08-27 16:00:00+00:00,-0.003281515,0.2657468,0.8110608,0.54425883,0.40885532,0.30815038,0.28299433,354.8314755776725,258.39597339418236,844.3643584221412,1405.634749674553
491,2024-08-27 17:00:00+00:00,-0.0031542298,0.26523864,0.80695,0.5664232,0.40859562,0.30900618,0.28239813,345.54868503033146,277.7961278375557,845.8217773766825,1384.287387978636
492,2024-08-27 18:00:00+00:00,-0.0029783226,0.26515305,0.8017309,0.50009364,0.409066,0.3059011,0.28503296,292.0133296079587,291.03181278595616,874.5549329678547,1300.2829027395821
493,2024-08-27 19:00:00+00:00,-0.0027505409,0.26482636,0.79715145,0.4547286,0.4091923,0.30425358,0.28655413,296.4622395389036,282.38452505407975,982.276948456342,1077.6782672972815
494,2024-08-27 20:00:00+00:00,-0.002473198,0.264745,0.79221714,0.44339773,0.40912405,0.30384794,0.287028,314.16875101885756,270.2405216134803,977.3461747089126,1177.3857810484196
495,2024-08-27 21:00:00+00:00,-0.0022157063,0.2637533,0.7874812,0.4589305,0.40904802,0.30409703,0.28685498,299.3098764266876,265.6547010085831,968.6464370108305,1210.0815134495085
496,2024-08-27 22:00:00+00:00,-0.0020405294,0.26310766,0.7837962,0.47650757,0.40897307,0.30442268,0.2866042,252.43523506426803,252.02144990501168,885.5283084285794,1153.2721398465064
497,2024-08-27 23:00:00+00:00,-0.0019026803,0.26114756,0.7819062,0.51397914,0.4087681,0.3059343,0.28529763,283.6857926606148,237.96057686863614,1017.3374278515038,998.1100132701755
498,2024-08-28 00:00:00+00:00,-0.0019010619,0.25810057,0.78062254,0.56922007,0.40837157,0.30848464,0.2831438,368.8566714521492,245.83625492469898,912.7149354097413,1318.9661522408758
499,2024-08-28 01:00:00+00:00,-0.0021148317,0.25848028,0.7793235,0.58149767,0.4081627,0.30898643,0.2828509,321.4349382731137,262.5319275139651,848.5494860449165,1346.9575984555509
500,2024-08-28 02:00:00+00:00,-0.0025008793,0.25905332,0.7774786,0.5882543,0.40801594,0.30920827,0.28277582,214.28430705923824,263.3637627978842,800.0005774242569,1116.9264181316755
501,2024-08-28 03:00:00+00:00,-0.0030027898,0.25880522,0.7759651,0.561929,0.4083314,0.30795512,0.28371355,181.2118767203344,248.5799953857231,733.6539199653338,831.9042508340459
502,2024-08-28 04:00:00+00:00,-0.003582979,0.25871104,0.77461326,0.5385589,0.408484,0.30685398,0.2846621,217.8687679053592,238.21496103701455,660.4637767144711,918.065911016762
503,2024-08-28 05:00:00+00:00,-0.0042109215,0.25860626,0.77367145,0.54179305,0.4084316,0.3069671,0.28460127,234.6929884001909,233.37951899875216,569.579448718862,975.3255409292491
504,2024-08-28 06:00:00+00:00,-0.0048729917,0.25861442,0.77325433,0.47900322,0.40883183,0.30427444,0.2868937,233.3525451704687,277.74175649925616,470.6269838460646,966.2635561465027
505,2024-08-28 07:00:00+00:00,-0.0055327397,0.2582874,0.77241004,0.48227516,0.40880412,0.3043354,0.28686056,273.0137660435261,325.3691172539377,622.293071628556,855.3455278475731
506,2024-08-28 08:00:00+00:00,-0.006100868,0.2579902,0.7720383,0.49276423,0.40873742,0.30472863,0.28653404,379.32310979468645,338.9473968808734,737.6534452478945,1087.087865083465
507,2024-08-28 09:00:00+00:00,-0.00651792,0.25917706,0.77199227,0.5186128,0.40851328,0.30583248,0.28565416,454.7272687905458,338.92168387419196,869.1762522135335,1216.9339537834112
508,2024-08-28 10:00:00+00:00,-0.0068546,0.25903133,0.7718261,0.4807608,0.40874338,0.3042622,0.28699437,447.9875870146843,323.71097114536866,876.240501946268,1199.2814805118705
509,2024-08-28 11:00:00+00:00,-0.0071480786,0.25754687,0.7718533,0.39597717,0.4092546,0.30385795,0.2868874,387.20005371776216,314.7628639396676,868.0835968086757,1029.8819310881015
510,2024-08-28 12:00:00+00:00,-0.007331566,0.25705525,0.77174366,0.32848987,0.4085154,0.3059656,0.285519,427.2058121508312,301.89843771070065,840.0916469823391,1134.340409174687
511,2024-08-28 13:00:00+00:00,-0.0074499333,0.25514302,0.77154094,0.26608074,0.4071447,0.30795804,0.2848973,423.4276303674363,292.622180173691,822.1267752847549,1148.2033986771119
512,2024-08-28 14:00:00+00:00,-0.0074578878,0.2545175,0.7712512,0.18487251,0.40514287,0.30931804,0.28553906,417.0761244406187,261.7982594600781,787.3570066173489,1134.4156898902725
513,2024-08-28 15:00:00+00:00,-0.0074129994,0.25277656,0.7696709,0.16911407,0.40474206,0.30940637,0.28585157,300.39785632902925,248.82185697729082,670.9244064614476,925.3959018720184
514,2024-08-28 16:00:00+00:00,-0.007281542,0.25243744,0.76708513,0.16966593,0.40465054,0.30931395,0.28603548,283.37091202523607,248.45199650051612,639.1742768517034,1075.2214481949607
515,2024-08-28 17:00:00+00:00,-0.00711252,0.25131354,0.7623313,0.18774104,0.4049457,0.3090232,0.28603113,206.72101202743832,248.55661057057412,597.896949427758,949.8308750636511
516,2024-08-28 18:00:00+00:00,-0.006875687,0.25135916,0.756373,0.2201472,0.40549994,0.30856174,0.28593838,189.1656422008963,249.52767130980706,608.0782457155397,912.353101384892
517,2024-08-28 19:00:00+00:00,-0.0065935627,0.25138688,0.7483302,0.23849,0.4055939,0.30812594,0.28628016,123.26731290789196,239.6508801684333,668.4140952500447,700.296827947891
518,2024-08-28 20:00:00+00:00,-0.0062531107,0.2515847,0.74011326,0.24854653,0.4054462,0.3075549,0.28699893,171.19180547220552,224.90634826051897,656.2116403271032,796.9178891872821
519,2024-08-28 21:00:00+00:00,-0.0059160776,0.2504386,0.7330522,0.23930894,0.4049303,0.3075553,0.28751442,135.84797779859844,237.29566488476328,695.674311539211,784.0361032930691
520,2024-08-28 22:00:00+00:00,-0.005641678,0.24917391,0.72866017,0.2351876,0.40466014,0.3074488,0.287891,98.8276664709005,267.99373924474156,763.5855656225116,743.3405932566087
521,2024-08-28 23:00:00+00:00,-0.0054310723,0.24709976,0.7252221,0.18065529,0.40315711,0.30775824,0.28908455,91.06211519366809,299.14127871412836,758.6673155140846,642.5271800300585
522,2024-08-29 00:00:00+00:00,-0.005357503,0.24471202,0.7237237,0.20557272,0.40385345,0.30754387,0.28860265,119.117468373878,323.4573080724114,754.1024834197583,793.0937542007194
523,2024-08-29 01:00:00+00:00,-0.0054610916,0.24279323,0.72467905,0.1981467,0.40379348,0.3076704,0.28853607,140.65995575565262,334.1790390228176,713.0695606071937,846.1802531495537
524,2024-08-29 02:00:00+00:00,-0.005751222,0.24232225,0.7276321,0.20809005,0.40422514,0.30771568,0.2880592,131.85063293014335,345.6191896007329,723.507870253472,760.3513428539527
525,2024-08-29 03:00:00+00:00,-0.0061890515,0.24211027,0.73097116,0.21299887,0.4045301,0.3078122,0.2876578,99.11834254465062,328.47266175861114,683.6140714774778,599.0474013409729
526,2024-08-29 04:00:00+00:00,-0.0067192973,0.24217412,0.7346113,0.21690495,0.40480956,0.30792406,0.2872664,126.83181092234634,313.6036385881818,540.097017228293,628.7237842976182
527,2024-08-29 05:00:00+00:00,-0.0072777597,0.24178386,0.7378102,0.23180783,0.4053734,0.30794418,0.28668246,157.69590080675002,285.8245494649568,457.12604747872996,670.0635231543139
528,2024-08-29 06:00:00+00:00,-0.0078969225,0.24169947,0.74142516,0.24844731,0.40597135,0.30773956,0.2862891,194.06749432592883,313.5833852470726,390.39565545999903,701.401857621037
529,2024-08-29 07:00:00+00:00,-0.008479668,0.24137229,0.7441547,0.24353261,0.40599763,0.30799177,0.2860106,185.57088659237692,349.1473807063573,596.7548102271438,649.3995901662614
530,2024-08-29 08:00:00+00:00,-0.008981715,0.2407628,0.7455592,0.26952395,0.40672442,0.30718875,0.28608683,291.7241512245701,367.81953627873787,739.4872598139251,811.6356165537223
531,2024-08-29 09:00:00+00:00,-0.009338171,0.2420745,0.74615175,0.35339344,0.4086282,0.30455452,0.28681728,331.15551141394934,356.89103576378494,768.9703748248827,920.0916288444419
532,2024-08-29 10:00:00+00:00,-0.0096148215,0.2414456,0.74695736,0.35395274,0.40871218,0.30456546,0.28672233,308.36810954818833,351.1063241154984,634.1874785972963,929.4492773550537
533,2024-08-29 11:00:00+00:00,-0.009806675,0.24123526,0.7481009,0.26920792,0.40681797,0.30726895,0.285913,265.31916140762223,348.17307364360164,528.1900822390093,805.6074048831006
534,2024-08-29 12:00:00+00:00,-0.009948709,0.23948686,0.7487584,0.26119712,0.40673554,0.30757862,0.2856859,271.9026096483913,358.22337686041965,419.68928688210354,914.2826965688763
535,2024-08-29 13:00:00+00:00,-0.009988017,0.23721616,0.74899423,0.21551144,0.40570867,0.30858457,0.2857068,275.0109937642057,351.61000322605406,429.66405392622136,929.1226618908175
536,2024-08-29 14:00:00+00:00,-0.009920107,0.23584528,0.74859464,0.22114223,0.40589702,0.30854917,0.28555378,267.4088630105775,333.4702038169769,515.2136010212587,919.7906276030549
537,2024-08-29 15:00:00+00:00,-0.009772506,0.23423691,0.7476413,0.15543137,0.40420792,0.30903876,0.2867533,216.74916084547053,319.22103219941465,583.8928612782792,791.6491742233551
538,2024-08-29 16:00:00+00:00,-0.009538313,0.23300967,0.74631447,0.13333829,0.4035722,0.30903953,0.28738827,203.68893271282636,317.91373891188084,601.9543206105922,875.8236558159487
539,2024-08-29 17:00:00+00:00,-0.009234809,0.23244007,0.74588627,0.077021666,0.40174368,0.30875427,0.28950205,155.68014461158245,312.8513100824821,637.9119699073007,787.251035597336
540,2024-08-29 18:00:00+00:00,-0.00886703,0.23220356,0.74659747,0.071539186,0.40157905,0.30872378,0.28969717,152.28748094070994,321.7956470385822,712.0405407114922,721.0388678118293
541,2024-08-29 19:00:00+00:00,-0.00842543,0.2326219,0.7489934,0.07268609,0.40174145,0.30882582,0.28943273,171.75517338571316,329.56697086324294,720.2185152190019,696.1329987965158
542,2024-08-29 20:00:00+00:00,-0.00791544,0.23279275,0.75171465,0.07509037,0.40197673,0.3089528,0.28907052,221.53526965365668,325.71868893895373,588.4244896735566,785.3054813806962
543,2024-08-29 21:00:00+00:00,-0.0074007427,0.23078956,0.75370276,0.091879286,0.40276995,0.3091827,0.28804734,242.55072085948586,364.08285419406894,507.023981838416,752.4633650157976
544,2024-08-29 22:00:00+00:00,-0.0069740354,0.23036435,0.75400084,0.09754232,0.402964,0.3092025,0.2878335,209.41820459069126,414.5766546220413,614.4702767801572,720.5048581811064
545,2024-08-29 23:00:00+00:00,-0.0066066175,0.22811763,0.75348985,0.121025085,0.40372404,0.30925825,0.2870177,194.167468543281,465.4990133048412,674.2645829894033,700.0004082714378
546,2024-08-30 00:00:00+00:00,-0.0063888165,0.22529061,0.75233,0.10797877,0.4034062,0.30922383,0.28736997,231.76587195285114,506.223343524387,704.9020542648847,753.0383949980283
547,2024-08-30 01:00:00+00:00,-0.006394722,0.22571935,0.752444,0.103619374,0.4032645,0.30921295,0.28752255,218.6645570485217,503.3936377942018,705.1134989336255,745.6360415334593
548,2024-08-30 02:00:00+00:00,-0.006582822,0.22527945,0.75413173,0.09468072,0.40307823,0.3092356,0.28768608,201.2043574780013,495.54021023208435,703.2344469488895,729.1411934215397
549,2024-08-30 03:00:00+00:00,-0.006930334,0.22543004,0.75715363,0.08631178,0.4029499,0.30929968,0.28775042,212.28189444871336,484.33239312023073,637.4710923526073,710.8885091199905
550,2024-08-30 04:00:00+00:00,-0.007381568,0.22571194,0.75978744,0.09730818,0.40343425,0.30945337,0.2871124,227.73967742548976,453.78137057712206,520.1031828400199,709.6714035461606
551,2024-08-30 05:00:00+00:00,-0.007891731,0.22585903,0.7621248,0.10637245,0.403808,0.30955467,0.28663737,241.51032447527072,412.87513046141754,392.21391090856633,701.3024221340611
552,2024-08-30 06:00:00+00:00,-0.008420117,0.22580841,0.76427484,0.10407034,0.40384823,0.30962792,0.2865238,239.97932499240338,396.8365985956655,342.2806673036471,698.6134186708449
553,2024-08-30 07:00:00+00:00,-0.008956091,0.22554271,0.7660655,0.105396986,0.40398714,0.30970022,0.28631264,225.8139634901438,444.2355079295674,375.120243038664,695.7185701482226
554,2024-08-30 08:00:00+00:00,-0.00941388,0.22503008,0.7665723,0.108591564,0.4041311,0.30973727,0.28613156,266.09484644761585,486.25768443603585,436.50244053391197,739.3249543592996
555,2024-08-30 09:00:00+00:00,-0.009734174,0.22576264,0.7657175,0.1355176,0.4048486,0.30976608,0.2853853,318.6040019605979,494.9602437137162,530.1116836334642,769.53742628659
556,2024-08-30 10:00:00+00:00,-0.00995658,0.22518693,0.76521534,0.13478468,0.40483207,0.3097592,0.28540865,354.92534730428525,493.0027714401428,586.3323814096539,807.9150120688631
557,2024-08-30 11:00:00+00:00,-0.010083241,0.22459835,0.765466,0.1269646,0.40464285,0.3097591,0.28559804,369.0386430218159,500.3697101041739,556.552090640881,796.8366166480596
558,2024-08-30 12:00:00+00:00,-0.010122628,0.22371194,0.76586,0.09676253,0.4038183,0.30971694,0.28646478,376.02250150254184,514.5357577823011,567.2530495022843,863.3311914773512
559,2024-08-30 13:00:00+00:00,-0.01006362,0.22297075,0.76556134,0.08616352,0.4035256,0.30969274,0.2867816,351.3197711484536,528.3577849222487,702.0238747173258,850.3791451840643
560,2024-08-30 14:00:00+00:00,-0.009924373,0.22196102,0.7636451,0.087985344,0.40353212,0.30964574,0.2868221,337.72771386557923,501.77233324203934,646.5004245644501,828.2580254631408
561,2024-08-30 15:00:00+00:00,-0.009688616,0.221711,0.7599138,0.09288674,0.40351105,0.30953607,0.2869529,268.2040723298207,458.84596202891476,678.9345358192498,772.6248451272777
562,2024-08-30 16:00:00+00:00,-0.009354984,0.22224446,0.75472486,0.091395915,0.40317222,0.30932978,0.28749797,238.65499082992082,452.75174855147503,739.5463897712451,798.897070004656
563,2024-08-30 17:00:00+00:00,-0.008936525,0.22291027,0.74616504,0.09713417,0.40283978,0.30898914,0.28817117,228.54688101392424,464.3106034385014,704.5574574876831,794.3919705950783
564,2024-08-30 18:00:00+00:00,-0.00842538,0.22389305,0.73472774,0.1071355,0.40247348,0.30855066,0.28897583,269.0699492658983,480.8016741310259,775.8684319127177,821.2354439856858
565,2024-08-30 19:00:00+00:00,-0.007827216,0.22475523,0.7222002,0.117696345,0.4020537,0.30805767,0.28988856,323.4338899309964,502.01047530366185,765.780263684553,805.9245234237134
566,2024-08-30 20:00:00+00:00,-0.0071730954,0.22498469,0.7119473,0.15469874,0.4027583,0.3077668,0.2894749,352.26503609643595,518.2592058872372,782.6251892175334,844.6541260564009
567,2024-08-30 21:00:00+00:00,-0.0065522743,0.22464694,0.7042666,0.21648596,0.40412715,0.3070555,0.28881735,352.01361524386675,605.5347764627364,696.523779206107,850.898756905256
568,2024-08-30 22:00:00+00:00,-0.006050448,0.22579414,0.69954497,0.19474573,0.4032457,0.30702132,0.28973293,304.81319980584743,659.0835983520598,750.0156737254688,857.1998927700798
569,2024-08-30 23:00:00+00:00,-0.005644007,0.22634438,0.69678915,0.19535117,0.40309203,0.3068956,0.2900123,303.7904764500401,680.946516055536,792.9513000808207,891.2416564588904
570,2024-08-31 00:00:00+00:00,-0.005370536,0.2259221,0.6957124,0.1777056,0.4024466,0.30687392,0.29067957,309.0202809403947,712.911875055985,857.4228205282343,914.876631307021
571,2024-08-31 01:00:00+00:00,-0.005294388,0.22650397,0.6961265,0.13497251,0.4010543,0.30711472,0.291831,326.0239373540356,714.1583502979673,847.8359244841296,899.9861340716188
572,2024-08-31 02:00:00+00:00,-0.005401636,0.22709937,0.6978092,0.12718828,0.40088242,0.30720186,0.29191574,331.1982721998257,705.4844173533787,747.0757528221839,894.5636728273456
573,2024-08-31 03:00:00+00:00,-0.005669163,0.22812362,0.6999329,0.13559675,0.40123993,0.30724692,0.29151306,361.86128281363796,691.4232604462591,677.6558165518642,887.6455619576758
574,2024-08-31 04:00:00+00:00,-0.006039854,0.2283097,0.70224756,0.15210275,0.40188515,0.30720785,0.29090706,353.3496838368847,657.1533432150667,637.2665591000072,871.5769652856603
575,2024-08-31 05:00:00+00:00,-0.006484178,0.22836563,0.70433384,0.17662041,0.40288284,0.30731523,0.28980196,345.02451491326366,607.0315938351835,572.0199459172721,863.4772693971639
576,2024-08-31 06:00:00+00:00,-0.0069723404,0.2284132,0.70552284,0.18849003,0.40326604,0.30726928,0.28946465,308.0387590729812,561.5161083344682,578.9402154261171,836.782819848789
577,2024-08-31 07:00:00+00:00,-0.0074757407,0.22841145,0.70567524,0.20837076,0.40381348,0.30712178,0.28906476,279.9001568138712,514.977229633276,649.7946010200275,830.5320731654105
578,2024-08-31 08:00:00+00:00,-0.007958436,0.22828981,0.7036665,0.22651,0.4041949,0.30693197,0.28887317,284.69893093088393,522.4303587843116,595.6546514997952,831.7332521698198
579,2024-08-31 09:00:00+00:00,-0.008389792,0.22823453,0.69931316,0.2641534,0.40490183,0.30609944,0.28899875,342.15561812491757,586.2343793504383,365.2171432665873,830.6064353506839
580,2024-08-31 10:00:00+00:00,-0.008761234,0.22644335,0.69505996,0.29428068,0.40548566,0.3050188,0.28949553,380.4113144833564,633.463823957769,348.70427985156647,823.8644340135979
581,2024-08-31 11:00:00+00:00,-0.008984726,0.22553536,0.6930906,0.31511542,0.4059191,0.30430162,0.2897793,367.00093895776996,643.7140226324778,444.20361429466635,785.9600735078906
582,2024-08-31 12:00:00+00:00,-0.009070611,0.22457615,0.69274765,0.33116126,0.40632448,0.30379215,0.28988338,332.8916063309948,642.0531817434502,753.8589305533836,781.4351735828222
583,2024-08-31 13:00:00+00:00,-0.009025195,0.22331941,0.6936251,0.3496158,0.40685967,0.30325425,0.28988606,322.2537149717122,617.8378372751841,936.4858453087058,787.4569157090697
584,2024-08-31 14:00:00+00:00,-0.008843019,0.22298014,0.69574136,0.36119738,0.40724936,0.30296662,0.289784,303.572778193784,601.2504237997247,1054.2211879243812,796.2875807550014
585,2024-08-31 15:00:00+00:00,-0.008514029,0.22438863,0.6975118,0.36724463,0.40740258,0.30282483,0.2897726,272.69109091234395,547.9122897675234,1210.8815700807827,806.2616247120882
586,2024-08-31 16:00:00+00:00,-0.008068312,0.22459473,0.6977299,0.37182388,0.40750298,0.30269298,0.289804,271.5695312784789,493.1720081938108,1214.2558736345588,835.8714286602823
587,2024-08-31 17:00:00+00:00,-0.007478885,0.22580017,0.69679976,0.38333157,0.4076464,0.30230504,0.2900485,270.8324655387457,479.37718458111175,1262.1141984245942,850.2642383432176
588,2024-08-31 18:00:00+00:00,-0.006751132,0.22734246,0.69479966,0.41414523,0.40784004,0.30172685,0.2904331,271.74479636862503,482.01187899361616,1301.529424452454,881.6175044376309
589,2024-08-31 19:00:00+00:00,-0.00590435,0.22828291,0.69056803,0.46390644,0.4074572,0.30193165,0.29061115,271.6618519395952,486.905639059786,1303.3850665277607,909.4920235227592
590,2024-08-31 20:00:00+00:00,-0.0050224997,0.22813597,0.68405235,0.5169795,0.4072561,0.30326924,0.2894747,268.722883689532,494.8962940613508,1257.4746433981227,935.5244628623368
591,2024-08-31 21:00:00+00:00,-0.0041984157,0.22710112,0.67824006,0.53158,0.40705138,0.30375028,0.28919834,270.5464847508329,602.3720956275928,1262.1765936921138,982.4713387071894
592,2024-08-31 22:00:00+00:00,-0.0035371191,0.22827417,0.6730848,0.4547379,0.40673962,0.30100468,0.2922557,243.99697710819873,699.7430445888259,1355.2645168005993,1038.8104817504784
593,2024-08-31 23:00:00+00:00,-0.003004544,0.2282709,0.6682617,0.392916,0.4061973,0.30108932,0.29271334,290.00842635695153,756.8950895473295,1320.195322122165,1093.5856443733767
594,2024-09-01 00:00:00+00:00,-0.0026511808,0.22806302,0.66524297,0.355124,0.40517008,0.30218393,0.29264602,347.9654356045292,802.9722613128582,1465.3685567613193,1141.0261268300094
595,2024-09-01 01:00:00+00:00,-0.00252592,0.22917953,0.66436625,0.32740209,0.40440872,0.30303803,0.29255328,369.0457474249196,832.6442057353271,1563.500515123067,1160.5531776035575
596,2024-09-01 02:00:00+00:00,-0.0026077088,0.22978036,0.66527677,0.31450474,0.4041214,0.3034799,0.29239872,355.7995588606687,862.2713061483586,1629.3400450659326,1148.9876289169245
597,2024-09-01 03:00:00+00:00,-0.0028762387,0.23068783,0.6677132,0.2953703,0.40375337,0.30417106,0.29207548,331.6670159566426,873.8344751935466,1522.078190891345,1163.4170592535768
598,2024-09-01 04:00:00+00:00,-0.0032781991,0.23125885,0.6712371,0.28357157,0.4036394,0.30465725,0.29170334,306.9736026174508,869.114502028338,1526.3436771037323,1130.0036271254346
599,2024-09-01 05:00:00+00:00,-0.0037670748,0.23143901,0.675641,0.27635613,0.40370488,0.3050205,0.29127452,297.16061773255683,836.5117736095931,1525.0591765922236,1069.4273449128075
600,2024-09-01 06:00:00+00:00,-0.0043118275,0.2316004,0.6805414,0.27219948,0.40387157,0.30529574,0.2908327,299.7334840713372,808.0791690232817,1622.9265759180878,1029.697902384958
601,2024-09-01 07:00:00+00:00,-0.004876895,0.23163043,0.6865429,0.2691166,0.40412933,0.30556732,0.2903033,332.62671682070464,827.7095648133,1702.2249622077397,1016.579124782783
602,2024-09-01 08:00:00+00:00,-0.005435945,0.23156066,0.69318914,0.26908925,0.4044972,0.30575716,0.28974557,316.0431600306995,902.0151514651825,1652.9722791938118,963.4044888805703
603,2024-09-01 09:00:00+00:00,-0.0059583066,0.23131399,0.7003471,0.2898413,0.40538937,0.30529422,0.28931645,390.55608040371953,1044.7958677087536,1249.3745632617627,903.1436818651518
604,2024-09-01 10:00:00+00:00,-0.0064085224,0.23018393,0.7073653,0.3474381,0.40714917,0.30370098,0.28914985,345.2382057192244,1165.8322894330647,1177.0035647589384,850.8055219625945
605,2024-09-01 11:00:00+00:00,-0.0067032273,0.23023836,0.7111105,0.33976838,0.40716594,0.3040493,0.28878477,325.51136836243904,1252.1135678081152,1376.3540120652742,849.2690653202636
606,2024-09-01 12:00:00+00:00,-0.006834678,0.23111278,0.7121779,0.31622303,0.40663838,0.30480352,0.2885581,322.46843836082377,1291.3876004049037,1484.908483688756,837.6121429164555
607,2024-09-01 13:00:00+00:00,-0.0068094726,0.23201421,0.710734,0.30508563,0.40626034,0.30510166,0.288638,365.45013542430524,1287.7731079460118,1459.690804635239,849.5512747963836
608,2024-09-01 14:00:00+00:00,-0.006606395,0.2330223,0.7071224,0.2956226,0.40579903,0.30528653,0.2889144,357.2225716985086,1256.1047027053035,1556.6521715299532,883.5430701972282
609,2024-09-01 15:00:00+00:00,-0.0061927587,0.23519413,0.70051277,0.27430716,0.4048333,0.3057584,0.28940833,371.21080821287563,1130.472205976983,1678.1463227465495,968.7780434975274
610,2024-09-01 16:00:00+00:00,-0.0055984296,0.23646708,0.69309,0.27911806,0.40447912,0.30537972,0.29014122,330.04855293336726,933.4076991364092,1642.3583964217805,1030.4323855382358
611,2024-09-01 17:00:00+00:00,-0.0048479005,0.23759452,0.6855203,0.28677002,0.4041858,0.30490348,0.29091072,290.00281200970636,758.7625164408928,1564.124684618154,1075.2552971920916
612,2024-09-01 18:00:00+00:00,-0.0039679497,0.23857222,0.6814422,0.30857173,0.40442252,0.3040721,0.2915054,230.65890298312556,650.1769190143683,1589.5490507835832,1124.3207545712703
613,2024-09-01 19:00:00+00:00,-0.0029746627,0.23959103,0.68007195,0.35836682,0.40544993,0.30243966,0.29211038,247.7701961989844,589.4908914161346,1522.8299995205718,1218.006331018428
614,2024-09-01 20:00:00+00:00,-0.0019318025,0.23960477,0.68103254,0.42542484,0.40671384,0.3007824,0.29250374,252.55906112920238,539.6087158659601,1510.8091696936274,1284.599346326578
615,2024-09-01 21:00:00+00:00,-0.000959703,0.23889714,0.68228793,0.47087312,0.40666166,0.30124766,0.29209065,251.3345000978973,595.2980419978209,1572.7678311299624,1310.6461499506788
616,2024-09-01 22:00:00+00:00,-0.00012966781,0.23954844,0.68182445,0.44742146,0.406702,0.30098233,0.29231572,288.84752446856965,696.6381950488191,1563.5769222929985,1329.5756809561674
617,2024-09-01 23:00:00+00:00,0.0005974563,0.23853853,0.67950445,0.44457713,0.40665823,0.30086538,0.29247633,355.74454011650033,777.8789091808775,1697.6321178599248,1396.605180062855
618,2024-09-02 00:00:00+00:00,0.0011212426,0.23894653,0.67714745,0.44386235,0.40654144,0.30073,0.29272854,363.1667509902052,832.9463943743118,1828.1820372493028,1437.1094149913097
619,2024-09-02 01:00:00+00:00,0.0014032839,0.24067798,0.67568016,0.44169164,0.40640855,0.300591,0.2930005,343.2356087520449,882.7810726264555,1902.3748746373215,1438.6920089943023
620,2024-09-02 02:00:00+00:00,0.0014578395,0.24280962,0.6752567,0.44546816,0.40628427,0.3005455,0.2931702,391.2827970765016,942.2298219035489,1861.2069148570436,1426.2030006293232
621,2024-09-02 03:00:00+00:00,0.0013480342,0.24401303,0.6755331,0.44810763,0.40623453,0.30055085,0.29321465,488.32927301424934,1009.1516173563258,1705.1213543605165,1513.6397141901627
622,2024-09-02 04:00:00+00:00,0.001145675,0.24436422,0.6763792,0.4514393,0.4062449,0.30061367,0.29314137,494.6748723583176,1043.7149132753912,1648.6047338144492,1557.0322757839222
623,2024-09-02 05:00:00+00:00,0.0008833752,0.24454062,0.6778798,0.46206486,0.4062675,0.30077893,0.29295352,381.49382436375635,1068.678615245516,1773.8240942498958,1501.0751107008418
624,2024-09-02 06:00:00+00:00,0.00057863095,0.24458085,0.6794291,0.47471604,0.4062885,0.30097178,0.2927397,275.45822574824297,1108.3551950128926,1950.8628194266123,1383.4667073013331
625,2024-09-02 07:00:00+00:00,0.00031755015,0.24433702,0.68147564,0.492757,0.40632117,0.3012494,0.29242936,254.6266771102872,1176.7625064498782,2332.0514212662106,1413.0698637880353
626,2024-09-02 08:00:00+00:00,0.00013569016,0.24341938,0.68350893,0.5355472,0.4066273,0.30327553,0.29009718,283.55324560312727,1209.732211627583,2398.7609254170384,1409.070181832192
627,2024-09-02 09:00:00+00:00,0.00013784031,0.2448102,0.68265545,0.63016754,0.40624246,0.3083831,0.28537446,277.06942563713613,1206.5734535329427,2669.033407317952,1381.3784903768903
628,2024-09-02 10:00:00+00:00,0.00025037417,0.24462053,0.68109775,0.7306574,0.40381515,0.31360966,0.2825752,282.60427609546457,1187.6463417023483,2305.652765995705,1344.482603360434
629,2024-09-02 11:00:00+00:00,0.00047804185,0.24474594,0.67778444,0.72392416,0.403959,0.31317112,0.28286985,299.96658141923143,1160.8960478876572,2160.7536713619797,1412.8543856784952
630,2024-09-02 12:00:00+00:00,0.0008471967,0.24539489,0.6737275,0.6768703,0.4053663,0.3103721,0.2842616,312.2176787492927,1106.8115390008777,1986.996479239718,1427.0813819189846
631,2024-09-02 13:00:00+00:00,0.0013730326,0.24793969,0.6683505,0.6435444,0.40542802,0.3081441,0.28642792,288.24189808630064,1049.2112669838318,2014.50853601358,1397.5486370609058
632,2024-09-02 14:00:00+00:00,0.002011574,0.25023445,0.6613172,0.6136839,0.4052455,0.30580774,0.28894675,200.08144849549112,1002.0873821955346,2071.216025910406,1383.622991522888
633,2024-09-02 15:00:00+00:00,0.0027924827,0.25258422,0.6567946,0.55665684,0.40496287,0.30194095,0.2930962,183.82742554154314,977.158621421203,2041.0184860423208,1482.441461935977
634,2024-09-02 16:00:00+00:00,0.0036191877,0.25365454,0.65511245,0.5311711,0.40474597,0.30046543,0.2947886,166.21220227232877,969.2075999802415,1967.8261142467893,1614.6876647646793
635,2024-09-02 17:00:00+00:00,0.0044858237,0.25408524,0.657741,0.5281839,0.40485594,0.30049562,0.2946484,210.33128283843118,990.3787363646744,1788.022405238845,1597.2540948723172
636,2024-09-02 18:00:00+00:00,0.0053056255,0.25413442,0.66393596,0.531123,0.40521607,0.30098096,0.293803,246.26009655027397,1012.2465409468244,1669.5869171416132,1573.9634015959873
637,2024-09-02 19:00:00+00:00,0.0061174575,0.25441617,0.6721336,0.5336425,0.4056552,0.30158278,0.292762,283.43867710354493,1072.8623993617005,1555.6067896657962,1679.5173759192548
638,2024-09-02 20:00:00+00:00,0.0068974723,0.2542082,0.6807454,0.5476186,0.40610838,0.30302867,0.29086295,349.23012959252554,1281.5384185812188,1467.0763202030632,1763.2355850810902
639,2024-09-02 21:00:00+00:00,0.007593309,0.25357616,0.6874601,0.5867066,0.40648025,0.305733,0.28778675,421.63106118983643,1465.2717495682373,1351.3891520737923,1771.2499455469372
640,2024-09-02 22:00:00+00:00,0.008177768,0.2544067,0.69134676,0.63255703,0.40635952,0.30842844,0.285212,534.9321766838403,1592.3875073140773,1363.6903234462852,1752.8230781966959
641,2024-09-02 23:00:00+00:00,0.008684879,0.25481984,0.69375527,0.6612676,0.40596858,0.30991825,0.2841132,564.5815608175026,1724.1434114616432,1577.8868941975943,1814.1714065131698
642,2024-09-03 00:00:00+00:00,0.009070387,0.25633463,0.69448733,0.69789577,0.40527606,0.3117056,0.28301838,533.1473365926238,1775.6017239511887,1609.9695864167713,1826.3484587221938
643,2024-09-03 01:00:00+00:00,0.009285965,0.25956413,0.69403553,0.7518082,0.40416026,0.3134455,0.28239423,509.833016985297,1721.7786476052763,1545.2412306607523,1837.1989439089118
644,2024-09-03 02:00:00+00:00,0.009323714,0.2634091,0.69280034,0.80442685,0.40305236,0.31434113,0.28260654,461.95557061945743,1530.0183208505016,1444.9467561241493,1829.6937668312464
645,2024-09-03 03:00:00+00:00,0.009225382,0.26492748,0.69108903,0.81895494,0.4030539,0.31455794,0.2823881,472.4722381508083,1299.6677787698206,1462.4305390069012,1944.316512811418
646,2024-09-03 04:00:00+00:00,0.009025046,0.2660835,0.6893582,0.78016806,0.40340322,0.31375536,0.28284144,481.8142559787878,1136.6613824834737,1537.9824464846413,2032.0659462440783
647,2024-09-03 05:00:00+00:00,0.008758907,0.26635978,0.68746334,0.7348111,0.40424284,0.312487,0.28327018,511.34939820363616,1081.5352810020092,1601.627902004794,2025.7300027540732
648,2024-09-03 06:00:00+00:00,0.008437113,0.26637763,0.68586504,0.72092915,0.40445915,0.31194857,0.28359228,507.8037559515016,1069.8238872811032,1673.872824786953,1932.0639270851734
649,2024-09-03 07:00:00+00:00,0.008138339,0.26595768,0.68379635,0.66050076,0.40535438,0.3089086,0.28573698,543.8359772163534,1064.7006595256044,1785.9252388178495,1991.6450960231323
650,2024-09-03 08:00:00+00:00,0.007893325,0.26500875,0.6825112,0.61533445,0.4056594,0.3063664,0.28797415,602.1981321538505,1134.936014441706,1766.2395207623722,2037.8906207324096
651,2024-09-03 09:00:00+00:00,0.007809395,0.2680249,0.68206966,0.48498133,0.40542084,0.30044687,0.29413232,611.2367495148374,1188.6829103956247,1939.3259127735928,2015.4249923298128
652,2024-09-03 10:00:00+00:00,0.0077835536,0.26819736,0.68183047,0.47591877,0.40543318,0.3003471,0.29421973,627.0015282453105,1203.2576727611302,1712.9793313894606,1929.4631801051003
653,2024-09-03 11:00:00+00:00,0.007832772,0.26921764,0.68187547,0.44983196,0.40545854,0.30011764,0.29442388,667.0558017552638,1182.5381145838094,1538.065783161166,2020.41618543576
654,2024-09-03 12:00:00+00:00,0.007964697,0.27057058,0.6826593,0.4100782,0.40497363,0.30080327,0.29422313,713.5933883001975,1177.895658379746,1473.3016719066072,2080.4494507976297
655,2024-09-03 13:00:00+00:00,0.008191852,0.2737595,0.6846142,0.33162263,0.4031971,0.30320483,0.29359797,706.3039285575695,1147.8544353624181,1604.1280440911657,2043.2053978073518
656,2024-09-03 14:00:00+00:00,0.008470769,0.27567506,0.6890693,0.25454774,0.4015466,0.3056537,0.29279968,695.536196605367,1116.325635177799,1609.5947355308215,2025.8970342980974
657,2024-09-03 15:00:00+00:00,0.008818373,0.27849078,0.69546497,0.21583462,0.4009662,0.30637056,0.2926633,633.5763884002687,1059.8483456004617,1772.0171026809203,2167.9780253561075
658,2024-09-03 16:00:00+00:00,0.009190051,0.28096223,0.70241094,0.22572498,0.40134493,0.3063121,0.29234302,597.5552898762809,1017.117795012144,1821.1187468084881,2304.0614123297414
659,2024-09-03 17:00:00+00:00,0.009573849,0.28232497,0.70886403,0.27366602,0.40271777,0.30573088,0.29155138,509.4022469485133,990.1864459009406,1704.437079816087,2287.467387640083
660,2024-09-03 18:00:00+00:00,0.009954168,0.28269812,0.71359473,0.32340977,0.4041049,0.30429026,0.29160482,401.4025331122496,985.2448622281163,1659.845747073832,2232.2206068367304
661,2024-09-03 19:00:00+00:00,0.010347972,0.28285232,0.7188401,0.37534294,0.4055418,0.30285314,0.2916051,313.53001661778103,1015.6820261808572,1548.272336377049,2320.241943830099
662,2024-09-03 20:00:00+00:00,0.010727858,0.2829067,0.7240432,0.42693105,0.4066489,0.30179757,0.29155353,285.91804637065735,1242.450913991557,1450.6017282536993,2406.039603647901
663,2024-09-03 21:00:00+00:00,0.011081834,0.2829986,0.7284119,0.4854263,0.40684703,0.30213168,0.29102126,340.8432735845374,1458.6040280633713,1424.2415961219078,2335.464957270432
664,2024-09-03 22:00:00+00:00,0.011394705,0.28374782,0.73091626,0.53013986,0.40716657,0.3036087,0.2892247,419.1238050742482,1686.452680519904,1513.8409453541744,2230.495577700516
665,2024-09-03 23:00:00+00:00,0.011692331,0.2847817,0.73259467,0.5760061,0.4071691,0.3060016,0.2868293,447.2772227838256,1874.0642690133682,1674.627985660136,2265.379320604416
666,2024-09-04 00:00:00+00:00,0.0119171785,0.28545094,0.73260593,0.6003046,0.40692428,0.30711654,0.28595918,406.72130372941365,2021.6850435805281,1756.6477569258516,2304.696103763486
667,2024-09-04 01:00:00+00:00,0.012017649,0.2889376,0.73174196,0.6131188,0.4066472,0.30755526,0.2857976,420.2493459355496,2117.842339157492,1671.9573571183137,2200.6615017905137
668,2024-09-04 02:00:00+00:00,0.012000667,0.2923997,0.7300748,0.62848234,0.40631577,0.30808952,0.28559467,444.1126540356281,2152.2804437632944,1535.3441674903333,2152.4154674536107
669,2024-09-04 03:00:00+00:00,0.0118970405,0.29462072,0.72815514,0.6628164,0.4059081,0.30936223,0.28472972,463.8582887341874,2111.838686953315,1399.3297757126304,2202.962325952563
670,2024-09-04 04:00:00+00:00,0.011726828,0.29586995,0.72653323,0.6989222,0.40584365,0.31035578,0.28380054,438.84479440160425,1961.1140135077615,1443.2095523121145,2298.661390284415
671,2024-09-04 05:00:00+00:00,0.011489964,0.29707238,0.7251946,0.7269051,0.40541545,0.31126925,0.28331533,471.4441447186636,1690.224673310319,1457.4777849605516,2203.6904040896147
672,2024-09-04 06:00:00+00:00,0.011216569,0.2974102,0.7239288,0.76799726,0.4045383,0.31265533,0.2828063,451.9817668172853,1349.3637827445853,1571.4500123188736,2109.7700811422974
673,2024-09-04 07:00:00+00:00,0.010932348,0.29665342,0.7228335,0.7983524,0.40390113,0.3132759,0.28282294,442.63251333913496,1156.920517682597,1518.2337172563984,2122.845028464282
674,2024-09-04 08:00:00+00:00,0.010702583,0.29535615,0.7218269,0.8641483,0.40403667,0.3145741,0.2813892,487.5263695763227,1136.0929453594406,1549.418053437784,2266.652717096191
675,2024-09-04 09:00:00+00:00,0.010593695,0.29742646,0.7209581,0.7876534,0.40403667,0.31304047,0.2829229,520.2254421721295,1144.968381654675,1759.065144549549,2186.2153484397927
676,2024-09-04 10:00:00+00:00,0.010516071,0.29754767,0.7203086,0.83248025,0.40354377,0.31390426,0.28255194,536.6609342126617,1160.695764099103,1472.5687910695779,2124.7285002288713
677,2024-09-04 11:00:00+00:00,0.010481223,0.29820162,0.71997577,0.8326745,0.40353483,0.3138853,0.2825799,529.5535346663244,1183.0173752338733,1433.267557069924,2141.8906254273593
678,2024-09-04 12:00:00+00:00,0.0105306385,0.30071133,0.7194288,0.8082066,0.4035656,0.31332523,0.28310913,555.8727615284453,1177.4710688052144,1459.9081776616597,2257.9165277656534
679,2024-09-04 13:00:00+00:00,0.010645618,0.30350143,0.7197206,0.7124736,0.40542436,0.31034663,0.2842289,548.9363658245186,1144.3665629310728,1582.4559006722873,2188.5173898735825
680,2024-09-04 14:00:00+00:00,0.0108236335,0.3059624,0.72067153,0.66958135,0.40538847,0.3089665,0.28564513,448.8021367212311,1116.4151422257553,1655.6136284865534,2148.4509133737597
681,2024-09-04 15:00:00+00:00,0.011037691,0.3091415,0.72280705,0.5859358,0.40568778,0.30468976,0.2896225,329.64768561902486,1126.288112530646,1811.9200607363375,2200.3871675367695
682,2024-09-04 16:00:00+00:00,0.011278825,0.31062108,0.727081,0.4793429,0.40563563,0.30132192,0.29304248,255.80843858571723,1184.6265596139294,1893.287547685587,2397.6236211804767
683,2024-09-04 17:00:00+00:00,0.011526547,0.31167984,0.7327335,0.38982734,0.40502775,0.30268788,0.29228437,266.32130692274217,1314.2065002391407,1832.7471096645106,2301.9933947074023
684,2024-09-04 18:00:00+00:00,0.0117800655,0.31164482,0.73972446,0.3547453,0.40468147,0.3038863,0.29143217,316.9647579524635,1651.588569442168,1707.7182077771656,2216.106789077208
685,2024-09-04 19:00:00+00:00,0.012042363,0.31153363,0.74761087,0.3538928,0.40507013,0.3041522,0.29077765,421.45391001227836,2084.004169345456,1476.8962611493446,2212.5146886825046
686,2024-09-04 20:00:00+00:00,0.012313549,0.31156653,0.7560693,0.3375806,0.405136,0.30489352,0.28997052,485.1348841622119,2390.537343582548,1318.3261134683355,2365.585246721114
687,2024-09-04 21:00:00+00:00,0.012568921,0.3119656,0.763536,0.35441032,0.40585417,0.30461022,0.28953555,595.5362730180019,2586.695080432579,1278.1038660179256,2206.560662076683
688,2024-09-04 22:00:00+00:00,0.012789891,0.31334156,0.76998264,0.37386382,0.40651774,0.30422145,0.28926086,626.9307075400909,2702.4443667964847,1454.0649578365465,2095.5101375726954
689,2024-09-04 23:00:00+00:00,0.012983348,0.31355208,0.77451473,0.3836526,0.40686557,0.30414715,0.28898734,608.7947904418439,2773.3334803511957,1623.0657416251158,2070.7828639505856
690,2024-09-05 00:00:00+00:00,0.013090829,0.31724718,0.7777929,0.38750625,0.40687853,0.3041513,0.28897023,506.79303333761646,2801.686972497973,1755.0226562663581,2217.384274343333
691,2024-09-05 01:00:00+00:00,0.013103718,0.31942496,0.7787814,0.39389428,0.40689707,0.3040415,0.28906137,563.2062536332433,2799.9098364834867,1763.4991136914002,2044.9824580079014
692,2024-09-05 02:00:00+00:00,0.0130130695,0.3219819,0.7783687,0.4087222,0.40694183,0.3037181,0.28934,585.1624569990366,2762.5376066908852,1677.5108350673174,1978.8236496902828
693,2024-09-05 03:00:00+00:00,0.012822656,0.32481915,0.7770613,0.40893316,0.4067365,0.30365783,0.28960565,607.792569245562,2666.458569418518,1786.147910952922,1988.5977732279723
694,2024-09-05 04:00:00+00:00,0.012571525,0.32581547,0.7748387,0.40347472,0.40650827,0.30369177,0.28979987,581.8867629453806,2477.611096265871,1837.7844019917982,2148.949141183503
695,2024-09-05 05:00:00+00:00,0.012270399,0.32636362,0.77231663,0.41749296,0.4065461,0.3033294,0.29012448,604.6940612558243,2129.6811241899263,1792.7706755572844,1998.651927022642
696,2024-09-05 06:00:00+00:00,0.011937935,0.32655716,0.76987535,0.42563272,0.4065273,0.3030894,0.29038334,516.6070882479204,1636.2523339298707,1768.0360775919928,1889.5540874940307
697,2024-09-05 07:00:00+00:00,0.011601658,0.3261671,0.76753896,0.4498674,0.4067521,0.30252632,0.29072154,417.2503617274771,1202.3448496053763,1698.3910157560233,1911.5580172593372
698,2024-09-05 08:00:00+00:00,0.011326118,0.32556868,0.76560795,0.46081972,0.40669873,0.3024701,0.29083112,391.95565013863825,1063.6395132090422,1854.9529478738405,2055.5512022778335
699,2024-09-05 09:00:00+00:00,0.011137576,0.32646772,0.7640138,0.36503276,0.40539122,0.30418432,0.2904245,382.3628047585666,1047.088811603016,1885.9602502830494,1918.0698057961818
700,2024-09-05 10:00:00+00:00,0.010989967,0.32670543,0.762771,0.38655916,0.40565792,0.30365056,0.29069152,368.5078443303533,1063.8800481563133,1614.7127798237952,1826.1524556659544
701,2024-09-05 11:00:00+00:00,0.010888989,0.32732555,0.7618591,0.38893282,0.40561357,0.30356973,0.29081666,396.54675040080036,1072.9428306450604,1406.8804260487623,1807.6040406520726
702,2024-09-05 12:00:00+00:00,0.010838877,0.3283669,0.7617231,0.3012957,0.40378734,0.306005,0.29020756,476.6453611480228,1085.7133092007045,1214.7858360491828,1959.9858475391409
703,2024-09-05 13:00:00+00:00,0.01085687,0.33036283,0.7627944,0.22786246,0.40204936,0.30760652,0.29034412,449.95644349425856,1073.6040450066928,1255.9459075288491,1822.4588957779035
704,2024-09-05 14:00:00+00:00,0.010935904,0.3322871,0.76511854,0.20464401,0.40151227,0.30779275,0.29069495,320.99113374948485,1096.023662449446,1399.8999211729254,1754.8831194228949
705,2024-09-05 15:00:00+00:00,0.011068196,0.33432573,0.76956105,0.21275091,0.40183917,0.30786315,0.29029775,238.6249162315776,1143.1394716594493,1521.9731578198368,1804.8442583074368
706,2024-09-05 16:00:00+00:00,0.0112426635,0.33553094,0.77551425,0.2636661,0.40328962,0.30747622,0.28923413,181.6472265296031,1231.374733008189,1640.0281650497393,2009.447102524234
707,2024-09-05 17:00:00+00:00,0.011443014,0.33618867,0.78288776,0.3197904,0.40486163,0.3059897,0.28914875,215.32226480057616,1421.3336802840768,1742.7752446420734,1831.6410256000897
708,2024-09-05 18:00:00+00:00,0.0116564445,0.3359955,0.79064494,0.3149238,0.4051437,0.3063522,0.2885041,379.2017699555001,1891.1219274213229,1711.0432970331474,1708.5125566879015
709,2024-09-05 19:00:00+00:00,0.011881552,0.33579516,0.7979481,0.25416148,0.40417716,0.3083571,0.28746572,481.6067207067667,2339.46428528407,1545.507002985157,1674.778328844097
710,2024-09-05 20:00:00+00:00,0.012105938,0.33676723,0.80516857,0.22042172,0.40369672,0.30885473,0.28744847,431.2941493100443,2668.2703542937124,1268.297691342215,1868.2984438977685
711,2024-09-05 21:00:00+00:00,0.012300966,0.3377817,0.8114623,0.20686235,0.40362728,0.30911466,0.28725806,512.5105017756761,2874.2464945342795,1318.1541765900565,1690.9739923280622
712,2024-09-05 22:00:00+00:00,0.012441933,0.33865952,0.8162508,0.19167598,0.4034309,0.3093747,0.28719443,643.117928093386,2992.5786445856743,1496.1591650506004,1561.4227308799818
713,2024-09-05 23:00:00+00:00,0.012540393,0.33852422,0.8197442,0.21560164,0.40417653,0.30932856,0.28649497,704.1842567166099,3048.8173382799664,1567.2654844029191,1550.2208248651925
714,2024-09-06 00:00:00+00:00,0.01254287,0.3392215,0.82109475,0.1827894,0.40340543,0.3095956,0.28699887,668.699691424965,3031.202311516225,1620.4227555944747,1737.6307944946586
715,2024-09-06 01:00:00+00:00,0.012426138,0.34064323,0.8209707,0.18052654,0.40328327,0.30958793,0.28712875,724.9092056498133,2921.259770375081,1597.8173438203492,1644.42689863591
716,2024-09-06 02:00:00+00:00,0.012198727,0.3424091,0.8195943,0.18065375,0.40314913,0.3095163,0.28733456,685.7778280599372,2660.214105765282,1642.2650038432257,1582.6643734281042
717,2024-09-06 03:00:00+00:00,0.011877425,0.34371775,0.8171615,0.18506831,0.4030929,0.30938518,0.28752193,539.4371445808027,2158.941165159009,1812.6972495411012,1603.3776013409426
718,2024-09-06 04:00:00+00:00,0.01148691,0.34435016,0.8141814,0.19506717,0.40317875,0.3092055,0.28761575,263.440192705358,1456.089918487479,1801.1702738166139,1802.0572426941837
719,2024-09-06 05:00:00+00:00,0.011048975,0.34468517,0.8109073,0.19530867,0.4030167,0.30910265,0.28788066,134.99481307375163,982.592189739012,1771.1046225799075,1671.4230863211953
720,2024-09-06 06:00:00+00:00,0.010581511,0.34482995,0.8072111,0.19482599,0.40281948,0.3090021,0.28817838,141.7404656949632,807.9732010902636,1625.8051257390505,1552.7368950146922
721,2024-09-06 07:00:00+00:00,0.010114063,0.34447914,0.80317366,0.20606531,0.40290493,0.30883095,0.28826416,190.29136021586496,737.8052158847876,1490.2883553923778,1517.7575994657425
722,2024-09-06 08:00:00+00:00,0.009686807,0.34372607,0.7981577,0.17258246,0.40189913,0.30888128,0.28921962,247.2523729763377,700.7228899525365,1551.5540510994863,1664.3147801942032
723,2024-09-06 09:00:00+00:00,0.00934241,0.34443262,0.7929965,0.15062715,0.40108702,0.3088626,0.29005042,259.31235784650454,750.1903625433997,1663.8745734799843,1484.0139584786878
724,2024-09-06 10:00:00+00:00,0.009047113,0.34465536,0.78821146,0.15658309,0.4010002,0.30872717,0.2902727,249.73988261544037,809.0951872936952,1507.1044403282758,1379.9622541896133
725,2024-09-06 11:00:00+00:00,0.008813282,0.34535584,0.7845151,0.15955405,0.40088254,0.3086492,0.29046828,264.96116202774874,840.1342617168503,1459.4336768255816,1313.44795525625
726,2024-09-06 12:00:00+00:00,0.008642545,0.34610486,0.7818057,0.15411498,0.40064958,0.30870694,0.29064345,357.87934782470603,858.2385334675168,1417.919354108777,1484.5561913323572
727,2024-09-06 13:00:00+00:00,0.008535282,0.3469367,0.7802186,0.13972111,0.4002953,0.308911,0.29079375,360.4776966745591,877.8157844851536,1426.0496611684157,1325.4071156909592
728,2024-09-06 14:00:00+00:00,0.008484817,0.34766936,0.78014535,0.16300176,0.40068334,0.30856618,0.29075047,310.6847149585498,889.2510434045325,1449.9640837941279,1259.5547342901637
729,2024-09-06 15:00:00+00:00,0.008499744,0.34831342,0.782037,0.20469283,0.40162784,0.30819547,0.29017666,307.2476876544569,900.1099411498759,1516.3563459245522,1267.7346654876426
730,2024-09-06 16:00:00+00:00,0.008573555,0.3485602,0.78546554,0.26177022,0.4031277,0.30767635,0.28919592,324.0334878772067,924.9772052709046,1473.7750269033397,1496.4158245332783
731,2024-09-06 17:00:00+00:00,0.008686275,0.34809273,0.7901689,0.32929212,0.40485653,0.3058017,0.2893418,247.43400202236023,952.1178826337956,1523.8505163058019,1303.954638703254
732,2024-09-06 18:00:00+00:00,0.008845376,0.34771547,0.79506737,0.31425837,0.40478995,0.30638194,0.28882816,176.03080465784979,1032.092215353496,1592.1748760111889,1214.493231533125
733,2024-09-06 19:00:00+00:00,0.009044232,0.34755805,0.7994893,0.23826538,0.4033394,0.3085337,0.28812692,239.54934632166382,1235.83652078589,1584.6764345569302,1173.6479271007076
734,2024-09-06 20:00:00+00:00,0.009256171,0.3475405,0.80251914,0.10486546,0.40035394,0.3093891,0.290257,182.87868845471198,1504.551084460253,1399.112781224793,1349.8443424551542
735,2024-09-06 21:00:00+00:00,0.009426755,0.34723306,0.80447394,0.13716875,0.40118122,0.30922863,0.28959018,224.48322763078477,1718.1627284569022,1440.4678367868794,1194.8463318060858
736,2024-09-06 22:00:00+00:00,0.009511486,0.3476048,0.80584943,0.15682548,0.4017276,0.30916345,0.28910893,315.6480685167481,1836.731872606192,1530.7672967803107,1118.329207502549
737,2024-09-06 23:00:00+00:00,0.009530154,0.346799,0.8066552,0.11549774,0.4007608,0.30935878,0.2898804,430.591623489979,1860.4763278230887,1602.9320508396322,1021.0345085068693
738,2024-09-07 00:00:00+00:00,0.009451237,0.34630182,0.8065838,0.10577652,0.4005588,0.30942568,0.29001555,433.90174171759594,1745.9695620285222,1566.2862353934863,1107.9790974789619
739,2024-09-07 01:00:00+00:00,0.009257324,0.34658688,0.8057755,0.102905236,0.40045783,0.30943894,0.29010326,452.2225763079293,1497.6928814705823,1520.9444340432783,1023.6616252268641
740,2024-09-07 02:00:00+00:00,0.008939077,0.34780648,0.8043292,0.104124986,0.40039453,0.30941963,0.2901858,353.8184950428778,1173.2888590231644,1571.6081846194495,1018.5351941666086
741,2024-09-07 03:00:00+00:00,0.00851203,0.34892473,0.8024512,0.10629868,0.4003415,0.30938914,0.29026932,293.7595411047374,920.1080954719779,1759.6069340377446,1036.4518637355516
742,2024-09-07 04:00:00+00:00,0.00800982,0.34945148,0.8000115,0.108899295,0.40029898,0.3093478,0.29035324,208.470764074853,736.6561380161756,1828.1279049041457,1241.1261488447738
743,2024-09-07 05:00:00+00:00,0.007443846,0.34995115,0.79704803,0.10904062,0.40018374,0.309318,0.29049835,183.3841148706891,592.6101157298084,1803.6510042160608,1134.523116245751
744,2024-09-07 06:00:00+00:00,0.0068371,0.35013843,0.79363036,0.10565569,0.39998344,0.30930713,0.2907094,155.8231994009133,466.12881374391964,1742.3881892393536,1085.5715720270407
745,2024-09-07 07:00:00+00:00,0.006213602,0.35015073,0.7897,0.104124375,0.3998117,0.30927646,0.29091176,178.14156978866808,376.6855769568865,1628.6278840049624,992.9621487737815
746,2024-09-07 08:00:00+00:00,0.005585374,0.3500525,0.7845656,0.11092598,0.39977354,0.30919376,0.29103276,176.272527102299,325.07120785356113,1620.4514702554486,1122.7917044592075
747,2024-09-07 09:00:00+00:00,0.004981645,0.35003302,0.77803284,0.13147269,0.39995435,0.30904675,0.2909989,166.92596893570285,380.662389227384,1595.0696496492935,911.5266810217181
748,2024-09-07 10:00:00+00:00,0.004413253,0.34962192,0.7716088,0.14344816,0.39993164,0.30880088,0.2912675,131.09475152582874,437.277058336749,1431.9339490440846,826.04591124053
749,2024-09-07 11:00:00+00:00,0.003936112,0.350356,0.76660055,0.1644225,0.40008208,0.30843797,0.29147997,111.9055576573082,471.8499985585426,1471.7339566872652,715.1948780304746
750,2024-09-07 12:00:00+00:00,0.0035618478,0.3516985,0.763273,0.17779398,0.40013742,0.3082095,0.2916531,155.9177045921285,483.3809862476403,1600.5189480974368,860.418644450316
751,2024-09-07 13:00:00+00:00,0.0032749376,0.3522097,0.76133555,0.17333622,0.39995927,0.3082602,0.29178056,155.29531307324962,480.8109226345548,1584.576903339923,704.1082377445678
752,2024-09-07 14:00:00+00:00,0.0030799587,0.35226187,0.760743,0.16240396,0.3997361,0.30842078,0.29184312,198.72947646891657,461.54057665280124,1646.5189081491735,680.3184922649262
753,2024-09-07 15:00:00+00:00,0.0029781517,0.35226548,0.7612334,0.15741321,0.399666,0.30850232,0.2918317,222.8561868780677,441.0954544340843,1640.3286872758429,639.0857103745377
754,2024-09-07 16:00:00+00:00,0.0029428923,0.35161754,0.76239645,0.1509519,0.39962208,0.30860916,0.29176867,210.57578447438917,426.92847454992625,1534.1545799188955,754.3808261196026
755,2024-09-07 17:00:00+00:00,0.0029462294,0.35070094,0.76347715,0.14098914,0.3995216,0.30876645,0.29171193,203.83964112478006,430.07083871077816,1379.9707517235784,694.994295055942
756,2024-09-07 18:00:00+00:00,0.0029802306,0.34998512,0.7641215,0.17314939,0.40015835,0.308282,0.29155964,189.9036769250496,478.4599316874571,1283.67055816334,749.7420855286522
757,2024-09-07 19:00:00+00:00,0.0030551818,0.34978455,0.7642924,0.20376188,0.40072396,0.3078209,0.29145515,207.58972209444946,520.5502906803971,1285.1656164134822,731.41821453044
758,2024-09-07 20:00:00+00:00,0.0031253763,0.35004324,0.7636272,0.23545928,0.40136588,0.3075089,0.29112524,212.23637362397315,515.0593928202771,1063.7444689065203,907.8893831732743
759,2024-09-07 21:00:00+00:00,0.0031462617,0.34944737,0.76237977,0.27703762,0.40228274,0.3065354,0.29118192,232.05304226274518,512.9037181560682,993.27525302624,868.4907480493849
760,2024-09-07 22:00:00+00:00,0.0030866764,0.34888977,0.76135445,0.31397238,0.40307647,0.30538872,0.29153478,280.2488780816211,519.3234489906403,997.0761718205931,951.6073572991178
761,2024-09-07 23:00:00+00:00,0.0029609592,0.34757528,0.7606476,0.33486366,0.4035648,0.30475047,0.29168472,255.57182966510547,549.2748870640964,1226.1990326817165,949.7053808265806
762,2024-09-08 00:00:00+00:00,0.0027394514,0.3459506,0.7601499,0.37131783,0.40428913,0.3038043,0.29190663,267.69592311807764,576.4461868839172,1262.208979785663,1077.8012664459422
763,2024-09-08 01:00:00+00:00,0.0023943796,0.34531292,0.7594928,0.4193215,0.4049397,0.30280808,0.2922522,264.81732124971955,608.9719104839064,1234.8881604451933,1076.0788300201987
764,2024-09-08 02:00:00+00:00,0.0019333159,0.34513405,0.7588447,0.42892328,0.40504318,0.30259785,0.2923589,290.5202153346784,627.9317146180141,1209.552711944075,1094.6293492359284
765,2024-09-08 03:00:00+00:00,0.0013746434,0.34510872,0.7586733,0.41311455,0.4048252,0.30290988,0.29226488,273.9077993260414,644.9683218128911,1341.7479264156075,1069.1597517593966
766,2024-09-08 04:00:00+00:00,0.00073931995,0.34526464,0.7592513,0.4065555,0.40475583,0.30306187,0.29218233,358.77557718865563,636.9103864575816,1397.1351220302877,1223.8787873062104
767,2024-09-08 05:00:00+00:00,5.6426004e-05,0.34526402,0.7607947,0.37564465,0.4044101,0.3037452,0.29184473,342.64072046445426,607.590125224545,1273.1805751126024,1097.444805298718
768,2024-09-08 06:00:00+00:00,-0.0006626067,0.34530866,0.76282966,0.35609958,0.40423575,0.30421746,0.29154676,364.67515690779004,594.5174825931002,1054.2717707898526,1028.0455564076094
769,2024-09-08 07:00:00+00:00,-0.0013996883,0.34531534,0.76604694,0.34929737,0.40429685,0.30446184,0.29124132,385.1082968069729,595.5983706394786,1139.5801663021173,937.7428147727805
770,2024-09-08 08:00:00+00:00,-0.0021440545,0.34529528,0.77088237,0.3184566,0.4038791,0.30550903,0.29061186,398.40438182847294,644.130048518415,1306.3082801174985,1004.644500346721
771,2024-09-08 09:00:00+00:00,-0.002873642,0.34519613,0.7787485,0.29821718,0.4038434,0.30632782,0.28982875,345.24771011138364,685.8596581170523,1199.7686550547287,862.588166476797
772,2024-09-08 10:00:00+00:00,-0.0035666279,0.34439057,0.78622735,0.29554024,0.40420288,0.30661336,0.28918377,336.09912974825596,712.4681019997867,1043.3386909007368,807.180240032624
773,2024-09-08 11:00:00+00:00,-0.0041580144,0.34432498,0.7924114,0.31151482,0.40486088,0.30630708,0.28883204,366.9227667238985,710.9311779930877,1121.7364223041118,772.7286324470292
774,2024-09-08 12:00:00+00:00,-0.0046416284,0.3439662,0.79689,0.36739814,0.40607435,0.3050488,0.2888769,394.3243891480329,708.6506337269412,1177.0273061053854,749.0075928488419
775,2024-09-08 13:00:00+00:00,-0.0050166016,0.3430943,0.8006118,0.4129119,0.4068989,0.30415094,0.28895018,390.7450618746181,715.1692898645166,1213.759527929008,735.1780153844188
776,2024-09-08 14:00:00+00:00,-0.0052764313,0.34161177,0.8033557,0.44536194,0.40745336,0.30351344,0.2890332,353.2937598729947,690.262043252896,1180.5103804838418,714.4756560830688
777,2024-09-08 15:00:00+00:00,-0.0054126563,0.3408037,0.8045593,0.45035458,0.40743375,0.30354,0.28902623,313.0789016258503,657.8889936838792,1219.8896760170712,800.1752629228384
778,2024-09-08 16:00:00+00:00,-0.005442537,0.34040597,0.8045838,0.40127203,0.40706542,0.3045123,0.28842235,308.1368505222709,662.3161225764369,1243.3301011528185,687.5101131607393
779,2024-09-08 17:00:00+00:00,-0.0053814296,0.34003383,0.80355257,0.26307428,0.40456927,0.30805638,0.28737438,323.94930390360315,703.0500500967258,1297.2173059976315,685.2613066528553
780,2024-09-08 18:00:00+00:00,-0.005244625,0.33950642,0.8015459,0.16029026,0.40211254,0.30925894,0.28862858,319.11976924473385,769.8108242515041,1356.4800103988748,651.7548275236036
781,2024-09-08 19:00:00+00:00,-0.005027914,0.3397771,0.79835,0.15969904,0.40192205,0.30916467,0.2889133,465.8633792296834,809.0048184431049,1617.8087137909986,628.1513884513364
782,2024-09-08 20:00:00+00:00,-0.004771108,0.3398343,0.7940082,0.20562142,0.40279034,0.3087784,0.28843126,433.30522595308986,831.3806749136793,1629.8680167340644,622.1426902720792
783,2024-09-08 21:00:00+00:00,-0.0045460067,0.3392918,0.79006803,0.24554873,0.4035503,0.30824277,0.28820693,464.663006893518,952.3512838349161,1496.4270529954144,571.6412439887614
784,2024-09-08 22:00:00+00:00,-0.0044176234,0.34007913,0.7879593,0.23956375,0.40327233,0.3083641,0.28836358,374.4838765617297,1016.2835308608313,1474.613636215536,598.2805373055241
785,2024-09-08 23:00:00+00:00,-0.0043572877,0.338482,0.7870797,0.19905703,0.4023456,0.30861613,0.2890383,483.17635836039426,1044.0910946228894,1491.5595242689012,579.9598584590556
786,2024-09-09 00:00:00+00:00,-0.0044248863,0.33678207,0.78786767,0.17109187,0.40180007,0.30881232,0.28938764,561.1531065293753,1039.8394689505901,1713.7979890230035,649.0460862142098
787,2024-09-09 01:00:00+00:00,-0.0046417695,0.335812,0.79005706,0.16183649,0.4017392,0.30894038,0.2893204,757.0160808216559,1000.0733763263961,1833.5008814232451,603.6674837372681
788,2024-09-09 02:00:00+00:00,-0.0050080223,0.3365245,0.7927474,0.15730847,0.40173686,0.30904302,0.2892201,722.147677028754,905.8753537699496,1825.1790106713809,635.8373410707633
789,2024-09-09 03:00:00+00:00,-0.005484954,0.337484,0.7954771,0.15565409,0.4017942,0.30912924,0.28907657,678.8882545316065,780.2595532353562,1871.0871162977903,635.8342559348383
790,2024-09-09 04:00:00+00:00,-0.0060313838,0.33808628,0.79771,0.15917574,0.4019674,0.30917546,0.28885713,551.6032375932976,639.1874465688347,1907.4666036277006,612.6036657162415
791,2024-09-09 05:00:00+00:00,-0.0066235783,0.33838207,0.7991741,0.16969232,0.40228292,0.3091634,0.28855363,536.7777223278639,506.682229477935,1768.3897130898538,602.9330280682017
792,2024-09-09 06:00:00+00:00,-0.007246455,0.33846056,0.80035526,0.18649147,0.40274307,0.30911115,0.28814584,522.5801105598246,390.1224421504814,1604.1432759207976,577.7452343105432
793,2024-09-09 07:00:00+00:00,-0.007856417,0.33827522,0.8011468,0.20550255,0.40324655,0.30903888,0.28771463,532.930015049309,288.16835335715587,1543.4107336182844,579.6936814064023
794,2024-09-09 08:00:00+00:00,-0.008427171,0.3362722,0.8018989,0.20269667,0.4033194,0.3091002,0.2875804,429.5996355817481,208.92660930536832,1517.6696293096613,540.2258946788473
795,2024-09-09 09:00:00+00:00,-0.008901194,0.336072,0.80324584,0.19709297,0.40326753,0.3091773,0.28755516,459.039280661065,197.58430564028666,1537.5355521779984,506.0051506187124
796,2024-09-09 10:00:00+00:00,-0.009337093,0.33523905,0.80402756,0.2270567,0.40405497,0.30905065,0.28689432,430.0039965775156,289.0359973819763,1395.6683195078986,470.63455637698644
797,2024-09-09 11:00:00+00:00,-0.009691328,0.3349475,0.8040858,0.2518233,0.40462634,0.30840644,0.28696722,491.94973817732694,392.61556650195774,1509.1418616501567,469.1540790984838
798,2024-09-09 12:00:00+00:00,-0.009962565,0.33370423,0.80365354,0.28367278,0.4053632,0.3074608,0.28717598,431.47009151423475,439.8695474730635,1448.5382736743259,424.7063853510195
799,2024-09-09 13:00:00+00:00,-0.010145302,0.3314342,0.8023516,0.3236204,0.4062704,0.30627683,0.28745273,391.87662851649884,452.91705413349274,1314.9981885255213,453.4886042427907
800,2024-09-09 14:00:00+00:00,-0.0102361925,0.32983476,0.8002159,0.37526652,0.40704516,0.30503953,0.28791535,299.03358707626165,437.342392556055,1115.3809806581355,454.6682368204145
801,2024-09-09 15:00:00+00:00,-0.010255771,0.3289023,0.7967785,0.4355742,0.4076331,0.30354515,0.28882173,287.6288941848759,406.14662719148674,1165.3683313811573,467.0499651468285
802,2024-09-09 16:00:00+00:00,-0.010222598,0.32855332,0.7915962,0.48481235,0.40705305,0.30347958,0.2894674,289.1679999334203,394.811095861814,1120.3464948471183,489.4592437462258
803,2024-09-09 17:00:00+00:00,-0.010148083,0.3286918,0.7848847,0.5233004,0.40681547,0.30412737,0.28905722,304.1273991574276,401.3277351628124,1098.4300129382948,459.3936007415059
804,2024-09-09 18:00:00+00:00,-0.010040557,0.32874045,0.7773049,0.5656899,0.4064536,0.30544686,0.28809962,291.52218369613126,381.2280070289764,1099.4102782328735,481.828954687744
805,2024-09-09 19:00:00+00:00,-0.009893509,0.32884285,0.7692057,0.620527,0.40568075,0.3076656,0.28665376,270.42306603643317,358.3189438450584,1051.0764412674441,516.4348683287348
806,2024-09-09 20:00:00+00:00,-0.009717189,0.32888559,0.7606489,0.7542183,0.40453315,0.31210175,0.2833651,210.27287912152386,338.3444307246379,923.2836929570698,607.9143237710447
807,2024-09-09 21:00:00+00:00,-0.009550294,0.3281881,0.7526852,0.8544566,0.40328157,0.3144695,0.282249,194.2907403432852,339.5287418585794,942.5463097678129,644.7080956231052
808,2024-09-09 22:00:00+00:00,-0.009438366,0.3278676,0.74535435,0.8267587,0.40277442,0.31390682,0.28331876,192.5401020296329,349.31468732484956,913.7853818457124,701.3561394277932
809,2024-09-09 23:00:00+00:00,-0.009373572,0.32551283,0.7395264,0.863302,0.40320766,0.3146066,0.2821858,171.60501094031665,363.01737377005657,888.4846075319375,743.6233882659282
810,2024-09-10 00:00:00+00:00,-0.009414403,0.32307,0.73503464,0.9100267,0.40376666,0.31551403,0.28071922,148.35409435492812,383.7403665443865,1012.9891782473918,796.1850465891556
811,2024-09-10 01:00:00+00:00,-0.00958536,0.32079443,0.73206794,0.9679319,0.4044341,0.31663257,0.27893338,148.90542843260187,401.5754224777829,1138.2915946420019,748.5179439303123
812,2024-09-10 02:00:00+00:00,-0.009882957,0.32012698,0.73105013,0.9907534,0.4046703,0.31707332,0.27825642,128.5115540445827,400.61063583964307,1088.2827320134263,705.9393265938052
813,2024-09-10 03:00:00+00:00,-0.010264774,0.31965178,0.7314948,0.9976804,0.40474004,0.3172313,0.27802867,123.9165858443725,373.19421881055456,1118.3408197810338,648.5918040320415
814,2024-09-10 04:00:00+00:00,-0.010709143,0.31935936,0.73308754,1.0047677,0.40482396,0.3173948,0.27778134,160.47099172437163,360.41083993616013,1094.5082207065122,686.0659426250992
815,2024-09-10 05:00:00+00:00,-0.0111956075,0.31928724,0.73526305,1.011007,0.40490288,0.31754032,0.27755672,157.48268254334224,380.0005013366044,968.3186037437578,586.6218327763212
816,2024-09-10 06:00:00+00:00,-0.011698636,0.31927282,0.737968,1.0029334,0.40483332,0.31743196,0.27773473,190.97274118401188,453.4236602461774,876.0802866526432,538.3140978453004
817,2024-09-10 07:00:00+00:00,-0.012176523,0.3194968,0.7416881,0.9545579,0.40431824,0.31659782,0.279084,205.8567731238064,506.0730370192351,1032.3564586528826,505.39805452819627
818,2024-09-10 08:00:00+00:00,-0.012614989,0.31696308,0.7460896,0.87002945,0.4033204,0.3151884,0.2814912,241.22972277572822,548.2700784351094,1096.4043600370858,501.10746587021987
819,2024-09-10 09:00:00+00:00,-0.012918669,0.31856218,0.75086653,0.78727657,0.40352598,0.31361192,0.28286204,257.15358015507826,549.5661738317134,1215.8186503261538,463.10165410315125
820,2024-09-10 10:00:00+00:00,-0.013172403,0.31805158,0.7553433,0.7003371,0.40492418,0.31078774,0.28428808,235.28048771687074,526.4633105772367,1169.3523444154657,440.32100352812523
821,2024-09-10 11:00:00+00:00,-0.01336,0.31689727,0.75865895,0.6948913,0.40503618,0.31074014,0.28422365,270.4612579372897,479.3941761969181,1163.4722610930476,425.1657220721897
822,2024-09-10 12:00:00+00:00,-0.013480294,0.3141427,0.76075923,0.66974807,0.40513286,0.3101672,0.28469995,296.5216456660773,446.7738916738408,1292.9630763954613,420.8469755076815
823,2024-09-10 13:00:00+00:00,-0.013521709,0.31220654,0.76141995,0.5873535,0.40629953,0.30646747,0.287233,230.5253638385474,403.7633993887801,1167.2480850763152,388.4507722829944
824,2024-09-10 14:00:00+00:00,-0.013506385,0.30946746,0.76028204,0.5022776,0.40682936,0.3033023,0.28986838,175.43798455716822,356.2956000159299,949.6884127117664,402.4437711340526
825,2024-09-10 15:00:00+00:00,-0.013430213,0.30702984,0.75677156,0.41850615,0.40676764,0.30298603,0.29024637,205.3275121872498,330.6038355760813,944.1046790275337,418.6042808511018
826,2024-09-10 16:00:00+00:00,-0.013299749,0.30572072,0.7513114,0.33575034,0.40533417,0.30464476,0.2900211,229.4070689837864,320.6278168717655,1030.5255560855228,463.37897351402245
827,2024-09-10 17:00:00+00:00,-0.013132494,0.30514386,0.743652,0.2810528,0.4037474,0.30609676,0.2901558,176.87043218041458,312.85480243616774,1043.493687546735,459.75294830825237
828,2024-09-10 18:00:00+00:00,-0.01292825,0.3052073,0.7349707,0.2573359,0.40274423,0.30659539,0.2906604,149.6310653874747,306.2631175622815,1040.9843098691024,480.3489579182322
829,2024-09-10 19:00:00+00:00,-0.012680334,0.30566102,0.7261781,0.245134,0.40196618,0.3067362,0.2912977,129.39013890993084,283.72312909879446,1122.5315318769115,518.213693626418
830,2024-09-10 20:00:00+00:00,-0.012394522,0.305869,0.7173887,0.24566434,0.40148738,0.30647525,0.29203746,122.80450096087814,271.2399951852644,1120.917272875791,582.9035130659068
831,2024-09-10 21:00:00+00:00,-0.0121006835,0.30535656,0.7092702,0.24697459,0.40111026,0.30623266,0.29265705,137.72401727476986,318.51739628939475,1039.5686844420793,608.1386216237771
832,2024-09-10 22:00:00+00:00,-0.01183994,0.3044017,0.70308834,0.23887533,0.4007423,0.306363,0.2928947,124.92085375137417,374.6269752660507,992.9551320678842,634.7927031059568
833,2024-09-10 23:00:00+00:00,-0.011618163,0.30215308,0.6979361,0.23909271,0.4006187,0.30627984,0.29310143,105.55140727136592,414.01851162973026,1012.8391860182227,678.294300010141
834,2024-09-11 00:00:00+00:00,-0.011477967,0.2985683,0.696514,0.24624729,0.4008387,0.30610433,0.293057,121.52635580813099,421.07299291607615,1170.1036939786975,719.6108492626144
835,2024-09-11 01:00:00+00:00,-0.011456663,0.2967865,0.6974989,0.26403293,0.40127677,0.30539915,0.29332408,130.5989826899763,423.28562714793355,1158.1918482114263,716.8962121915496
836,2024-09-11 02:00:00+00:00,-0.011543557,0.29572743,0.70041245,0.2659697,0.40154088,0.3054291,0.29303002,134.56717172275452,401.02790166847575,1212.7519114293348,690.202060056863
837,2024-09-11 03:00:00+00:00,-0.011720231,0.29522553,0.70442563,0.24311484,0.40125757,0.30625865,0.2924838,168.4126652141019,385.9396833480728,1351.3968412466447,674.1119986140528
838,2024-09-11 04:00:00+00:00,-0.011962826,0.2943863,0.7087972,0.22234432,0.4010899,0.30663654,0.29227355,158.2137098557757,354.44930018257355,1344.3891493739186,674.7006121698738
839,2024-09-11 05:00:00+00:00,-0.012265733,0.2941972,0.71318775,0.20826446,0.40102005,0.30691254,0.29206744,153.5884490091728,320.91278963971166,1259.9569707696658,611.5420727812439
840,2024-09-11 06:00:00+00:00,-0.012595914,0.29418913,0.7173486,0.20166068,0.40107235,0.30706823,0.29185936,161.7756742773689,335.1124572798745,1004.1562087764678,577.1932910659033
841,2024-09-11 07:00:00+00:00,-0.01292714,0.2938951,0.72033966,0.2124511,0.4014424,0.306981,0.29157665,152.59461248898288,381.76108959865957,1025.9611501956344,555.1308903004812
842,2024-09-11 08:00:00+00:00,-0.01320454,0.2922406,0.72315055,0.21694864,0.40179574,0.3070636,0.29114065,152.3135491177563,407.96861080030703,1166.641964874465,546.9619118931867
843,2024-09-11 09:00:00+00:00,-0.013364014,0.29383087,0.72463894,0.30066743,0.40377316,0.30503288,0.2911939,198.31396086653285,415.5180217910263,1265.6962495559662,534.1211029665873
844,2024-09-11 10:00:00+00:00,-0.013480706,0.2933873,0.72554266,0.36517206,0.405238,0.30314514,0.2916169,181.65304199621664,407.0533318572379,1272.8271727990234,507.2170059779049
845,2024-09-11 11:00:00+00:00,-0.013556111,0.2906043,0.72578204,0.36391643,0.4053816,0.3031962,0.29142225,162.83686623498264,407.9109656542737,1191.6580484322021,478.9629068304336
846,2024-09-11 12:00:00+00:00,-0.013559118,0.2872679,0.72539353,0.31007195,0.40436494,0.30481657,0.2908185,145.42192559255045,422.4266799508041,1052.7307303918176,486.76010750485256
847,2024-09-11 13:00:00+00:00,-0.013489443,0.28449145,0.72417986,0.2324117,0.40263528,0.30708227,0.2902824,146.4461025577616,422.71437564729007,1070.1288464812887,453.77845844567764
848,2024-09-11 14:00:00+00:00,-0.01335574,0.2808487,0.7217724,0.17199998,0.4012448,0.30751583,0.2912394,110.68200743422301,404.10076117968055,960.1579047227983,470.7218449047079
849,2024-09-11 15:00:00+00:00,-0.013166522,0.27908748,0.7176464,0.1759355,0.4012183,0.3073949,0.29138678,96.68033021105532,382.7651566186473,842.3291017142639,485.42018660792115
850,2024-09-11 16:00:00+00:00,-0.012934057,0.27786443,0.7114266,0.2090952,0.40168583,0.30686572,0.29144844,167.6117787455265,362.32602516137575,773.0103357555887,519.286750531378
851,2024-09-11 17:00:00+00:00,-0.012661315,0.2780288,0.70311856,0.24459,0.40211228,0.3063433,0.29154444,148.13956335529647,341.3679710798072,771.1861775747174,532.5948978023409
852,2024-09-11 18:00:00+00:00,-0.012336018,0.2788603,0.69379514,0.26370654,0.4020023,0.3054492,0.29254842,109.23054923420993,327.82350725651037,828.1711486011078,538.6926989651755
853,2024-09-11 19:00:00+00:00,-0.011965989,0.27931032,0.6841524,0.2676277,0.40152705,0.30503798,0.29343504,108.98621220477925,309.0947504070346,842.3393267703287,576.8876493743275
854,2024-09-11 20:00:00+00:00,-0.011559733,0.27910936,0.6775705,0.30406544,0.40202296,0.303655,0.29432207,109.0377699299185,312.05332844278297,808.8121153178777,628.5363204331765
855,2024-09-11 21:00:00+00:00,-0.011128781,0.27787155,0.673821,0.36716893,0.40334082,0.30153242,0.29512677,108.6024532145613,360.9712122033969,837.0232137569119,663.5400262106318
856,2024-09-11 22:00:00+00:00,-0.010741883,0.2775072,0.67098045,0.36902785,0.40324035,0.3013873,0.2953723,121.82489170247668,415.8297532934273,785.4959432481468,681.6864590071604
857,2024-09-11 23:00:00+00:00,-0.01037174,0.27238208,0.66896033,0.3931446,0.4038439,0.30073336,0.2954227,104.16179306135682,472.1436284547631,932.6475710894956,713.182664244778
858,2024-09-12 00:00:00+00:00,-0.010124744,0.27063113,0.668181,0.40516242,0.4040749,0.30045357,0.29547155,136.787445903591,488.81632039076493,1025.9082023249732,746.4107619726486
859,2024-09-12 01:00:00+00:00,-0.01000927,0.2691139,0.66907996,0.38354325,0.40389374,0.30096912,0.29513705,121.28594596505702,488.8092542929512,1089.7805627147238,757.6055980391792
860,2024-09-12 02:00:00+00:00,-0.010024025,0.267417,0.67100626,0.38177976,0.40406698,0.30108678,0.2948462,117.08146043296335,464.0471476235945,1073.9370396937372,723.4444546200813
861,2024-09-12 03:00:00+00:00,-0.010161269,0.2671845,0.67330474,0.38494608,0.40424994,0.3010993,0.29465088,124.13422110145531,449.36912196399663,1127.4625735601342,710.6424831413719
862,2024-09-12 04:00:00+00:00,-0.010375069,0.2669022,0.67574394,0.40193966,0.4046421,0.3008165,0.29454142,134.67750450247127,416.4937344674706,997.7255350412973,713.8556960227507
863,2024-09-12 05:00:00+00:00,-0.010640914,0.26680046,0.6781765,0.40103063,0.40476328,0.30092332,0.2943134,145.73575784675106,364.84749005205157,894.1025244033049,684.7039593438168
864,2024-09-12 06:00:00+00:00,-0.010938677,0.26687402,0.6801733,0.39851716,0.40482804,0.30104813,0.29412377,152.52980525163147,358.9194012392393,903.769439600372,640.1507238345788
865,2024-09-12 07:00:00+00:00,-0.011230183,0.26592767,0.6821794,0.36008307,0.40427735,0.30213368,0.29358897,133.42764737474502,408.3850252845302,992.5310344852172,626.2350836117085
866,2024-09-12 08:00:00+00:00,-0.011441449,0.2650031,0.6835651,0.35355052,0.40425402,0.30238983,0.29335615,137.60160153700056,441.578030850531,995.3091765486279,612.5057443856732
867,2024-09-12 09:00:00+00:00,-0.01153381,0.2669447,0.6845087,0.4232165,0.40540007,0.30067596,0.293924,164.5632969352795,442.99634680924584,1106.7579138170113,597.748010231005
868,2024-09-12 10:00:00+00:00,-0.011569634,0.26641902,0.6850894,0.435959,0.40556094,0.3005551,0.29388398,174.5813780343989,437.82725494191203,1089.0656812479194,570.7201333827292
869,2024-09-12 11:00:00+00:00,-0.01155627,0.26489794,0.6856093,0.3173245,0.40353405,0.30360323,0.2928627,168.17883565304112,444.85095006102546,1091.9738123455463,545.5411478501206
870,2024-09-12 12:00:00+00:00,-0.011480497,0.2621093,0.6856876,0.21273969,0.40125814,0.30631393,0.29242796,167.2330726035169,455.5674641894472,1036.0000361768523,555.8721787855735
871,2024-09-12 13:00:00+00:00,-0.011324625,0.25954828,0.6855493,0.14622565,0.39995345,0.3072602,0.2927864,167.98310823555985,451.8323147146934,1023.3614104036161,532.8563000064311
872,2024-09-12 14:00:00+00:00,-0.011093815,0.25671527,0.6849229,0.10703477,0.39886203,0.3073709,0.2937671,140.39302710483355,438.23104288523274,1017.4199726288148,549.7577373268526
873,2024-09-12 15:00:00+00:00,-0.010795984,0.2550395,0.6838324,0.08253509,0.39804965,0.30730256,0.2946478,119.04252955333531,422.38312982576144,985.0189499746301,575.2112309143293
874,2024-09-12 16:00:00+00:00,-0.01042852,0.25437105,0.6821895,0.0914435,0.3982618,0.30723888,0.2944993,126.50980869170985,400.89982537811983,871.5228989270912,619.498386329104
875,2024-09-12 17:00:00+00:00,-0.00999911,0.2547453,0.6817421,0.09787959,0.3984284,0.3072182,0.2943534,124.40174683888415,384.4636684055549,832.6162795172951,637.856206436019
876,2024-09-12 18:00:00+00:00,-0.009486924,0.2557301,0.6799087,0.078206316,0.39764282,0.3071757,0.29518145,116.30885003975142,371.87401299113964,909.5158151552727,649.4565044600615
877,2024-09-12 19:00:00+00:00,-0.008882398,0.25573328,0.67577696,0.082165435,0.39753106,0.30704913,0.29541987,126.84429711701519,356.8401784234023,897.9353785235852,695.6159034760309
878,2024-09-12 20:00:00+00:00,-0.00821242,0.25467533,0.66910374,0.09588913,0.3975998,0.30687985,0.2955204,139.34710813263248,355.4530699237211,860.906141067553,740.8332255133814
879,2024-09-12 21:00:00+00:00,-0.007580706,0.25373125,0.6636982,0.11519596,0.39789888,0.30675042,0.29535064,138.88685354502024,416.2514983827764,852.443415657398,776.3879177662624
880,2024-09-12 22:00:00+00:00,-0.0070239664,0.25357187,0.65991825,0.10222027,0.39726692,0.30663612,0.29609695,113.02742585580081,470.2772994670684,908.855730040389,803.1446999128442
881,2024-09-12 23:00:00+00:00,-0.006526532,0.2503455,0.65684825,0.12107769,0.39773932,0.30644524,0.2958154,157.64684440832312,532.7668170030106,871.7976342951424,837.9989106996412
882,2024-09-13 00:00:00+00:00,-0.0061909575,0.2487072,0.65402365,0.10906627,0.3972654,0.30641037,0.2963242,190.2167759993232,555.2550565323219,868.7556870179783,864.6188679421797
883,2024-09-13 01:00:00+00:00,-0.0060499744,0.24844046,0.6525639,0.10201076,0.39696077,0.30635184,0.29668745,202.38209630051696,564.1750578788866,867.8284183864197,879.0320908260819
884,2024-09-13 02:00:00+00:00,-0.0060871122,0.24822393,0.6529411,0.109125875,0.39721563,0.3063744,0.29640996,185.57943590818948,556.0941175083643,957.0545065350378,841.0437558308992
885,2024-09-13 03:00:00+00:00,-0.006258759,0.24797031,0.6545089,0.11880962,0.39760315,0.30635747,0.29603943,187.2792560477051,535.0769752932761,988.6650859243418,855.0650756349222
886,2024-09-13 04:00:00+00:00,-0.006527848,0.24805887,0.6564002,0.13090996,0.39806452,0.3063198,0.2956157,241.67512991434685,512.7520983172099,853.9132961147992,851.7479857117829
887,2024-09-13 05:00:00+00:00,-0.006858745,0.24809289,0.65806335,0.14653187,0.3986157,0.3062501,0.29513422,258.9896419205208,465.62927187021296,755.905885178955,800.8869245213338
888,2024-09-13 06:00:00+00:00,-0.0072258115,0.24814652,0.6597174,0.1608413,0.39912903,0.30619305,0.29467794,237.47678039427043,446.5445804088431,696.5517363583989,748.6124876259782
889,2024-09-13 07:00:00+00:00,-0.007576081,0.24785009,0.66107017,0.17687231,0.3996841,0.3061103,0.29420564,206.93007313790213,522.8771397351792,884.5205003692637,739.7063539892961
890,2024-09-13 08:00:00+00:00,-0.007856987,0.24682364,0.66165316,0.18432446,0.39997023,0.30606,0.29396978,206.59065348326854,576.4304270786009,940.914357440464,723.4146396923516
891,2024-09-13 09:00:00+00:00,-0.007998684,0.24795778,0.6618618,0.23582996,0.4012457,0.30552977,0.29322448,222.19461588555654,591.9833408111435,923.702343220069,712.5986258143533
892,2024-09-13 10:00:00+00:00,-0.00805854,0.24714513,0.66271716,0.27120215,0.40205747,0.30461293,0.2933296,228.21079186150897,589.5157812242132,989.3380868966793,696.5627563322114
893,2024-09-13 11:00:00+00:00,-0.008028462,0.2458914,0.66427195,0.23921216,0.40150413,0.3054951,0.29300082,237.57915496580662,585.0218333010636,1158.1447625790836,679.80535380578
894,2024-09-13 12:00:00+00:00,-0.007905194,0.24477006,0.6653764,0.20133857,0.40074065,0.3060029,0.2932565,254.70055413948094,596.1680140813996,1226.0371928985905,668.4405851172141
895,2024-09-13 13:00:00+00:00,-0.0076903594,0.24351981,0.6656205,0.1874628,0.40039453,0.3060889,0.29351667,286.2934209503314,610.2640234913016,1194.8541706483943,662.3349678164197
896,2024-09-13 14:00:00+00:00,-0.0073692324,0.24249128,0.66440856,0.17745142,0.40006357,0.30610815,0.29382837,269.9797710661008,578.5431206185332,1160.3930637492447,661.6176479556891
897,2024-09-13 15:00:00+00:00,-0.0069251186,0.24249007,0.66191334,0.16417204,0.3995276,0.30613157,0.2943408,246.17881176265323,554.5539188972875,1329.6502375225302,637.8650106757758
898,2024-09-13 16:00:00+00:00,-0.00635957,0.24340788,0.6589457,0.167412,0.39940274,0.30602723,0.29457003,285.9547628871796,565.4231280017752,1369.5847027078264,616.5919506202026
899,2024-09-13 17:00:00+00:00,-0.005687115,0.24420118,0.65754664,0.18540943,0.3997945,0.30584776,0.29435766,273.7686459337987,606.1763997598131,1352.406698804934,575.424110336496
900,2024-09-13 18:00:00+00:00,-0.0049012993,0.24504364,0.66039824,0.21456654,0.40075207,0.30570188,0.29354608,348.4798127120246,687.8458038252825,1451.1546821737854,534.9404946742065
901,2024-09-13 19:00:00+00:00,-0.0040255864,0.24544372,0.66706073,0.27642807,0.40249035,0.30462247,0.29288715,431.92663825601136,759.7698519576558,1494.958953005808,472.86434460721335
902,2024-09-13 20:00:00+00:00,-0.0031180736,0.24469884,0.678995,0.34678754,0.4048564,0.30271968,0.29242393,488.4240584913112,821.2747757510596,1498.8913302438832,434.6676001562029
903,2024-09-13 21:00:00+00:00,-0.0022798486,0.24364607,0.69136345,0.31776264,0.40489984,0.3040457,0.29105443,507.68379357584837,960.9443913234269,1487.2384182777844,403.8849625869745
904,2024-09-13 22:00:00+00:00,-0.0015658839,0.24404055,0.70081764,0.2516694,0.40381855,0.3064487,0.28973275,583.2491622095804,1050.058827452255,1655.6265979805412,378.1401602577889
905,2024-09-13 23:00:00+00:00,-0.00094728335,0.24295488,0.7090332,0.24508537,0.40414393,0.3067607,0.2890954,682.8838005783406,1092.361165396384,1891.2959993713973,368.74525059183753
906,2024-09-14 00:00:00+00:00,-0.0005036501,0.24241678,0.7144624,0.20693415,0.40348706,0.30716613,0.28934684,727.6974650564074,1087.879668750424,2028.0042251536918,364.1770934390259
907,2024-09-14 01:00:00+00:00,-0.0002682166,0.24140154,0.718242,0.15677534,0.4023812,0.30772382,0.28989494,732.3936574744934,1033.5948628308863,1931.4915787719722,374.3179038901023
908,2024-09-14 02:00:00+00:00,-0.00024062465,0.24056889,0.7205165,0.124396764,0.40147546,0.30781737,0.29070714,797.2555450725222,942.9466102700849,1927.913025969114,414.19901465292196
909,2024-09-14 03:00:00+00:00,-0.00039408528,0.24084663,0.72196305,0.12257848,0.40148628,0.30786172,0.29065204,743.1635616088156,822.4683505247621,1816.4472681401994,404.3625200125745
910,2024-09-14 04:00:00+00:00,-0.0006827487,0.24102,0.7230334,0.11693287,0.40136027,0.3078992,0.29074046,699.2333307686416,694.0133328308044,1783.599310782892,399.93160732747134
911,2024-09-14 05:00:00+00:00,-0.0010717504,0.24112289,0.7239049,0.11032208,0.40119746,0.30793354,0.29086897,624.9611444706512,580.6730572149743,1576.2136394404424,399.53762978711285
912,2024-09-14 06:00:00+00:00,-0.0015157503,0.24121556,0.724659,0.11530649,0.40140495,0.30796358,0.29063144,682.5464567119261,495.1860436383508,1553.0874995816005,439.23287505171305
913,2024-09-14 07:00:00+00:00,-0.0019785007,0.24125686,0.7244509,0.12845385,0.4018524,0.30800715,0.29014042,702.4325657377443,418.10163020770364,1677.297533554631,419.0643871301914
914,2024-09-14 08:00:00+00:00,-0.002437318,0.24109483,0.722675,0.14294665,0.40227,0.30803087,0.2896991,703.3006440662148,377.5396230685278,1689.019307212436,416.6149039223878
915,2024-09-14 09:00:00+00:00,-0.002844951,0.24083413,0.7185856,0.13377963,0.40173757,0.30783334,0.29042917,661.4637361062046,379.01225313996196,1478.5589984489604,439.2172618952446
916,2024-09-14 10:00:00+00:00,-0.0031839255,0.23898084,0.71442604,0.15042801,0.40214416,0.30768618,0.29016975,661.3034858930263,376.52623823699975,1438.2151905886094,516.2379123537257
917,2024-09-14 11:00:00+00:00,-0.0033689986,0.23682344,0.71238726,0.16453789,0.40253884,0.30754742,0.28991377,711.5148017372162,364.89005194044915,1707.8077707229622,452.0943621961197
918,2024-09-14 12:00:00+00:00,-0.003382118,0.23584433,0.7122065,0.18060772,0.40300712,0.30742654,0.28956625,677.4766874736955,339.98648688541886,1577.1273252286671,478.4885662525349
919,2024-09-14 13:00:00+00:00,-0.0032830273,0.2340385,0.7126337,0.20621593,0.40379718,0.3072673,0.2889355,657.0356106122417,320.5718879620451,1464.0520891909048,571.7257448274403
920,2024-09-14 14:00:00+00:00,-0.0030781745,0.23289001,0.71347743,0.22894628,0.4044952,0.30713874,0.288366,615.1073679706033,307.3638899709112,1314.2370476787785,612.7065756324175
921,2024-09-14 15:00:00+00:00,-0.0028037059,0.23240459,0.71342766,0.2414829,0.4048398,0.30705285,0.2881073,571.1039242366246,304.92293297624934,1293.680537926016,504.90462915288253
922,2024-09-14 16:00:00+00:00,-0.0024867705,0.23238665,0.7107265,0.26761428,0.40532857,0.3063272,0.2883442,515.5478966629115,327.1190567781955,1147.7339703377147,489.2470178354561
923,2024-09-14 17:00:00+00:00,-0.0021688163,0.2322351,0.7033667,0.33610013,0.406548,0.30394608,0.28950593,500.09709540609197,359.67422363630914,1039.46007692938,548.183708304926
924,2024-09-14 18:00:00+00:00,-0.0018545511,0.23226538,0.69264376,0.43743476,0.4075115,0.301617,0.29087153,478.2033725487058,387.9644888194303,1024.718800373618,607.5814122980104
925,2024-09-14 19:00:00+00:00,-0.0015065187,0.23204733,0.68004227,0.5349526,0.4069532,0.3037335,0.28931335,496.32504379680876,411.4799758592635,1171.3867374286797,573.5505785622621
926,2024-09-14 20:00:00+00:00,-0.0011771331,0.23138623,0.6666215,0.61365604,0.40622202,0.30733556,0.2864425,514.4409890347591,435.8141418760547,1206.2774716786494,614.5776253300901
927,2024-09-14 21:00:00+00:00,-0.000913532,0.23101076,0.65425205,0.6362109,0.40551537,0.30791032,0.2865742,477.94706674268554,458.4845619093939,1076.9967340041997,666.1184945486785
928,2024-09-14 22:00:00+00:00,-0.0007256343,0.23102088,0.64408374,0.6231139,0.40516,0.30643132,0.28840873,418.39277975342446,472.3353776322222,1076.203347206831,691.2494881338375
929,2024-09-14 23:00:00+00:00,-0.0005844657,0.23034133,0.63576263,0.6580809,0.4045431,0.30802083,0.28743607,405.6089122708269,476.0851396788202,1167.610015893387,645.2427759947219
930,2024-09-15 00:00:00+00:00,-0.0005588274,0.22940996,0.62894714,0.6877895,0.4039623,0.3093915,0.2866462,406.1507107876527,469.14538107582706,1140.621223850904,643.3682975420946
931,2024-09-15 01:00:00+00:00,-0.00069322466,0.22891232,0.6237157,0.7306724,0.4025053,0.31195745,0.28553727,391.1556590977045,475.0669173605347,1070.3585470395612,622.2175669232862
932,2024-09-15 02:00:00+00:00,-0.00097942,0.22876982,0.6194547,0.801035,0.4016764,0.31543043,0.28289315,399.93913348708475,472.5006281130431,1014.044436138045,612.3570508166123
933,2024-09-15 03:00:00+00:00,-0.0013872066,0.2287819,0.6159483,0.8424055,0.40177396,0.3162474,0.28197867,391.254003182662,464.2597451666266,908.2386608967245,568.2400967583844
934,2024-09-15 04:00:00+00:00,-0.0018852758,0.2289663,0.6131886,0.84920186,0.40173417,0.31638256,0.28188327,369.89039765392744,443.03426386591383,830.8996051851046,569.4501094804463
935,2024-09-15 05:00:00+00:00,-0.0024296269,0.2289935,0.61076266,0.8520651,0.40168324,0.31644988,0.28186682,351.85276409570844,412.9937573633052,698.8398609559378,569.0739448956614
936,2024-09-15 06:00:00+00:00,-0.0030017542,0.2290349,0.6083022,0.8673003,0.40172398,0.31676394,0.28151208,390.78288821554696,391.84491744580396,687.4146643117389,587.7505951324134
937,2024-09-15 07:00:00+00:00,-0.0035736351,0.2290316,0.60596955,0.8774628,0.4018012,0.31697935,0.28121942,419.2167165795231,368.2059877922564,937.2112986371804,530.88422790524
938,2024-09-15 08:00:00+00:00,-0.004123768,0.22894658,0.60399985,0.8557151,0.40151688,0.31656566,0.28191742,394.80550501556127,366.66146752128884,901.4809786884465,509.9013023384004
939,2024-09-15 09:00:00+00:00,-0.0046189516,0.22886118,0.60210276,0.811121,0.40092352,0.31556576,0.28351063,348.45519296619733,373.51805438621847,737.7151287141706,519.7376981949154
940,2024-09-15 10:00:00+00:00,-0.005048066,0.22723716,0.6002832,0.75484794,0.40112537,0.3121043,0.28677028,341.6003417225802,371.94839203663264,689.418477754015,551.9957158500073
941,2024-09-15 11:00:00+00:00,-0.0053384434,0.22616021,0.5992249,0.76655865,0.4010817,0.31288454,0.28603375,327.1022582157389,360.7456543257065,646.6972557319292,476.7718232741284
942,2024-09-15 12:00:00+00:00,-0.0055032778,0.22533831,0.59876215,0.8025829,0.4009536,0.3152084,0.28383797,315.89832341471543,326.321146836439,701.5254380541306,477.66222462432415
943,2024-09-15 13:00:00+00:00,-0.0055841445,0.22410697,0.59924203,0.7546754,0.40118623,0.31224415,0.28656963,282.6887189783062,287.3812367440483,651.3438903991588,473.4810194101173
944,2024-09-15 14:00:00+00:00,-0.005586175,0.22296587,0.60087365,0.6644125,0.40302354,0.3064275,0.29054892,244.36588174517638,264.0566595510345,637.0623827438335,489.96701707486494
945,2024-09-15 15:00:00+00:00,-0.0055122343,0.22189489,0.6045507,0.53291035,0.40347964,0.29882923,0.29769114,228.19973444543746,271.058045456915,770.4609175651403,465.94715678217034
946,2024-09-15 16:00:00+00:00,-0.005370212,0.2209867,0.6106131,0.4024941,0.40355504,0.29886293,0.2975821,212.6245773555504,334.4956066842366,912.9381895263095,466.0922266820166
947,2024-09-15 17:00:00+00:00,-0.005165212,0.22050849,0.61872554,0.2929093,0.4012727,0.3028112,0.29591602,209.8493321545778,390.56495408633623,1039.6006240167733,472.15518317573265
948,2024-09-15 18:00:00+00:00,-0.004892409,0.21991496,0.627584,0.20820248,0.39941067,0.30442494,0.29616436,237.21204689339288,426.819633355043,1178.524003416972,471.0731087939486
949,2024-09-15 19:00:00+00:00,-0.0045178514,0.22035685,0.6384025,0.19871575,0.3997707,0.3048081,0.29542115,238.81687655283972,437.42148999213026,1286.2387768821377,487.095080293743
950,2024-09-15 20:00:00+00:00,-0.0040576286,0.22071157,0.6504293,0.21069767,0.40081486,0.3050523,0.29413286,286.0495491608852,438.61323221952375,1490.7549157144815,518.4161038232666
951,2024-09-15 21:00:00+00:00,-0.003591532,0.2189536,0.66170585,0.2168471,0.40169778,0.30528533,0.29301697,326.6431738978822,439.7921017451526,1515.2827036191666,549.5864958169641
952,2024-09-15 22:00:00+00:00,-0.0031882029,0.21819764,0.67159146,0.21244581,0.4022549,0.30571803,0.29202697,331.8808429886951,437.86664977284596,1513.3045111712115,575.3854879824344
953,2024-09-15 23:00:00+00:00,-0.0028200361,0.21632758,0.6802561,0.22290199,0.40330115,0.3061522,0.2905467,318.34407554123896,429.7543242917206,1520.7377487902013,605.4629028599489
954,2024-09-16 00:00:00+00:00,-0.0026074147,0.21503052,0.6890126,0.22274722,0.40393037,0.30654165,0.28952798,302.7727529635534,406.3677437799409,1603.5133615616544,605.2480299673491
955,2024-09-16 01:00:00+00:00,-0.002584188,0.21375696,0.69684285,0.21270561,0.40412217,0.3069358,0.288942,239.4163145064183,394.4874127106653,1574.108832275899,570.293405946074
956,2024-09-16 02:00:00+00:00,-0.002742497,0.2126319,0.70189637,0.20726186,0.40428168,0.30719632,0.28852198,260.04236223509355,377.60818103978136,1601.3181236406588,529.71045623612
957,2024-09-16 03:00:00+00:00,-0.0030411268,0.21181443,0.7050145,0.20540822,0.40442747,0.30734843,0.28822407,215.9075341452668,370.89853246997865,1435.8822950073154,507.1863563023116
958,2024-09-16 04:00:00+00:00,-0.0034384676,0.21130128,0.70728725,0.20101137,0.40444928,0.30748373,0.28806698,257.28313223016517,353.262074925578,1425.673960230328,488.600740146924
959,2024-09-16 05:00:00+00:00,-0.0039007035,0.21106772,0.7091781,0.20388633,0.40463525,0.30754235,0.28782246,226.90499639711035,375.27759745159597,1176.3788014986656,458.3853522709375
960,2024-09-16 06:00:00+00:00,-0.004394967,0.21092032,0.71143186,0.20410134,0.4047633,0.30763462,0.28760204,236.14443518164254,412.0011764865324,1261.691365383275,422.26140278241564
961,2024-09-16 07:00:00+00:00,-0.004879051,0.21136302,0.715181,0.21289468,0.40516534,0.30770648,0.28712824,278.3102805570449,437.8169226024061,1490.3245667371446,407.9666631389675
962,2024-09-16 08:00:00+00:00,-0.005317806,0.21193811,0.71961135,0.2178386,0.40548822,0.30783165,0.2866802,296.01210219489417,456.317768421153,1509.226945731684,394.8852725618537
963,2024-09-16 09:00:00+00:00,-0.0056283283,0.21536256,0.7237721,0.23441984,0.4059705,0.30780905,0.2862204,387.1365999761681,432.09470234999225,1748.3655949510442,392.9556663576302
964,2024-09-16 10:00:00+00:00,-0.0058670607,0.21508619,0.7270097,0.26597902,0.40693033,0.3071208,0.28594887,380.13814651614894,385.98670173040045,1625.8104727127172,386.4573737635576
965,2024-09-16 11:00:00+00:00,-0.0060058185,0.21411057,0.7282059,0.3063856,0.40801004,0.30584696,0.286143,372.0244227923645,338.05482972170836,1587.6253165081034,387.4221157896439
966,2024-09-16 12:00:00+00:00,-0.0060580117,0.21374495,0.72823066,0.34114727,0.40885022,0.3047316,0.2864182,388.21298047909994,318.7655157836316,1617.6058179401673,375.41388621228134
967,2024-09-16 13:00:00+00:00,-0.0060520633,0.21330394,0.7274485,0.36917734,0.40948588,0.30378342,0.28673068,330.4962679491009,287.84378632970106,1385.0078523252553,379.96961598721765
968,2024-09-16 14:00:00+00:00,-0.005989397,0.21305808,0.72616965,0.407141,0.40971172,0.3031815,0.28710675,244.16966903884122,280.5494596244946,1107.022282058777,380.53518210654283
969,2024-09-16 15:00:00+00:00,-0.005875138,0.21291046,0.72428197,0.44780377,0.4092261,0.3031873,0.2875865,217.8694153112282,283.2162691222825,1039.4025567236504,413.7507138384404
970,2024-09-16 16:00:00+00:00,-0.0057110502,0.21271089,0.7215289,0.48640808,0.409029,0.30435207,0.28661892,220.82314722991114,306.75394189555794,1009.1727291475263,438.41603061267364
971,2024-09-16 17:00:00+00:00,-0.005494378,0.21229525,0.7180516,0.5253126,0.4086947,0.30603716,0.28526816,235.76664730232264,328.44946163205174,1031.9098118037234,454.3911581287477
972,2024-09-16 18:00:00+00:00,-0.0051953616,0.2121916,0.71312237,0.5653276,0.40829188,0.30773774,0.28397036,294.87755793080896,340.15338495841075,1247.4100523745872,487.19339875332463
973,2024-09-16 19:00:00+00:00,-0.0048120357,0.21239355,0.70626575,0.5621293,0.40820077,0.3073233,0.28447595,205.3113535953199,340.0555377136423,1049.7834252974847,559.9558842224118
974,2024-09-16 20:00:00+00:00,-0.0043564877,0.21272874,0.6976914,0.509787,0.40845597,0.30450463,0.28703937,180.39462028367151,334.63161396410936,967.4533080921128,595.1438268925928
975,2024-09-16 21:00:00+00:00,-0.003903115,0.21189791,0.6888739,0.4638395,0.40810174,0.30227235,0.28962585,188.2866555615207,366.4414240120456,838.9703251466511,652.7199121397215
976,2024-09-16 22:00:00+00:00,-0.0035173767,0.21159817,0.6817093,0.44277188,0.4078847,0.3017569,0.29035845,205.95124817533065,409.32993924245284,855.2492712349435,690.205270664188
977,2024-09-16 23:00:00+00:00,-0.0031929705,0.20947856,0.6765358,0.40242347,0.4077983,0.3013321,0.29086965,231.5309865711205,450.89148833200625,865.1196385061879,751.3289115691069
978,2024-09-17 00:00:00+00:00,-0.0030793059,0.20872156,0.67476207,0.41746983,0.40778834,0.3012918,0.2909199,240.65404140440992,466.5034698836516,953.3850821661523,782.8969718211565
979,2024-09-17 01:00:00+00:00,-0.00321517,0.21039122,0.6763621,0.44192728,0.40770742,0.3015326,0.29075992,248.66906414681026,468.43217840307625,904.8334520774669,781.2203765041585
980,2024-09-17 02:00:00+00:00,-0.0035301258,0.21112716,0.6797814,0.44298157,0.40781954,0.30168366,0.2904968,250.4134766890937,474.3519494578768,932.5905527693662,752.5492518487371
981,2024-09-17 03:00:00+00:00,-0.0039759283,0.21160264,0.68383837,0.4134533,0.40806744,0.30160895,0.29032356,279.52788795008746,461.15081229600156,921.2155684516871,753.8658491393186
982,2024-09-17 04:00:00+00:00,-0.0045085866,0.21185158,0.6880457,0.36797848,0.40754572,0.30266425,0.2897901,231.52303009107627,439.92766197507444,1011.1873056459867,697.0532054462541
983,2024-09-17 05:00:00+00:00,-0.0050867316,0.21192479,0.6920296,0.32363024,0.406733,0.30417097,0.28909594,237.69266356399416,437.4699536854887,777.207087606506,656.8930399167989
984,2024-09-17 06:00:00+00:00,-0.0056596682,0.21144666,0.6958494,0.2796091,0.4059246,0.30569154,0.28838384,243.44558753100625,502.61555641643685,869.6861637341566,622.3424003443173
985,2024-09-17 07:00:00+00:00,-0.0061577344,0.21103051,0.6972779,0.19226062,0.40364456,0.30709332,0.28926215,228.7931781854476,548.6273484875755,916.5800670144648,610.3645112119758
986,2024-09-17 08:00:00+00:00,-0.0065465947,0.2090406,0.6988975,0.14131165,0.40200216,0.30718014,0.29081765,219.1486306221591,586.9543909378261,868.7293592014371,586.6320449533114
987,2024-09-17 09:00:00+00:00,-0.006695804,0.2109532,0.6993325,0.080569975,0.3998907,0.30710948,0.29299977,253.80651571197436,595.5323673389533,823.4298410491415,584.4868032028147
988,2024-09-17 10:00:00+00:00,-0.0067310827,0.2111589,0.69945705,0.10901335,0.4008273,0.3071047,0.29206795,219.18698795938016,581.9929952645631,843.7180236408029,559.8536482668984
989,2024-09-17 11:00:00+00:00,-0.006699199,0.21113688,0.69943565,0.09470696,0.4003557,0.30710846,0.2925359,229.29027223827646,555.0098531527486,932.3316197648373,560.2652879316024
990,2024-09-17 12:00:00+00:00,-0.006627225,0.21106909,0.6994685,0.06712747,0.39954266,0.3072054,0.293252,233.10308253476958,548.5778296394918,1007.3235745410797,548.7355980416567
991,2024-09-17 13:00:00+00:00,-0.006511888,0.21113117,0.69936514,0.050078586,0.3991775,0.30740374,0.29341874,221.7595231598838,531.8278146566512,979.5005432092094,543.1121934873354
992,2024-09-17 14:00:00+00:00,-0.0063386215,0.21132505,0.6986331,0.05487609,0.39922866,0.30732468,0.29344663,192.78322630163828,499.6894305956736,1034.9606551338431,565.2663431891666
993,2024-09-17 15:00:00+00:00,-0.006067044,0.21196692,0.69664913,0.06615362,0.39933065,0.30713427,0.2935351,155.5362344923484,455.5196436511159,1148.2215818065088,607.0943045736516
994,2024-09-17 16:00:00+00:00,-0.005702488,0.21242614,0.6931589,0.08115699,0.39952037,0.3069383,0.2935413,154.31393088405062,418.57478059975136,1142.8821651028375,622.2083076650657
995,2024-09-17 17:00:00+00:00,-0.0052789142,0.21228932,0.6883662,0.099732704,0.39987138,0.30679038,0.29333827,161.7795184820703,401.3175148866103,1114.351903005758,649.6958772015208
996,2024-09-17 18:00:00+00:00,-0.004740938,0.2124144,0.68089056,0.12185087,0.40018883,0.3065681,0.29324308,164.5111851422962,383.3446460801477,1213.2052579201556,667.9789960184474
997,2024-09-17 19:00:00+00:00,-0.0040781563,0.2127781,0.67135817,0.14762302,0.4004401,0.30606028,0.29349965,145.7837130137367,374.84492532813744,1179.8508799353974,727.3214724139115
998,2024-09-17 20:00:00+00:00,-0.0033279117,0.21318564,0.6612022,0.17024569,0.40050796,0.30553037,0.29396167,178.80600312238562,367.5533226136626,1213.9263140403516,754.1487086767869
999,2024-09-17 21:00:00+00:00,-0.00256085,0.21264288,0.6500877,0.19595973,0.4005935,0.3049956,0.2944109,238.91682229017567,411.7474140986472,1172.5570954790771,795.5600585425545
1000,2024-09-17 22:00:00+00:00,-0.001925966,0.21312241,0.6437171,0.21521063,0.40074182,0.3046593,0.2945989,245.0777981037232,483.5053657144743,1150.6430202312015,830.894790004374
1001,2024-09-17 23:00:00+00:00,-0.0013859143,0.21173191,0.6385536,0.24952924,0.40146,0.30421698,0.29432306,192.97616998010218,543.373015400723,1214.5210410407644,868.1179178172633
1002,2024-09-18 00:00:00+00:00,-0.0010790472,0.21278018,0.636204,0.24139392,0.40104336,0.30421817,0.29473847,223.52481719691977,565.8040303600673,1432.6184316453218,882.5125514162
1003,2024-09-18 01:00:00+00:00,-0.0010006177,0.21379326,0.6353412,0.2369485,0.40082812,0.30424044,0.2949314,198.49210901062463,594.041494124289,1333.8600249888714,906.5752392800772
1004,2024-09-18 02:00:00+00:00,-0.0011243938,0.21536107,0.63592815,0.24865516,0.4011549,0.304197,0.29464805,193.25504244807942,600.8570177185256,1315.3199768593697,880.2275794037622
1005,2024-09-18 03:00:00+00:00,-0.0013997954,0.21624893,0.637119,0.2564052,0.4014278,0.30419475,0.2943774,189.97463425468268,581.2232029656328,1332.0726746730118,917.6057107337028
1006,2024-09-18 04:00:00+00:00,-0.0017740179,0.216683,0.6385921,0.26039612,0.40162516,0.3042242,0.29415062,191.72155197619807,563.4713641458037,1422.1607577124257,874.6443140133151
1007,2024-09-18 05:00:00+00:00,-0.0022266216,0.21720877,0.64001894,0.26419538,0.40182164,0.3042706,0.29390773,165.55094034442232,510.98115839911105,1291.2351642053018,835.0043229011291
1008,2024-09-18 06:00:00+00:00,-0.0027032078,0.21728978,0.640256,0.2628448,0.40180045,0.30429357,0.29390597,145.79614636644078,491.92007302070806,1219.0106603997767,796.083808430013
1009,2024-09-18 07:00:00+00:00,-0.0031443944,0.21664068,0.6405927,0.27355754,0.4022314,0.30409834,0.2936702,149.4445402681812,559.9263543624664,1601.861096144911,793.0240110890257
1010,2024-09-18 08:00:00+00:00,-0.003473895,0.21473062,0.6405593,0.29690403,0.40309784,0.30343923,0.293463,136.4779211024668,590.7203114435799,1640.5977327441112,750.4839221026106
1011,2024-09-18 09:00:00+00:00,-0.0035868383,0.21657716,0.6406137,0.25307852,0.4015781,0.3043785,0.2940434,167.173745209232,606.691184881713,1751.474131093052,753.0241207342552
1012,2024-09-18 10:00:00+00:00,-0.0036118526,0.21676046,0.6405639,0.26091337,0.40180197,0.3043323,0.2938657,160.95066623089477,618.230450695793,1653.2578697590316,731.1020296563714
1013,2024-09-18 11:00:00+00:00,-0.0036032675,0.21704617,0.6406752,0.26033962,0.4017771,0.30433583,0.29388714,165.5087482294517,622.4859312610982,1645.3697730881752,739.3085294559829
1014,2024-09-18 12:00:00+00:00,-0.0035589836,0.21695304,0.640758,0.2647993,0.40194553,0.3043518,0.29370263,152.2457852676066,638.9783610279611,1582.8940179889553,710.6560653851484
1015,2024-09-18 13:00:00+00:00,-0.0034182707,0.21747822,0.64051026,0.26158106,0.4017855,0.30432507,0.29388934,141.50383536454908,617.4126793616817,1574.6798380119271,720.3971964505762
1016,2024-09-18 14:00:00+00:00,-0.0031868492,0.2177342,0.6399751,0.242453,0.4011869,0.30444726,0.29436585,144.89116431015327,592.0111667827549,1389.6263593584174,736.0392939264622
1017,2024-09-18 15:00:00+00:00,-0.002829514,0.2190015,0.6392697,0.20666118,0.4000591,0.3047103,0.29523063,134.2410541608991,529.2336355068825,1587.4812345793543,760.5279727277181
1018,2024-09-18 16:00:00+00:00,-0.0023672872,0.21946836,0.6381618,0.19138543,0.39952362,0.30479416,0.29568228,123.24247129676382,462.81623999453467,1496.2182309776738,768.1491082160584
1019,2024-09-18 17:00:00+00:00,-0.0017953318,0.21956481,0.63568366,0.20543784,0.39976537,0.30460134,0.29563332,159.13863323434717,432.77702219606164,1479.130607377126,789.6554744397844
1020,2024-09-18 18:00:00+00:00,-0.0010982533,0.22004527,0.6325787,0.22266369,0.40004635,0.30436924,0.2955844,173.22545521674567,430.78445537276184,1324.6445742116257,788.2408124206745
1021,2024-09-18 19:00:00+00:00,-0.0002885062,0.22115347,0.62813795,0.24748059,0.40044406,0.30404818,0.29550776,150.82098887705186,434.5771083237249,1298.5979591265595,821.8562888206092
1022,2024-09-18 20:00:00+00:00,0.00054773316,0.2211663,0.6241661,0.27927312,0.40109426,0.30348295,0.29542276,107.22469943758354,430.96055574394194,1074.1925238965168,839.1573125849014
1023,2024-09-18 21:00:00+00:00,0.0013376127,0.22082832,0.62417966,0.31298652,0.40205365,0.30228916,0.29565725,102.09110123852456,485.7396872462976,951.3432864731154,862.5121314391045
1024,2024-09-18 22:00:00+00:00,0.0019926392,0.22170255,0.62442607,0.27190086,0.40085885,0.30370936,0.29543182,99.19726764011523,525.6118479150815,981.8623710348174,876.8181919221773
1025,2024-09-18 23:00:00+00:00,0.0025792308,0.21948402,0.6248824,0.2698988,0.40088755,0.30368856,0.29542392,114.5016231932301,563.2673793492726,1143.360476551803,888.7869175263291
1026,2024-09-19 00:00:00+00:00,0.002947602,0.21940783,0.624524,0.22954826,0.39968383,0.30397412,0.29634207,189.96741772396317,594.837689555794,1196.2608983607126,879.8377534398414
1027,2024-09-19 01:00:00+00:00,0.0030668352,0.22200993,0.62472206,0.22124656,0.39936632,0.3040829,0.2965508,196.19290814311069,607.0309687353412,1179.119404643595,883.9427315256174
1028,2024-09-19 02:00:00+00:00,0.0029697323,0.22423638,0.6246978,0.21849251,0.39921427,0.30414128,0.29664442,163.0481696322214,603.4418224286563,1140.7762216586746,864.7425237908866
1029,2024-09-19 03:00:00+00:00,0.002745301,0.22445887,0.62478083,0.21688862,0.3991705,0.30416515,0.29666433,162.04178119217374,588.3251986446579,1218.7768130449294,902.9234075947519
1030,2024-09-19 04:00:00+00:00,0.002378941,0.22634602,0.6244713,0.22537267,0.3993458,0.3041284,0.29652575,112.28524858591447,554.5887469696598,1267.99941000876,879.30664269636
1031,2024-09-19 05:00:00+00:00,0.0019619092,0.226388,0.62446344,0.22636776,0.3993825,0.3041311,0.29648644,109.41168054381922,501.2009998198576,1278.1986038291332,834.3812746822035
1032,2024-09-19 06:00:00+00:00,0.0014997026,0.22648413,0.6244678,0.24872465,0.40004182,0.30397198,0.29598618,94.64930036245578,465.26074404575724,1281.0955655822333,813.1267700542338
1033,2024-09-19 07:00:00+00:00,0.0010587706,0.225954,0.6239246,0.26320034,0.40045738,0.30384907,0.29569352,73.37485042898349,534.8229707920597,1459.082233160388,793.2798628080744
1034,2024-09-19 08:00:00+00:00,0.0007308763,0.22409621,0.623661,0.29180548,0.40129927,0.3030265,0.29567423,104.16348991267039,562.0049798282205,1494.9184479168773,765.953524949971
1035,2024-09-19 09:00:00+00:00,0.0006081926,0.22572108,0.623421,0.26647285,0.40053976,0.30381688,0.29564342,131.3397857513667,554.8275236908504,1483.4076297221275,749.2362042290598
1036,2024-09-19 10:00:00+00:00,0.0005618057,0.22595829,0.6233785,0.2827476,0.40098095,0.30338222,0.2956368,124.13665112854672,567.7182096896996,1340.8225946906969,737.1677632504064
1037,2024-09-19 11:00:00+00:00,0.00057401473,0.22635841,0.6234654,0.283597,0.40099546,0.30335587,0.2956487,116.87918513239178,584.7423543215996,1546.8836518503656,728.0327495985752
1038,2024-09-19 12:00:00+00:00,0.0006369465,0.2263158,0.6235354,0.28804025,0.401119,0.3031884,0.2956926,133.0390588621332,589.7968193683856,1389.139239020532,728.4743759984491
1039,2024-09-19 13:00:00+00:00,0.000793865,0.2267863,0.623783,0.26155108,0.40037954,0.30387685,0.29574367,124.01568474933931,570.695330141203,1322.8999253316788,716.0382945237694
1040,2024-09-19 14:00:00+00:00,0.001038822,0.22707683,0.6239414,0.2503994,0.40004945,0.30396423,0.2959863,118.16195055368424,521.5092170739025,1248.4798849965032,730.913654995701
1041,2024-09-19 15:00:00+00:00,0.0013895021,0.22774231,0.6246405,0.23108499,0.3994998,0.3041349,0.29636532,93.98972018282393,467.4860940405492,1413.5912820318388,734.3571077632109
1042,2024-09-19 16:00:00+00:00,0.001844236,0.22809768,0.6251695,0.2361793,0.3996588,0.3041059,0.29623523,92.44029842804606,466.2671763012145,1422.0649150890292,748.6436897740531
1043,2024-09-19 17:00:00+00:00,0.0024013987,0.2282036,0.6256604,0.25624993,0.40025702,0.30395606,0.29578692,105.88034335901843,456.8987653982883,1375.07531125347,731.6515524315713
1044,2024-09-19 18:00:00+00:00,0.0030664543,0.22774784,0.6260371,0.2816418,0.40099996,0.30351228,0.29548782,125.54855383904965,483.463364661244,1351.0832469254701,733.8662190345599
1045,2024-09-19 19:00:00+00:00,0.0038272652,0.22750178,0.62803423,0.3145294,0.4020315,0.302371,0.29559746,137.0952350792538,495.5694186462525,1291.968706256693,761.0105110359613
1046,2024-09-19 20:00:00+00:00,0.0046536927,0.22732729,0.63025844,0.30158868,0.40176618,0.30285332,0.29538044,144.22150339975974,500.7062174945889,1245.0915444460352,777.0819182673354
1047,2024-09-19 21:00:00+00:00,0.0054012346,0.22674915,0.63221866,0.24914402,0.40042862,0.30410802,0.29546332,156.43701969627523,584.7110024044888,1160.3081794925392,780.4106572473484
1048,2024-09-19 22:00:00+00:00,0.0060200314,0.22734247,0.6341851,0.19740398,0.39901295,0.3045596,0.29642743,134.30219551106316,634.1812402787874,1194.7778744774998,799.3377138771656
1049,2024-09-19 23:00:00+00:00,0.006547155,0.22566837,0.6364141,0.20925438,0.3995347,0.30449203,0.29597327,190.8358269251622,658.0180881866785,1379.8742744406136,796.7387208080189
1050,2024-09-20 00:00:00+00:00,0.006865518,0.22566803,0.6376865,0.20794742,0.39956683,0.30453146,0.29590175,254.22487174785977,637.5012331055804,1483.5973092853571,790.7649732847003
1051,2024-09-20 01:00:00+00:00,0.006945088,0.22711103,0.63806003,0.17996298,0.39873046,0.30478373,0.2964858,239.63925461255178,612.2991964188051,1477.9899051891698,794.8323104815876
1052,2024-09-20 02:00:00+00:00,0.0068232496,0.22895561,0.6385375,0.15714991,0.3980438,0.30501243,0.29694375,213.02881965139014,572.0647938435416,1482.296571579729,785.8658401049885
1053,2024-09-20 03:00:00+00:00,0.0065585086,0.22997192,0.6385722,0.17300767,0.39847758,0.3049077,0.2966148,160.72642640038643,535.3831440311186,1420.0863235225254,796.3428427410796
1054,2024-09-20 04:00:00+00:00,0.0061822045,0.2305968,0.639036,0.15565555,0.3979933,0.30507904,0.29692775,111.86855474733682,483.2859020291501,1471.3517611105228,790.2078813311215
1055,2024-09-20 05:00:00+00:00,0.005738005,0.23081546,0.639066,0.16035528,0.39813375,0.30505556,0.2968107,123.21844478502646,420.03824707660914,1515.78215839315,752.40240689371
1056,2024-09-20 06:00:00+00:00,0.00526159,0.23082985,0.6391204,0.17768629,0.39864808,0.30492944,0.29642254,174.38458762645357,365.5472109203838,1566.74129174747,735.6743654715104
1057,2024-09-20 07:00:00+00:00,0.004806716,0.23044749,0.63837326,0.20756733,0.39948997,0.3046775,0.2958325,187.44404022634959,428.2464946463512,1618.8063552479882,715.6238052641598
1058,2024-09-20 08:00:00+00:00,0.004433541,0.22900602,0.6362633,0.21984501,0.39977276,0.30450776,0.29571941,157.3856655341967,467.303096327269,1588.8750117843622,701.8949503975606
1059,2024-09-20 09:00:00+00:00,0.0042434223,0.23065276,0.6343194,0.19297779,0.3988263,0.3046923,0.29648143,176.74542031117005,475.6896730784083,1587.445291603971,694.063411719486
1060,2024-09-20 10:00:00+00:00,0.0041451515,0.2309098,0.6332522,0.20611393,0.399136,0.3045645,0.29629943,157.60356248669623,487.3459053231299,1507.6448449839834,683.4260691150139
1061,2024-09-20 11:00:00+00:00,0.0041195676,0.23098746,0.6329732,0.2050904,0.3990873,0.30456635,0.29634634,155.18894200527035,507.2411055153246,1498.206926510383,669.2443849121997
1062,2024-09-20 12:00:00+00:00,0.0041679433,0.23097982,0.63331854,0.20884728,0.39921662,0.3045456,0.29623777,158.9936753957299,521.9863180225999,1423.1293642576304,671.454340694797
1063,2024-09-20 13:00:00+00:00,0.004298408,0.23077379,0.63455504,0.19824962,0.39898846,0.30465803,0.29635355,147.93179785321445,533.9504889485471,1237.4238358328696,660.1489410894674
1064,2024-09-20 14:00:00+00:00,0.0045241397,0.23015583,0.6371979,0.19890319,0.39918342,0.30471355,0.29610303,138.69736544392714,515.1084541292665,1146.837317192452,684.0907884438589
1065,2024-09-20 15:00:00+00:00,0.004864337,0.22955704,0.6430608,0.20128275,0.39961904,0.30484492,0.29553604,116.74107033132162,472.58866668091105,1096.3875720965464,690.8358288443029
1066,2024-09-20 16:00:00+00:00,0.005344992,0.22976793,0.6533044,0.20912683,0.40043977,0.3050671,0.29449308,110.51666865871324,469.69361129644625,1141.0943176812411,698.6716311600444
1067,2024-09-20 17:00:00+00:00,0.0059442483,0.2293712,0.66921574,0.22948563,0.4019657,0.30536574,0.29266852,102.45322271901476,472.1124879801966,1038.0230949423458,718.3913919298728
1068,2024-09-20 18:00:00+00:00,0.006666643,0.22963722,0.6906181,0.23359303,0.40346003,0.306261,0.2902789,125.39326552183667,501.25010042994137,1035.9692040719017,732.0648874870752
1069,2024-09-20 19:00:00+00:00,0.007480301,0.23007828,0.7150006,0.21360087,0.4041831,0.307248,0.28856888,166.73766862845468,513.8046014135704,1038.5064527315205,734.5421374493004
1070,2024-09-20 20:00:00+00:00,0.008317131,0.22963798,0.74060726,0.2401851,0.40611777,0.30801395,0.2858683,173.6879535516466,543.3139441958841,1026.064588684978,766.7457517675666
1071,2024-09-20 21:00:00+00:00,0.009063856,0.2291295,0.76249737,0.22982205,0.40686336,0.30889767,0.284239,189.83498458654006,613.0938105123488,844.4718471813845,791.7827700624175
1072,2024-09-20 22:00:00+00:00,0.009674862,0.22936557,0.7792201,0.18726373,0.40650162,0.3097984,0.28370005,189.65916264237126,650.546562007383,788.5291763685424,829.6142002173243
1073,2024-09-20 23:00:00+00:00,0.0101599805,0.22850546,0.791693,0.21832061,0.40786234,0.31001705,0.2821206,208.15195147117984,657.2065551710758,885.3316819985594,863.7878796234039
1074,2024-09-21 00:00:00+00:00,0.010454269,0.22795731,0.79827064,0.19397558,0.4075516,0.31042483,0.2820236,261.72379875652024,677.5031266212092,963.5121388274111,895.320849176172
1075,2024-09-21 01:00:00+00:00,0.010535678,0.22883774,0.80019474,0.15754698,0.4066106,0.3105223,0.2828671,284.0542791923667,666.9926106405787,814.1717921341306,901.7431122094786
1076,2024-09-21 02:00:00+00:00,0.010434241,0.22960944,0.7995557,0.12694624,0.40568575,0.31042668,0.28388757,288.5221388896007,648.299902189017,836.920566865967,908.3901488246456
1077,2024-09-21 03:00:00+00:00,0.0101750735,0.22990216,0.7971563,0.107481234,0.40501785,0.3103109,0.28467125,281.38266832234075,629.578987169264,870.4936908927516,884.0934909227749
1078,2024-09-21 04:00:00+00:00,0.009793778,0.23019987,0.79374313,0.0900115,0.4043596,0.31017047,0.28546992,260.41010549817116,589.0130558290709,958.375777336526,856.3528929729309
1079,2024-09-21 05:00:00+00:00,0.009337635,0.23035562,0.78989714,0.08097843,0.40392774,0.3100376,0.2860346,239.3051144492158,530.7424688570645,945.8826004000415,836.2035170674876
1080,2024-09-21 06:00:00+00:00,0.00882884,0.23049775,0.7854483,0.07565354,0.40357444,0.3098944,0.28653112,246.2583543898439,476.20469931783424,902.3691567385446,832.564785924057
1081,2024-09-21 07:00:00+00:00,0.008303787,0.23050551,0.7805069,0.083607115,0.40358722,0.30976477,0.28664798,232.2979831481831,420.61007966252447,1076.2135520148659,807.753452571584
1082,2024-09-21 08:00:00+00:00,0.0077947862,0.23043922,0.7747626,0.10045632,0.40382445,0.30962825,0.28654733,214.94758499388436,431.91960243066234,1018.3833817391093,787.7505433481329
1083,2024-09-21 09:00:00+00:00,0.0073363804,0.23046364,0.76751417,0.10403337,0.4036018,0.30941215,0.28698608,223.5061198339441,488.1703047337339,774.98150041102,768.5374597250624
1084,2024-09-21 10:00:00+00:00,0.0069347713,0.22986239,0.76067704,0.12767766,0.40400904,0.30925697,0.28673398,224.76484732493796,528.7621067496955,741.7444762249548,744.4761654567556
1085,2024-09-21 11:00:00+00:00,0.006655984,0.22989912,0.756117,0.14314075,0.4042534,0.30914694,0.28659967,206.486163955193,544.4043433727003,882.2054490782002,715.2510770024461
1086,2024-09-21 12:00:00+00:00,0.0065061995,0.23078029,0.75377256,0.1513667,0.40434965,0.3090802,0.28657016,226.04721522096975,531.1989063258652,931.4997843481443,699.3692869305369
1087,2024-09-21 13:00:00+00:00,0.0064578587,0.2319745,0.7527229,0.15062575,0.40422794,0.30903015,0.28674182,202.5183557181555,520.0723792793978,963.5769213708791,686.0986233440839
1088,2024-09-21 14:00:00+00:00,0.0064943093,0.23306307,0.7525977,0.14200549,0.40392143,0.30899286,0.28708565,164.60061239309752,525.0708135788296,1007.8965852968016,711.484186051759
1089,2024-09-21 15:00:00+00:00,0.006592992,0.234179,0.75284827,0.14207028,0.40388504,0.30898568,0.28712925,129.38273145024505,478.83059624338324,1028.5467519478964,720.1423777129997
1090,2024-09-21 16:00:00+00:00,0.006746319,0.23540875,0.75384873,0.15274791,0.40418857,0.30902418,0.28678727,120.03707866933807,465.1568403164292,1081.9141903898449,723.9949536801945
1091,2024-09-21 17:00:00+00:00,0.006949938,0.23646002,0.7551587,0.17386653,0.40477446,0.3089568,0.28626874,161.6767312490408,486.1068107204917,1104.8102656241933,738.5750330788369
1092,2024-09-21 18:00:00+00:00,0.0072022914,0.23711307,0.75732565,0.207501,0.40571764,0.30876723,0.2855151,166.18454820981265,502.063806855823,1122.8143875639346,747.3372206145397
1093,2024-09-21 19:00:00+00:00,0.0075054467,0.23749706,0.7605547,0.24700224,0.40685692,0.30858454,0.28455853,219.26111725911338,527.9389798448028,1116.1543306023502,745.1034717368411
1094,2024-09-21 20:00:00+00:00,0.007827384,0.23751195,0.7635181,0.27824733,0.40773675,0.30773118,0.2845321,245.62709250769763,586.1091866430493,1221.2406155268818,765.6542190993838
1095,2024-09-21 21:00:00+00:00,0.008097679,0.23787102,0.7653904,0.2658193,0.40750435,0.30819046,0.28430519,224.72540230336938,671.3414262601169,1146.9312705750554,783.8066054806462
1096,2024-09-21 22:00:00+00:00,0.008281512,0.2391653,0.7663783,0.24195524,0.40690678,0.30879876,0.28429446,183.9121540211905,708.3663500226962,1208.5555122260773,825.8287389683488
1097,2024-09-21 23:00:00+00:00,0.008396146,0.23968728,0.76670873,0.24957019,0.40708917,0.30873388,0.284177,210.53287737159985,697.1084200320253,1313.0892789946865,868.0912028982181
1098,2024-09-22 00:00:00+00:00,0.008381863,0.24087405,0.7661551,0.25843576,0.4072249,0.3084102,0.28436488,260.82150112432174,687.7076263548994,1488.0797883259077,920.12890433937
1099,2024-09-22 01:00:00+00:00,0.008215706,0.24243282,0.76458746,0.2634097,0.4072067,0.30817217,0.28462115,268.62987446261667,656.9165312830573,1524.3258745961666,931.1181776239509
1100,2024-09-22 02:00:00+00:00,0.007896799,0.24414717,0.7624961,0.26959714,0.40718812,0.3078733,0.28493857,237.64402899053857,642.1884229175265,1411.433388117138,936.411852367838
1101,2024-09-22 03:00:00+00:00,0.0074517503,0.24513258,0.76052105,0.27194417,0.40711612,0.307712,0.28517184,223.48504541861553,617.9256942082634,1471.1040814964429,918.1316949414982
1102,2024-09-22 04:00:00+00:00,0.006914492,0.24561971,0.75920814,0.27112478,0.4070209,0.30768168,0.2852974,198.4484960814203,575.5286989139519,1511.8267728868989,901.2419943087694
1103,2024-09-22 05:00:00+00:00,0.0063087307,0.2459367,0.75846416,0.2674807,0.4068915,0.30776384,0.28534466,192.70982194777125,513.7366341537014,1458.35093100584,834.5154020154606
1104,2024-09-22 06:00:00+00:00,0.0056519425,0.24614106,0.7587729,0.26066753,0.40673846,0.30798534,0.28527623,220.91447872496443,449.5342130807876,1429.5193851243694,818.6332072484962
1105,2024-09-22 07:00:00+00:00,0.0049752137,0.2461578,0.7610324,0.25422233,0.40669003,0.30826184,0.28504822,225.99849381333897,383.99853317757106,1504.649907859235,791.672163504853
1106,2024-09-22 08:00:00+00:00,0.004300394,0.24600424,0.7646623,0.263798,0.4070943,0.30806577,0.28484,212.4035802636674,360.4709976967676,1412.6818338575824,758.7038369856472
1107,2024-09-22 09:00:00+00:00,0.0036699458,0.24595612,0.7717993,0.30349514,0.4083489,0.30702952,0.28462163,214.78605032533747,460.0188480956667,1268.6841198526438,712.232086678393
1108,2024-09-22 10:00:00+00:00,0.003083687,0.24557617,0.77930593,0.37521484,0.40985098,0.30434018,0.2858088,202.62926579701124,555.6873219691159,1210.789924442521,684.2660087891778
1109,2024-09-22 11:00:00+00:00,0.0026109037,0.24621762,0.78478163,0.37196743,0.4098846,0.30449927,0.2856161,160.29409855982757,619.1223626154252,1335.4215948978692,657.6785346958849
1110,2024-09-22 12:00:00+00:00,0.0022461666,0.24719746,0.7882843,0.32608053,0.4092041,0.3064126,0.28438324,115.92376450274271,644.545523193223,1505.4010733977475,627.1389563394172
1111,2024-09-22 13:00:00+00:00,0.0019596636,0.24820192,0.79145914,0.2721872,0.4083624,0.30860025,0.28303736,119.55754875366627,632.2997806372992,1598.4084892761632,594.1499521335
1112,2024-09-22 14:00:00+00:00,0.001752617,0.24924348,0.79452336,0.22873175,0.40742493,0.30980718,0.28276783,136.00853471964356,586.8665936202586,1632.3991679151613,620.6118305504104
1113,2024-09-22 15:00:00+00:00,0.0016269734,0.25029993,0.79777956,0.19429393,0.40666038,0.31015122,0.28318837,175.8817337472459,499.32516229289166,1643.178455451364,641.1848180837222
1114,2024-09-22 16:00:00+00:00,0.0015709919,0.25115952,0.8017719,0.1783518,0.40639615,0.31039098,0.28321287,162.03343170118353,434.79112814357876,1489.1165103067306,687.7910445214479
1115,2024-09-22 17:00:00+00:00,0.0015916895,0.25211838,0.8065813,0.18682748,0.4067744,0.31047955,0.28274614,228.33090968228564,396.8637499427444,1538.3483339991587,661.4351032671884
1116,2024-09-22 18:00:00+00:00,0.0016957559,0.25253513,0.8119356,0.21117835,0.407587,0.31048197,0.28193113,261.53385576973756,372.95096189735494,1578.0993544212242,674.9187766619192
1117,2024-09-22 19:00:00+00:00,0.0018890656,0.2527077,0.816892,0.23519136,0.40810877,0.3102135,0.28167775,260.8837853928041,347.6680677227817,1586.009852981543,686.9511530442345
1118,2024-09-22 20:00:00+00:00,0.002136657,0.25277466,0.82123774,0.26551077,0.40868002,0.30909345,0.2822265,293.0330526704068,364.80347299000704,1642.987536575915,728.262169339905
1119,2024-09-22 21:00:00+00:00,0.002342684,0.25328574,0.82447076,0.2417825,0.4083411,0.31002623,0.28163263,340.4233779017168,436.2268052280535,1793.1576938828737,710.2292189850923
1120,2024-09-22 22:00:00+00:00,0.0024798878,0.2542485,0.82667565,0.18462281,0.40735674,0.3110184,0.28162476,343.12907981581765,476.69682337548556,1933.4070517183766,739.8831535481927
1121,2024-09-22 23:00:00+00:00,0.002577911,0.2536729,0.8277298,0.15840282,0.40683928,0.3111928,0.28196788,331.3995959072925,490.99514950936265,1943.6200811173323,788.2062753888405
1122,2024-09-23 00:00:00+00:00,0.0025009308,0.25521755,0.82912225,0.14535491,0.40647414,0.31118768,0.2823381,335.3975172803177,445.7353067414704,2045.863721056962,823.6285935887141
1123,2024-09-23 01:00:00+00:00,0.0022431363,0.25687367,0.83029366,0.1512444,0.4066188,0.31122074,0.28216037,321.9012855925788,405.32810741051657,2091.1537511814904,787.9079668035283
1124,2024-09-23 02:00:00+00:00,0.0018277839,0.2586321,0.83140457,0.1518356,0.40661258,0.3112413,0.28214604,273.4055331628619,396.47911411324066,1972.300944876095,797.5732892440732
1125,2024-09-23 03:00:00+00:00,0.0013061238,0.2594529,0.83258194,0.15246134,0.40665007,0.31127644,0.28207344,266.31644474002684,391.365300961505,1891.9426549346426,794.8087716486353
1126,2024-09-23 04:00:00+00:00,0.00071860495,0.2597967,0.83385766,0.15911706,0.4068509,0.31131345,0.28183562,286.2243499404645,352.24904035177815,1963.4862230627168,818.4639634578078
1127,2024-09-23 05:00:00+00:00,8.787648e-05,0.26000455,0.83555907,0.15871066,0.4068732,0.311342,0.2817848,307.92551841266146,308.21259246142836,1911.6111824789098,677.092095857923
1128,2024-09-23 06:00:00+00:00,-0.0005510121,0.2596688,0.8386089,0.14680482,0.40669397,0.311419,0.281887,313.8590733969706,331.0581833153963,1835.2763626757649,650.7628820034623
1129,2024-09-23 07:00:00+00:00,-0.0011375634,0.25921193,0.8418006,0.13011293,0.40641883,0.31151024,0.2820709,276.51984855738357,396.2134450869831,1802.778561341708,611.8533346621194
1130,2024-09-23 08:00:00+00:00,-0.0016267479,0.25687248,0.8462997,0.11272558,0.40620494,0.3116177,0.28217736,265.46915828388046,436.8250883136566,1799.8332693330874,607.140968781419
1131,2024-09-23 09:00:00+00:00,-0.0019062734,0.25822526,0.8503544,0.14533441,0.40694147,0.3115812,0.28147736,326.6774334321227,462.76053706610816,1932.013666462123,559.6425081816404
1132,2024-09-23 10:00:00+00:00,-0.0020840615,0.25866827,0.8533647,0.22658677,0.40846688,0.3107132,0.28081992,317.2170359273843,462.2546363815166,1924.2940875738968,560.3814940985019
1133,2024-09-23 11:00:00+00:00,-0.0022127163,0.2588863,0.8551341,0.21607053,0.40831485,0.31090644,0.28077877,336.2771280901179,449.5829129790356,2015.8077150524023,561.1600073567921
1134,2024-09-23 12:00:00+00:00,-0.0022989747,0.25914443,0.8558282,0.1782337,0.40766692,0.31142107,0.28091198,343.74793875049863,429.2611927451985,2094.3880262629923,565.8875944452069
1135,2024-09-23 13:00:00+00:00,-0.0023370474,0.25944358,0.8558279,0.15594842,0.4072395,0.3116242,0.28113636,329.1659054501402,398.772292619105,1958.873804114318,529.016845557343
1136,2024-09-23 14:00:00+00:00,-0.0023450558,0.2595261,0.8557483,0.14121294,0.4069287,0.31166315,0.28140813,253.1501499901125,364.2847281168603,1711.2557387348088,565.6067934353413
1137,2024-09-23 15:00:00+00:00,-0.0023065873,0.25970468,0.85575026,0.12820847,0.4066513,0.3116982,0.28165045,182.9049231303145,334.114476884137,1489.3423379811247,589.3685779122458
1138,2024-09-23 16:00:00+00:00,-0.0022102694,0.26003435,0.8558259,0.12665583,0.40661117,0.3117026,0.28168628,143.11058613054178,321.2167299656589,1362.3849409421211,644.8819187879568
1139,2024-09-23 17:00:00+00:00,-0.0020614886,0.26014984,0.8563784,0.12961598,0.4066808,0.31169996,0.28161922,132.5596108679999,303.17744615978927,1308.3410192649715,625.6609011236425
1140,2024-09-23 18:00:00+00:00,-0.0018517653,0.2600845,0.85723937,0.14433517,0.40700683,0.31166866,0.28132454,137.58687942455785,292.5523943087794,1330.0307744868617,662.9203484588891
1141,2024-09-23 19:00:00+00:00,-0.0015812553,0.25996017,0.85809976,0.16294804,0.40741226,0.31162655,0.28096122,159.9154075519758,275.5615292064608,1343.3867695127449,693.8797782844459
1142,2024-09-23 20:00:00+00:00,-0.0012665555,0.25998452,0.8583899,0.18295036,0.40777326,0.31138393,0.28084278,171.17429856062873,267.76206088543904,1350.7799229362834,759.743133719261
1143,2024-09-23 21:00:00+00:00,-0.0009814231,0.2601762,0.8575058,0.17387663,0.40759355,0.3114967,0.2809097,163.72737579596253,310.59183000806865,1371.4388753736275,700.1653319291355
1144,2024-09-23 22:00:00+00:00,-0.0007194586,0.26015002,0.8562834,0.17832875,0.40764937,0.31142396,0.28092667,146.5624989897576,369.41824134057964,1371.1141830075467,735.4052829593044
1145,2024-09-23 23:00:00+00:00,-0.0005120239,0.25872386,0.855279,0.18078822,0.40771115,0.3113789,0.28090993,159.6773050569958,405.902962131109,1454.7046758271797,776.7245195568939
1146,2024-09-24 00:00:00+00:00,-0.0004756629,0.2576816,0.8552597,0.19007678,0.40789992,0.31125277,0.2808473,156.48703467088774,390.8668447307461,1555.8422913013037,842.7443218115845
1147,2024-09-24 01:00:00+00:00,-0.00064792734,0.258709,0.85676366,0.19719398,0.40802357,0.31117424,0.2808022,115.31015141775511,388.0892075403495,1456.5096308592401,798.5883130872547
1148,2024-09-24 02:00:00+00:00,-0.0009863325,0.2599079,0.85899204,0.19834399,0.4080523,0.3111838,0.2807639,89.72303686374242,394.7353508854519,1376.3292717108934,821.5454154861546
1149,2024-09-24 03:00:00+00:00,-0.0014431553,0.26052612,0.8615602,0.18592143,0.40786833,0.31137764,0.28075403,119.6328088063031,383.16092971116785,1342.2296900043432,818.9782212512958
1150,2024-09-24 04:00:00+00:00,-0.0019760332,0.26082435,0.86417603,0.16721624,0.40758356,0.31165555,0.28076085,142.6134753979832,349.25903609528694,1379.0693527885803,863.0525941668262
1151,2024-09-24 05:00:00+00:00,-0.0025461796,0.2608956,0.86628264,0.15908529,0.40746734,0.3117459,0.28078678,154.53212928324803,317.34563393852596,1382.119116268017,700.4283123323277
1152,2024-09-24 06:00:00+00:00,-0.0031134274,0.2608627,0.86753076,0.15087676,0.40732494,0.31178802,0.28088698,172.6309976645047,357.6604259069624,1365.859192971696,652.036499613684
1153,2024-09-24 07:00:00+00:00,-0.0036561126,0.26028168,0.86920494,0.14485426,0.40724984,0.311829,0.28092113,174.09265104643967,430.86723707069694,1375.1012636018258,613.853360776743
1154,2024-09-24 08:00:00+00:00,-0.0040932233,0.25872722,0.8702706,0.13811047,0.40717322,0.31186327,0.28096354,194.96777849068994,489.6044187200711,1415.5715431812016,625.9581658898068
1155,2024-09-24 09:00:00+00:00,-0.0043268283,0.26086187,0.87095326,0.16771853,0.4077164,0.31171936,0.2805643,241.42029781638993,512.8554221396347,1567.863714893434,544.6886379810071
1156,2024-09-24 10:00:00+00:00,-0.004477279,0.2611252,0.871214,0.19983733,0.40826508,0.31129643,0.28043854,248.1609538876301,512.7578863825955,1629.4912541187302,566.1639308474074
1157,2024-09-24 11:00:00+00:00,-0.004572598,0.26129434,0.8714051,0.20651124,0.40837774,0.3112068,0.2804155,213.0843902539607,501.5852363150552,1598.79135146121,567.1465824885164
1158,2024-09-24 12:00:00+00:00,-0.0046324516,0.26141593,0.8714989,0.20315568,0.40831885,0.31125602,0.2804251,224.73025736608068,496.602827302489,1626.3883498501311,600.593466221303
1159,2024-09-24 13:00:00+00:00,-0.0046331594,0.261499,0.871558,0.19135118,0.40811706,0.31141263,0.28047025,200.48058352446688,468.5297828540472,1552.685642387535,549.3241690268243
1160,2024-09-24 14:00:00+00:00,-0.0045761373,0.26090434,0.8713382,0.1449229,0.40727863,0.31186303,0.2808583,142.42372373848852,428.43457273976674,1343.121668045411,598.966937710555
1161,2024-09-24 15:00:00+00:00,-0.004428846,0.26069054,0.8703622,0.106614925,0.40647042,0.31195238,0.2815773,125.64529366593963,389.6353378616491,1139.8549831062521,634.251148544701
1162,2024-09-24 16:00:00+00:00,-0.0041846884,0.26107705,0.8684464,0.09228474,0.4061207,0.31196606,0.28191325,182.36964691891887,338.01629318942054,1111.9336106104513,686.3422474270957
1163,2024-09-24 17:00:00+00:00,-0.0038876864,0.26047984,0.86571544,0.081012696,0.405842,0.31196117,0.2821968,149.7625383533497,315.9910068641031,1037.3606765365794,643.4935747435178
1164,2024-09-24 18:00:00+00:00,-0.003514508,0.25991753,0.861903,0.0658812,0.40545532,0.31195346,0.28259125,131.29543358649758,292.9658753990518,1055.9271950154769,677.8753853111876
1165,2024-09-24 19:00:00+00:00,-0.0030756865,0.25960395,0.8565123,0.07829231,0.40561444,0.3118509,0.28253472,138.7754728343119,263.98713198128115,1045.0955361152576,706.3898887315294
1166,2024-09-24 20:00:00+00:00,-0.0026049,0.25955534,0.8511719,0.10292173,0.4060285,0.3117142,0.2822573,185.7286501316953,233.4960961859091,1161.878599101856,786.2839356881386
1167,2024-09-24 21:00:00+00:00,-0.0021288868,0.2588932,0.8472149,0.1397953,0.40674534,0.31155974,0.28169483,153.37571475666905,240.328816531733,1105.331319851566,725.9571538190179
1168,2024-09-24 22:00:00+00:00,-0.0016927691,0.2586025,0.84396684,0.11790749,0.40622154,0.31157574,0.28220266,138.38461388891855,280.64562563548765,1154.1860290942407,786.0613226042889
1169,2024-09-24 23:00:00+00:00,-0.0013190755,0.2557088,0.8412289,0.08942922,0.4054556,0.31147328,0.2830711,64.74429996778053,331.2077799611243,1203.7741113670456,811.4915589724
1170,2024-09-25 00:00:00+00:00,-0.0011219409,0.25435707,0.8395766,0.09832718,0.40568605,0.3114574,0.28285658,57.681921634337776,371.5090960854486,1304.0188543018778,871.4482644244837
1171,2024-09-25 01:00:00+00:00,-0.0011329189,0.254814,0.8396407,0.094390474,0.40556127,0.31144536,0.28299335,75.951527247877,404.5294575194354,1180.6868701151031,821.2914830978001
1172,2024-09-25 02:00:00+00:00,-0.0013114921,0.2547608,0.8405899,0.09117412,0.40551606,0.31146935,0.28301463,111.57063399478591,422.56420218165414,1145.4515668376914,869.0971985928678
1173,2024-09-25 03:00:00+00:00,-0.0016270477,0.2552533,0.84261674,0.09493053,0.40568724,0.31153607,0.28277665,117.61585241744653,427.2877429170012,1044.7684140353488,868.0249000928143
1174,2024-09-25 04:00:00+00:00,-0.002049892,0.25561023,0.8437335,0.09630764,0.40576166,0.31157422,0.28266415,161.31467363282934,402.3894291388001,1028.1893027833469,919.2310525107229
1175,2024-09-25 05:00:00+00:00,-0.0025417504,0.2556476,0.84541184,0.09795723,0.4058803,0.31163397,0.28248575,157.89520860705807,381.1296648028542,907.2895113143677,742.239566187508
1176,2024-09-25 06:00:00+00:00,-0.0030702269,0.25550076,0.84680927,0.09954879,0.4059755,0.31167316,0.28235134,89.12753627240049,419.6970403507507,1073.786690304668,715.2405352804672
1177,2024-09-25 07:00:00+00:00,-0.003551842,0.25522342,0.8477982,0.111940466,0.40626934,0.31165534,0.2820753,76.27438202223811,486.6851248668257,1077.5726114826691,677.2591799472448
1178,2024-09-25 08:00:00+00:00,-0.0039372724,0.25391227,0.8490615,0.12712272,0.4066532,0.3116322,0.28171456,82.29816992978749,516.2973896477463,1229.7472596446898,703.5670894218644
1179,2024-09-25 09:00:00+00:00,-0.0041266503,0.2558461,0.84944224,0.105382584,0.40614888,0.311699,0.28215212,105.06000643351949,523.3418001613783,1340.5220763482318,621.4981135176607
1180,2024-09-25 10:00:00+00:00,-0.0042396993,0.25610685,0.8496498,0.11564965,0.4063649,0.3116744,0.2819607,133.07596298827227,509.3316434615056,1426.597982073655,634.165697558909
1181,2024-09-25 11:00:00+00:00,-0.004273053,0.25644597,0.8496705,0.118632115,0.4064197,0.31166688,0.28191343,123.83850545689354,499.1550626412043,1434.9674550149848,639.1463507685198
1182,2024-09-25 12:00:00+00:00,-0.0042428477,0.25615692,0.8493527,0.12601183,0.40657708,0.31164235,0.28178057,127.5597163204656,476.44620401297544,1478.2443545495662,674.5750421188671
1183,2024-09-25 13:00:00+00:00,-0.0041184993,0.25602555,0.84861654,0.13705754,0.40679854,0.31160188,0.28159964,91.32400899130084,437.5135610381864,1271.374623064218,622.9963651145121
1184,2024-09-25 14:00:00+00:00,-0.003917548,0.25489715,0.84726244,0.14385533,0.40694395,0.3115643,0.28149173,109.91078293569103,380.6171032465999,1384.4639011440831,661.1857719449437
1185,2024-09-25 15:00:00+00:00,-0.0036061977,0.2544193,0.84517527,0.152874,0.40710378,0.3115107,0.28138545,117.67874465792916,344.77250527453253,1267.7229185763545,681.218722075344
1186,2024-09-25 16:00:00+00:00,-0.003212426,0.2537167,0.84299195,0.150173,0.4070211,0.31148708,0.28149188,131.58287337775639,348.00937542324317,999.7553115057117,729.9814022285371
1187,2024-09-25 17:00:00+00:00,-0.0027439233,0.25292504,0.84001166,0.15577745,0.40709943,0.31142983,0.28147075,164.90841922977265,346.63147692263993,766.1035486465707,717.9044945194795
1188,2024-09-25 18:00:00+00:00,-0.0021955986,0.25183448,0.83656,0.17733961,0.40748402,0.31122547,0.2812905,173.55333707909065,347.87096812112105,804.1529782554807,776.9301690402449
1189,2024-09-25 19:00:00+00:00,-0.0015579709,0.25182536,0.8337397,0.22193938,0.40821573,0.31058654,0.28119773,242.46766994573343,346.3793720849735,704.0552726153654,835.3474923581725
1190,2024-09-25 20:00:00+00:00,-0.00087808917,0.2514664,0.8294966,0.26896232,0.40892422,0.3089012,0.28217456,298.1114619090701,340.51923685631164,653.9595577543278,911.3995216663121
1191,2024-09-25 21:00:00+00:00,-0.00024810407,0.25072694,0.8256548,0.26141873,0.4087497,0.30921313,0.28203723,334.76700331393414,385.328083830103,757.1955105000887,895.374542836138
1192,2024-09-25 22:00:00+00:00,0.00032193193,0.25032923,0.82333654,0.18755575,0.4074517,0.31094033,0.281608,334.0617079948597,459.76825635014194,769.9481243183117,946.5529030070229
1193,2024-09-25 23:00:00+00:00,0.00082670926,0.24806109,0.8216263,0.12077239,0.40579686,0.3110193,0.28318384,326.7880502132828,518.7796350977511,734.131802023286,1001.4312721631422
1194,2024-09-26 00:00:00+00:00,0.001142796,0.24539755,0.8214133,0.10575964,0.40547493,0.3110055,0.28351963,344.0943761732213,555.566408102013,737.4871427989237,1028.8008943348786
1195,2024-09-26 01:00:00+00:00,0.0012098403,0.2448182,0.82135385,0.10741183,0.4055419,0.3110131,0.28344503,372.6632276964183,584.501497696197,781.01104254319,1005.4815664934713
1196,2024-09-26 02:00:00+00:00,0.0010647683,0.2459966,0.8213872,0.11083573,0.405592,0.31101027,0.28339776,387.34234107355695,592.4836001953742,743.0639277575309,1021.4029051506444
1197,2024-09-26 03:00:00+00:00,0.00079197,0.24532764,0.82095605,0.11550542,0.4057354,0.31102002,0.28324455,402.2230839366113,585.6765674964039,639.4303216241018,1041.9155485086974
1198,2024-09-26 04:00:00+00:00,0.0003829313,0.24560566,0.82113665,0.113153964,0.4056706,0.3110235,0.2833059,423.95271861649417,571.8054945820213,540.9358670937258,1047.0738076135137
1199,2024-09-26 05:00:00+00:00,-9.0029906e-05,0.2457985,0.82071215,0.118062675,0.4057876,0.3110272,0.2831853,433.735042540008,547.1050452183196,487.9883349565154,937.78245799269
1200,2024-09-26 06:00:00+00:00,-0.00060081796,0.24581508,0.8205399,0.12549071,0.40599307,0.31104675,0.2829601,346.46738688630103,573.3719895754022,571.9162220966709,908.1943920641173
1201,2024-09-26 07:00:00+00:00,-0.0010942242,0.24501386,0.8201337,0.13176389,0.40619016,0.31106618,0.28274375,310.53041925952317,637.7095561255547,645.6478250251924,892.7800343405411
1202,2024-09-26 08:00:00+00:00,-0.001468143,0.2438908,0.81920207,0.1266249,0.40605885,0.3110459,0.28289527,266.1691552577541,656.4486862068442,829.501459318221,871.6786149113301
1203,2024-09-26 09:00:00+00:00,-0.0016432207,0.24603881,0.81878066,0.116128035,0.40566033,0.31098726,0.28335232,254.32617961333554,647.929825423448,838.9126523836325,827.5919471263445
1204,2024-09-26 10:00:00+00:00,-0.0017291947,0.24624054,0.8186218,0.119953364,0.4057533,0.31099015,0.28325653,266.32117773367116,637.9817424948152,815.1625516176074,822.2190551842629
1205,2024-09-26 11:00:00+00:00,-0.0017289979,0.24637975,0.8185948,0.12884283,0.4059948,0.31100774,0.28299746,283.6265769313116,642.9929808518706,766.3748584420933,832.2901115034061
1206,2024-09-26 12:00:00+00:00,-0.0016609682,0.24591966,0.8187975,0.13971919,0.40632483,0.31104273,0.2826324,300.2339345173082,638.4810085969899,703.8501378966893,829.0244837081494
1207,2024-09-26 13:00:00+00:00,-0.0014786198,0.24603562,0.8190683,0.14907803,0.40658933,0.31106788,0.28234282,266.996088792315,621.3079462756455,709.7920937555142,793.1587570162005
1208,2024-09-26 14:00:00+00:00,-0.0011939949,0.24547951,0.81921726,0.14770295,0.40657714,0.31107107,0.2823518,186.45021512472093,577.5584627627647,937.6672194824708,791.3350693862722
1209,2024-09-26 15:00:00+00:00,-0.0007652848,0.2458485,0.81900764,0.1594031,0.40687245,0.31108028,0.2820473,159.25331701492735,550.2012444679115,1100.096439362617,817.5993195935727
1210,2024-09-26 16:00:00+00:00,-0.00022461393,0.24550103,0.81723905,0.15514256,0.40668923,0.31101272,0.28229797,141.14219625188528,551.7554823328377,1003.7583037157434,838.3235611070736
1211,2024-09-26 17:00:00+00:00,0.0004373367,0.24558067,0.8140997,0.13954626,0.40611234,0.31087098,0.2830166,136.42990525570303,563.4458587312214,941.0701974335151,819.5359564449603
1212,2024-09-26 18:00:00+00:00,0.0011729406,0.24544565,0.810136,0.1478282,0.4061738,0.31075945,0.2830668,141.90271013995047,566.7259853110316,934.3123165953801,856.7407136516098
1213,2024-09-26 19:00:00+00:00,0.001972991,0.24553032,0.80446917,0.1753825,0.40667763,0.3105866,0.2827358,209.38737487359722,550.4920719039854,856.6720137449842,905.6692720409452
1214,2024-09-26 20:00:00+00:00,0.0028186163,0.24532194,0.7988782,0.19198175,0.40685436,0.31027007,0.2828756,216.29187083502006,540.808915795128,761.1852144922219,938.8338756618608
1215,2024-09-26 21:00:00+00:00,0.0035850562,0.24473451,0.795508,0.21043421,0.40718964,0.31002223,0.28278816,227.28842544401712,584.0587963582766,720.0517031835412,919.8375418242043
1216,2024-09-26 22:00:00+00:00,0.0042379107,0.2445709,0.79448974,0.21839066,0.40734535,0.3099258,0.2827289,261.07577455921063,638.8400718282838,904.1410617242315,941.085627627455
1217,2024-09-26 23:00:00+00:00,0.004777526,0.24228369,0.79564434,0.2316599,0.40781897,0.30990162,0.2822794,270.27878016686896,699.116478258065,905.2758415293362,974.279180222205
1218,2024-09-27 00:00:00+00:00,0.0050829006,0.2416617,0.79641354,0.23430508,0.40794113,0.30991623,0.28214267,241.06000006933667,719.8916624876846,843.1575644066164,959.6952153261572
1219,2024-09-27 01:00:00+00:00,0.0051409556,0.24245499,0.79646903,0.22666883,0.40771908,0.3099592,0.28232166,271.02365593695976,717.1308755752052,811.0314444115338,943.1874076782975
1220,2024-09-27 02:00:00+00:00,0.0049759666,0.24397394,0.79595333,0.23401678,0.40781504,0.30986762,0.2823173,283.1788955073919,683.8908119938473,787.0416667168141,945.2044407607173
1221,2024-09-27 03:00:00+00:00,0.0046264073,0.24537756,0.7945927,0.23843992,0.4078091,0.3097709,0.28242,328.54583203197217,646.5202377598547,747.0781561637823,994.6191069536573
1222,2024-09-27 04:00:00+00:00,0.0041614943,0.24576075,0.7925681,0.25033614,0.40799522,0.309396,0.2826088,345.7817195429455,595.4082904639931,649.459079741874,982.2377028612736
1223,2024-09-27 05:00:00+00:00,0.0036267603,0.2459663,0.7903481,0.26571968,0.4082585,0.30883038,0.28291112,331.82188258373276,528.6476567840732,659.2367873800616,890.7247089801444
1224,2024-09-27 06:00:00+00:00,0.003061351,0.24599698,0.7874317,0.28390136,0.4085386,0.3081321,0.28332928,295.0927461615832,467.0895271422628,713.0279661078538,883.0486645517072
1225,2024-09-27 07:00:00+00:00,0.0025137227,0.24565326,0.7840936,0.31186625,0.408937,0.30698934,0.28407362,248.27267184629235,522.3611395323093,773.8175401406673,866.0319799579847
1226,2024-09-27 08:00:00+00:00,0.0020525586,0.2441088,0.7799249,0.31848952,0.4090079,0.3066734,0.28431863,222.8843187609017,568.5617248340533,947.6836127589066,841.9658909561382
1227,2024-09-27 09:00:00+00:00,0.0017796289,0.24552186,0.7759653,0.267338,0.40771735,0.30830312,0.2839796,222.98243553682565,580.5133802202099,844.8631708356664,807.9002013982584
1228,2024-09-27 10:00:00+00:00,0.0015847633,0.24538222,0.7727549,0.2647163,0.40752363,0.30828258,0.28419384,272.4786079511718,584.1686414571336,747.2420951033454,798.1268699900629
1229,2024-09-27 11:00:00+00:00,0.0014747899,0.24547514,0.7711171,0.2714245,0.40760788,0.30801153,0.28438056,309.4892570516561,594.0876086478278,654.0914174409821,787.4476706576639
1230,2024-09-27 12:00:00+00:00,0.0014505973,0.24552284,0.77079463,0.27896258,0.40776992,0.30775896,0.2844711,334.5511370065044,598.837046215415,688.2531779934842,784.4119840071098
1231,2024-09-27 13:00:00+00:00,0.0015292233,0.24587296,0.77162665,0.26611266,0.40748608,0.30819285,0.284321,320.12124381979896,598.9281626166398,764.7495732267838,774.1123939473267
1232,2024-09-27 14:00:00+00:00,0.0017198924,0.2464667,0.77327913,0.24695063,0.40707383,0.30885544,0.2840707,249.93622026207967,576.9051688994314,894.296162491697,786.0298215322213
1233,2024-09-27 15:00:00+00:00,0.0020383692,0.24687156,0.7756413,0.2290978,0.4067129,0.30917025,0.28411686,169.0326784856624,518.1272589680858,1006.7747267887347,778.985199111336
1234,2024-09-27 16:00:00+00:00,0.002512956,0.24809879,0.7780072,0.22725318,0.40671194,0.30924395,0.28404403,104.58250331247251,512.5096800043933,1139.1969735596804,794.8873269685984
1235,2024-09-27 17:00:00+00:00,0.0030933656,0.24843109,0.7799335,0.24071403,0.40711442,0.30920503,0.2836806,82.68232047043755,540.5529633006371,1100.097725942369,784.2776045360871
1236,2024-09-27 18:00:00+00:00,0.003756611,0.24827954,0.7808741,0.24681161,0.40730375,0.30909598,0.2836003,94.03374590629547,572.0416173507487,1098.0703633107707,780.6572439988962
1237,2024-09-27 19:00:00+00:00,0.004484527,0.24841876,0.7817109,0.25346315,0.40748546,0.30891517,0.28359938,98.68705127046137,586.1630717630773,1006.0812042718721,789.2666256922697
1238,2024-09-27 20:00:00+00:00,0.0052096806,0.24788326,0.7833373,0.28664288,0.4083518,0.3079304,0.28371778,96.93238061139478,645.952997858693,961.2400643454703,808.9206113004435
1239,2024-09-27 21:00:00+00:00,0.0058251284,0.2477788,0.78554535,0.27618232,0.40820104,0.30834028,0.2834587,99.18306826086014,709.966534385705,881.2152435277185,793.2759767795732
1240,2024-09-27 22:00:00+00:00,0.0063075926,0.24778673,0.78847504,0.25922856,0.4079234,0.30897588,0.28310072,88.43472396349408,725.8815449691668,952.0122894884962,809.3350647110819
1241,2024-09-27 23:00:00+00:00,0.0066544875,0.24697243,0.79084533,0.25544095,0.40796748,0.30918714,0.28284532,128.93412645060246,710.7778770034371,949.05312631787,845.9725562916132
1242,2024-09-28 00:00:00+00:00,0.0068099885,0.24732046,0.79187655,0.2211688,0.4071567,0.30974555,0.28309777,147.72178528449453,674.2116461410561,1074.8698862281617,860.3280134707189
1243,2024-09-28 01:00:00+00:00,0.006768392,0.24770008,0.79176986,0.19017696,0.40635654,0.3099599,0.28368363,160.86766789563384,638.0998616690486,998.894115914205,865.2086167154288
1244,2024-09-28 02:00:00+00:00,0.0065332013,0.24885014,0.7908739,0.16122831,0.40551683,0.310068,0.28441516,184.05036548170938,601.3409295734696,987.5011723240391,885.5270871736199
1245,2024-09-28 03:00:00+00:00,0.006145033,0.24964869,0.78980964,0.12567037,0.4044286,0.30995145,0.28561997,210.38894574298297,563.6763981554249,968.1261433625381,911.6564432779968
1246,2024-09-28 04:00:00+00:00,0.0056486716,0.25006977,0.7885023,0.1171186,0.40411377,0.3098947,0.28599152,194.7893311570576,519.1725428782479,974.3723380895777,902.5962334176573
1247,2024-09-28 05:00:00+00:00,0.0050843786,0.25014988,0.7867554,0.11787146,0.40406054,0.30984986,0.28608957,158.01408127356083,464.00547727505074,928.4046976780191,818.233102853375
1248,2024-09-28 06:00:00+00:00,0.004467373,0.2502785,0.78430945,0.124337524,0.4041382,0.30979577,0.28606606,158.6301307110747,403.27655973506313,908.4918994913054,816.2619022825858
1249,2024-09-28 07:00:00+00:00,0.0038372353,0.25026083,0.78089726,0.13335373,0.40425202,0.30971855,0.2860294,168.01118461680068,375.13458302555154,916.2871292689405,808.7210982315813
1250,2024-09-28 08:00:00+00:00,0.0032288684,0.25013766,0.7757344,0.14605226,0.404397,0.30959445,0.28600845,133.68667557613435,404.9742245547531,1063.5798956393244,765.7329013512605
1251,2024-09-28 09:00:00+00:00,0.0026810723,0.25022143,0.76882875,0.16476403,0.4046029,0.3093437,0.28605345,145.0021325440071,453.61206451544257,754.6722783899708,716.5507255632132
1252,2024-09-28 10:00:00+00:00,0.0021893687,0.24956496,0.7622876,0.18115187,0.4047582,0.30900058,0.28624123,196.6973807109002,491.5048009257819,687.0030038015216,693.1866507701392
1253,2024-09-28 11:00:00+00:00,0.0018278438,0.24969937,0.75819904,0.19595784,0.404949,0.30874234,0.28630865,231.5676481192197,505.60643517207285,724.5722957883072,662.7035799523453
1254,2024-09-28 12:00:00+00:00,0.0016036222,0.24970105,0.7560129,0.20750873,0.4051482,0.3085781,0.28627378,225.5671601842539,486.24112353898244,942.4783596357856,643.204114563978
1255,2024-09-28 13:00:00+00:00,0.001524237,0.24986304,0.7552587,0.21198307,0.40522215,0.30851522,0.2862627,208.43956710496295,474.3370450488505,990.0359389070967,632.9932642513887
1256,2024-09-28 14:00:00+00:00,0.0015786708,0.24977908,0.7557491,0.21022284,0.40520272,0.3085471,0.28625014,189.75426876856636,479.3641781759609,1060.6646534998954,643.2826015053478
1257,2024-09-28 15:00:00+00:00,0.0017760439,0.24981785,0.75770533,0.21587169,0.40543517,0.30857387,0.2859909,153.2501348305984,431.6524852387338,1195.6400815410968,640.1450740346095
1258,2024-09-28 16:00:00+00:00,0.0021000446,0.2494054,0.76165766,0.25044963,0.40650678,0.30832475,0.28516844,193.82603052516993,430.4412863140401,1262.5852821898268,644.3568942704036
1259,2024-09-28 17:00:00+00:00,0.00254398,0.24914575,0.76710916,0.29220974,0.4077492,0.30716887,0.28508198,302.58741656959734,454.2000037122793,1415.0224446686204,642.2812807821182
1260,2024-09-28 18:00:00+00:00,0.003087747,0.2489944,0.77306294,0.2909572,0.40798098,0.30741578,0.28460327,299.8587213907797,484.7368317887696,1408.990399016893,642.8417855577756
1261,2024-09-28 19:00:00+00:00,0.0036952335,0.24895017,0.77919275,0.29250443,0.40827733,0.30757737,0.28414527,281.2159842809852,504.4964875511444,1293.153625229861,636.1008841202421
1262,2024-09-28 20:00:00+00:00,0.00432343,0.24839835,0.78485125,0.29550287,0.4086061,0.307685,0.28370893,290.8229074193571,553.8989490945405,1330.5329074445578,667.1858596991697
1263,2024-09-28 21:00:00+00:00,0.0048550786,0.24765342,0.789121,0.25013632,0.40775514,0.3092721,0.2829727,300.2086230191065,611.6240009583212,1395.124887871264,671.4289089033803
1264,2024-09-28 22:00:00+00:00,0.005257977,0.24710168,0.7919524,0.20339394,0.40673923,0.30989522,0.28336558,271.2538748448038,640.2136440882942,1428.697053402772,719.9883269819444
1265,2024-09-28 23:00:00+00:00,0.0055357134,0.24553712,0.7932683,0.19888039,0.40674838,0.309995,0.28325668,268.94872437577493,627.1077006834333,1482.9133138318093,757.6355932698085
1266,2024-09-29 00:00:00+00:00,0.0056319023,0.24463736,0.79374605,0.18496697,0.40645632,0.31012535,0.28341833,256.59057033296284,587.007900772233,1473.0619365573664,812.9381574626126
1267,2024-09-29 01:00:00+00:00,0.005544137,0.24382253,0.7933266,0.1956287,0.40674365,0.31004694,0.28320944,291.65908733306355,563.731438873685,1389.5586674717586,815.0211717718854
1268,2024-09-29 02:00:00+00:00,0.0052648913,0.24437924,0.79221684,0.18909425,0.40650883,0.3100501,0.28344113,262.2209943814349,538.0783680875189,1328.6282766876222,836.532984914883
1269,2024-09-29 03:00:00+00:00,0.0048262887,0.24527538,0.7909139,0.17122978,0.40596378,0.31012622,0.2839101,253.81257246208168,514.1336289824872,1392.814672606444,836.3051660292878
1270,2024-09-29 04:00:00+00:00,0.0042773825,0.24563749,0.7897288,0.14936562,0.4052942,0.31008098,0.28462473,243.22121532485167,478.0527699576046,1442.8720118074532,825.3666081517919
1271,2024-09-29 05:00:00+00:00,0.0036491854,0.24576187,0.78857166,0.13366117,0.40479797,0.31001833,0.28518373,250.67280589114384,423.1020509384739,1479.3293211467,728.8688397570792
1272,2024-09-29 06:00:00+00:00,0.00296082,0.24591218,0.78806764,0.11159172,0.40414584,0.30996317,0.28589097,279.71895699289456,377.9118232881701,1459.6553469487092,727.7597724275602
1273,2024-09-29 07:00:00+00:00,0.0022431852,0.2459577,0.7884139,0.097585775,0.4037662,0.30995467,0.2862791,304.1090633379674,349.87408967824905,1414.855212934646,701.3568955755421
1274,2024-09-29 08:00:00+00:00,0.0015292293,0.2458618,0.7910601,0.08604587,0.40356675,0.31002507,0.28640825,301.78871396725066,390.02937656101653,1423.589438139872,657.9533073692719
1275,2024-09-29 09:00:00+00:00,0.0008582336,0.24587968,0.7965527,0.10030397,0.4042274,0.31023702,0.2855355,259.5658575742873,505.92117878471663,1257.6259954982745,571.1173105080984
1276,2024-09-29 10:00:00+00:00,0.00023471142,0.2449837,0.8028757,0.14394885,0.40578654,0.31054994,0.28366348,252.0569006872948,608.4500012751627,1183.402876351328,562.0427589348101
1277,2024-09-29 11:00:00+00:00,-0.00025420077,0.24493337,0.806547,0.1340807,0.40567377,0.31064847,0.28367785,277.4788758591047,674.0348192307221,1161.4292283449486,544.9576941541773
1278,2024-09-29 12:00:00+00:00,-0.0006108042,0.24479143,0.8083414,0.12859134,0.40560612,0.31069815,0.28369564,306.6129652843774,701.4164563843888,1213.6649379948078,518.2988200628414
1279,2024-09-29 13:00:00+00:00,-0.00084408995,0.24428435,0.8087412,0.1487402,0.40621296,0.3107658,0.28302124,268.0321444469782,698.9656257199686,1258.6352282886558,481.3071905013666
1280,2024-09-29 14:00:00+00:00,-0.0009509484,0.24378358,0.8084342,0.17398407,0.40691677,0.31078765,0.28229555,294.26862816540483,682.5783064650308,1265.3187615466536,531.94220746308
1281,2024-09-29 15:00:00+00:00,-0.0009173723,0.24385078,0.8085828,0.19793765,0.4075176,0.31062037,0.28186208,268.5862141994928,618.2769188627966,1287.3900358619182,560.5790212007352
1282,2024-09-29 16:00:00+00:00,-0.0007670634,0.24321578,0.80952007,0.19044274,0.40739658,0.31071353,0.28188986,222.882630340735,521.9929473604451,1350.0210012072578,609.3187298641419
1283,2024-09-29 17:00:00+00:00,-0.0004914914,0.24281703,0.8117975,0.18704517,0.40742067,0.31081617,0.28176317,235.21527823870812,448.5485474042134,1432.6969826501318,577.1610473724348
1284,2024-09-29 18:00:00+00:00,-0.00010271122,0.242642,0.81564486,0.1870173,0.4074997,0.3108579,0.28164238,259.67788726962993,393.4663018283148,1566.455705895726,628.1770387887049
1285,2024-09-29 19:00:00+00:00,0.0003932307,0.2431239,0.8204765,0.18292297,0.4075062,0.310967,0.2815268,277.7024755199254,342.2436405607484,1603.3850913528433,652.4519355682836
1286,2024-09-29 20:00:00+00:00,0.0009309679,0.24269855,0.8253297,0.19344799,0.40779877,0.31087303,0.28132817,301.57838121410657,278.5953104841841,1655.1742490869303,707.4245020127855
1287,2024-09-29 21:00:00+00:00,0.0013898634,0.24197361,0.8286426,0.19986017,0.4079941,0.31081986,0.28118613,322.76609349905146,272.63966775362127,1773.920778992186,677.9987156147213
1288,2024-09-29 22:00:00+00:00,0.0017644471,0.24159291,0.8294295,0.20161404,0.40804958,0.31080368,0.2811467,305.4839274886885,299.28777653161563,1834.6089203519934,737.5164164714971
1289,2024-09-29 23:00:00+00:00,0.002056694,0.23875315,0.8296064,0.21443124,0.40835357,0.3106278,0.28101864,281.8466219263202,324.06435749287795,1846.0094036447178,752.959263239882
1290,2024-09-30 00:00:00+00:00,0.0021435819,0.23771155,0.82945234,0.22619288,0.40858364,0.310465,0.28095132,260.5887889205158,355.6241687638313,1863.1412877131127,784.3150201739386
1291,2024-09-30 01:00:00+00:00,0.0020253113,0.2375267,0.82931083,0.25367585,0.4090446,0.30953303,0.28142244,281.94886531717583,388.6180930419141,1932.3278427979876,737.8014970519056
1292,2024-09-30 02:00:00+00:00,0.001735829,0.23765275,0.82929015,0.25822222,0.40911618,0.30933836,0.2815455,263.9484019641282,413.2441950910267,1872.0515782371913,786.2285490439011
1293,2024-09-30 03:00:00+00:00,0.0013165105,0.23809852,0.8298091,0.2374615,0.40876988,0.31017777,0.2810523,245.6990778397794,433.1357653093178,1794.5112467495073,785.9723760118491
1294,2024-09-30 04:00:00+00:00,0.00080026657,0.23846012,0.8309,0.21971339,0.4084781,0.3105712,0.2809507,254.70181091147697,429.64913033135645,1826.115104058349,775.9146725051396
1295,2024-09-30 05:00:00+00:00,0.00023509319,0.23847699,0.8330783,0.21309622,0.40840212,0.3106858,0.28091207,323.8793040402482,420.25537327622305,1951.7463330608207,666.9490694757042
1296,2024-09-30 06:00:00+00:00,-0.00035100465,0.23845424,0.8360699,0.21057992,0.40841353,0.3107534,0.2808331,346.66179539356926,468.77492464309597,1965.305773654957,651.5332321190264
1297,2024-09-30 07:00:00+00:00,-0.0009127987,0.2379194,0.8396243,0.21092254,0.40849808,0.3107877,0.2807142,320.10323522178317,502.62298438970055,1968.097245428131,618.1630742136953
1298,2024-09-30 08:00:00+00:00,-0.0013651282,0.23655005,0.84353167,0.20748274,0.40854448,0.31087598,0.28057954,274.61353774504147,499.7005417188155,1928.934388723682,598.2841333888724
1299,2024-09-30 09:00:00+00:00,-0.0016136601,0.23828861,0.845971,0.21084566,0.40860093,0.31085876,0.2805403,373.4504377160124,488.4795736109597,2054.233726355518,550.8343413526851
1300,2024-09-30 10:00:00+00:00,-0.0017480406,0.2388917,0.84607255,0.2666041,0.40959063,0.30885682,0.2815525,401.41250450364834,471.860359044055,2141.349865003804,560.373806817678
1301,2024-09-30 11:00:00+00:00,-0.0018161073,0.23880789,0.84502393,0.29654244,0.41014215,0.30749214,0.28236577,400.0925878638618,468.40041707743427,2101.259727253431,567.169362800385
1302,2024-09-30 12:00:00+00:00,-0.0018190754,0.23862657,0.84334505,0.32154027,0.41057593,0.30636802,0.28305602,332.1912146865008,440.8489216551543,1931.0058312505305,574.9616364983921
1303,2024-09-30 13:00:00+00:00,-0.0017511377,0.23869084,0.841085,0.35908756,0.41070458,0.30551213,0.28378338,339.7305908198644,401.6054446636021,1820.5970505359958,529.2955717084072
1304,2024-09-30 14:00:00+00:00,-0.0016382661,0.23851922,0.8388234,0.39855585,0.41053522,0.30515787,0.28430697,280.84933241992593,380.66046191365496,1595.4060350204318,572.606472000765
1305,2024-09-30 15:00:00+00:00,-0.0014446186,0.23854472,0.83613896,0.42291626,0.41059047,0.3054001,0.2840095,261.09642808106,382.0372052807349,1488.9034913370488,576.0929942536275
1306,2024-09-30 16:00:00+00:00,-0.0011900845,0.23826939,0.8336653,0.46419367,0.41048536,0.30653766,0.282977,157.69823616807673,392.62832700971927,1205.186225005594,607.2643876285929
1307,2024-09-30 17:00:00+00:00,-0.0008908321,0.23803674,0.83211434,0.4961257,0.4102089,0.30790246,0.2818887,212.3283538526348,412.16714939051417,1131.9684820299617,562.5412133897171
1308,2024-09-30 18:00:00+00:00,-0.0005297436,0.23804688,0.83095104,0.5111022,0.41008496,0.30850372,0.28141126,256.71526560268,437.7739883473402,1269.5895397974787,583.4180816998514
1309,2024-09-30 19:00:00+00:00,-0.000109686145,0.23823278,0.8305981,0.47066116,0.41038752,0.30675873,0.28285378,292.7853287762082,456.82928405047255,1344.6856217616375,574.6386269095842
1310,2024-09-30 20:00:00+00:00,0.0003341652,0.23804818,0.8308772,0.41462907,0.41050828,0.30518132,0.28431034,263.8606958622765,491.2203806303173,1279.8373920906215,614.2845506282175
1311,2024-09-30 21:00:00+00:00,0.0007228007,0.23809382,0.8304078,0.41282603,0.41049764,0.30514878,0.28435352,301.1370896701802,571.8380273244182,1334.301710672322,566.5655739766428
1312,2024-09-30 22:00:00+00:00,0.0010806911,0.23782095,0.8294135,0.39035594,0.41048345,0.30506313,0.28445342,329.4507599828675,656.8674593521506,1389.0725082182416,598.9820602838079
1313,2024-09-30 23:00:00+00:00,0.0013574915,0.23647326,0.82859904,0.33944726,0.41061443,0.30570617,0.28367934,370.4314319569855,704.3197784420809,1507.2601279300045,605.3547264311309
1314,2024-10-01 00:00:00+00:00,0.0014521435,0.2358523,0.828306,0.33432153,0.41054007,0.30592176,0.28353816,299.95070908797703,678.6549843783927,1466.0660608043597,630.967434860382
1315,2024-10-01 01:00:00+00:00,0.0013231218,0.2367884,0.8287476,0.32921532,0.41042182,0.30616644,0.28341168,277.977881890269,565.6762694390046,1450.1215071499428,572.8366505121295
1316,2024-10-01 02:00:00+00:00,0.0010166774,0.23720804,0.8300573,0.28926346,0.4096794,0.3079919,0.2823287,261.16072098732656,421.38389395049944,1451.5321139865162,601.0037088881039
1317,2024-10-01 03:00:00+00:00,0.00057732157,0.23770483,0.831663,0.2503393,0.40902713,0.30964613,0.2813268,291.32007824873307,317.64843484806823,1493.8759394141662,595.6843992086287
1318,2024-10-01 04:00:00+00:00,2.7777507e-05,0.23851031,0.8325136,0.23403792,0.4087509,0.31030092,0.28094825,255.60162045909183,244.65835620913222,1520.225390793037,592.3141954494431
1319,2024-10-01 05:00:00+00:00,-0.0005538595,0.23849842,0.83344054,0.20045452,0.40818688,0.31086272,0.2809503,274.5043396205379,182.22933515678722,1435.3351822456061,517.7237589783089
1320,2024-10-01 06:00:00+00:00,-0.0011599238,0.23851062,0.83385986,0.18359028,0.4078964,0.31109843,0.28100523,305.24381609037596,199.69671952504868,1514.1021731243889,501.4863056844965
1321,2024-10-01 07:00:00+00:00,-0.0017446271,0.23785783,0.8344726,0.17500274,0.4077725,0.31122264,0.28100485,307.01133980066,254.68184346591497,1590.8862214337307,474.5467607017841
1322,2024-10-01 08:00:00+00:00,-0.0022321336,0.23547284,0.8347529,0.16956735,0.4077438,0.31129864,0.28095755,237.863727320658,285.1651219421951,1451.4530773609179,459.58425191144147
1323,2024-10-01 09:00:00+00:00,-0.0025030011,0.23721096,0.8347968,0.19031279,0.40806827,0.31101662,0.28091508,267.9487051361752,302.6644970031283,1478.9284200081893,423.03694041011096
1324,2024-10-01 10:00:00+00:00,-0.002663589,0.23786068,0.83501387,0.24805947,0.40904567,0.30967778,0.28127652,272.2498458725002,306.194924420699,1544.1794489875585,428.7533186079243
1325,2024-10-01 11:00:00+00:00,-0.0027574594,0.23791218,0.8354639,0.26245394,0.40928912,0.30908307,0.28162783,279.36530400206357,299.47759394741814,1531.238403150311,423.1923666794769
1326,2024-10-01 12:00:00+00:00,-0.0027766847,0.23789144,0.8359678,0.2416241,0.40895522,0.30994427,0.2811005,267.0448463476588,287.7257158503208,1511.9785007705739,440.11418745949624
1327,2024-10-01 13:00:00+00:00,-0.0027225479,0.23795371,0.83621293,0.22792996,0.40873066,0.31050122,0.28076816,248.67761017646694,259.06590752020884,1283.8913939680451,402.0774720202333
1328,2024-10-01 14:00:00+00:00,-0.0026159561,0.23782839,0.8362536,0.19525786,0.40816623,0.31096542,0.28086832,302.31389851062914,218.6353892299941,1393.952530941969,435.91306322903233
1329,2024-10-01 15:00:00+00:00,-0.0024524708,0.23729299,0.8362935,0.20422697,0.40833846,0.31084323,0.28081837,249.02992039096398,212.13527743339614,1188.6663355573044,441.1390638115851
1330,2024-10-01 16:00:00+00:00,-0.0022185508,0.23720607,0.8360934,0.174556,0.40781248,0.31124568,0.28094178,138.16149113559493,224.3337248396557,957.4538851544552,470.26086872377186
1331,2024-10-01 17:00:00+00:00,-0.0019889749,0.2372623,0.83585,0.13102315,0.40690434,0.31143442,0.2816613,83.57641456343026,233.1073021246724,768.6986313563866,425.9298599261363
1332,2024-10-01 18:00:00+00:00,-0.001757461,0.23730478,0.83553183,0.146778,0.40723184,0.31138432,0.28138375,91.73307785323924,244.94609319832225,758.6640240806063,474.3860951716331
1333,2024-10-01 19:00:00+00:00,-0.0014849848,0.23742227,0.83558947,0.17734547,0.4078465,0.3112017,0.28095186,99.69665081573642,237.48071538317228,869.3229376074445,500.7750310225379
1334,2024-10-01 20:00:00+00:00,-0.0012235343,0.23739164,0.83533496,0.22226088,0.4086318,0.31058702,0.28078112,118.0358147196058,216.646217304287,917.5503891653061,560.1126237259035
1335,2024-10-01 21:00:00+00:00,-0.0009774555,0.23737799,0.83512664,0.23858714,0.4089029,0.310106,0.2809911,97.1067429381377,215.89979246030938,881.115272994844,530.1953232337979
1336,2024-10-01 22:00:00+00:00,-0.00070727256,0.23723769,0.8350652,0.27188978,0.4094716,0.30870813,0.2818203,87.89104374079766,239.7273335105125,941.3680671012817,579.036234074602
1337,2024-10-01 23:00:00+00:00,-0.0004942717,0.23650141,0.8346629,0.30839637,0.41019073,0.30702102,0.28278828,73.65648452911209,267.8540407821659,1058.8295388775553,621.4862629762899
1338,2024-10-02 00:00:00+00:00,-0.00041228402,0.23454157,0.834267,0.30218726,0.41013414,0.30727145,0.2825944,105.12666925553822,282.0197865322894,1086.0602172075642,660.7262142215036
1339,2024-10-02 01:00:00+00:00,-0.0005314213,0.23490755,0.8342485,0.25753543,0.4092672,0.30931786,0.28141493,99.12430867652468,299.0781532561707,925.8853293567626,603.7410535938864
1340,2024-10-02 02:00:00+00:00,-0.0007978909,0.2350011,0.83423764,0.25267103,0.40918434,0.30951333,0.28130236,124.35748563870554,316.1524827303787,842.0147429469667,619.9408309464826
1341,2024-10-02 03:00:00+00:00,-0.0012001235,0.23500915,0.8341075,0.25819436,0.40927273,0.30927593,0.28145134,124.73787084239143,308.21199066341757,742.6927479722211,613.2390978295681
1342,2024-10-02 04:00:00+00:00,-0.0017143963,0.23536763,0.8350985,0.23340027,0.40886906,0.3102959,0.280835,171.44226875891607,278.3361352999374,582.0657121812095,598.8091050623863
1343,2024-10-02 05:00:00+00:00,-0.0022799224,0.235467,0.8348561,0.24908467,0.4091237,0.3096326,0.2812438,155.24353394751813,276.74725577729015,508.31662106224076,513.3299668077193
1344,2024-10-02 06:00:00+00:00,-0.002852404,0.2354625,0.8354068,0.24930179,0.40913725,0.3096123,0.28125048,98.95015304565679,323.85889322921287,593.0320978891524,497.6886165837262
1345,2024-10-02 07:00:00+00:00,-0.0034127985,0.23458782,0.8350661,0.23641522,0.4089399,0.31012923,0.28093085,68.14443126154306,384.74354776284537,748.1455188579548,466.0341001639613
1346,2024-10-02 08:00:00+00:00,-0.00384704,0.23307468,0.83530116,0.21533436,0.40862584,0.31067964,0.2806945,76.72610886980779,427.9537931721032,792.0937894316403,449.31911626489045
1347,2024-10-02 09:00:00+00:00,-0.0040521696,0.23583673,0.83569497,0.23554517,0.4089035,0.31015822,0.28093827,91.17051265794994,431.41658712356065,906.9018890663841,417.5932720761216
1348,2024-10-02 10:00:00+00:00,-0.0041480325,0.2360375,0.8358544,0.25774905,0.4092688,0.30923888,0.28149232,75.10264491501998,411.00452376409,882.2633842689671,425.8315977959107
1349,2024-10-02 11:00:00+00:00,-0.0041789114,0.23561312,0.8358582,0.24714725,0.4091056,0.30967394,0.28122053,68.80068970203854,391.55979789623615,917.4946343554516,432.2031178051466
1350,2024-10-02 12:00:00+00:00,-0.0041403063,0.2354037,0.8358096,0.24651985,0.40909988,0.30969962,0.28120044,66.57214795382492,376.7789361095951,817.9209214463827,445.5343847416443
1351,2024-10-02 13:00:00+00:00,-0.004029624,0.23538145,0.83559716,0.24203472,0.40902218,0.30988717,0.28109062,71.46469820019335,348.8394358511423,769.4216045667155,417.02238862491794
1352,2024-10-02 14:00:00+00:00,-0.0038598867,0.23521896,0.8349977,0.22901535,0.40879822,0.3104254,0.2807764,57.27243602810673,311.53124785603956,809.7933221790518,458.1130690430671
1353,2024-10-02 15:00:00+00:00,-0.003642376,0.23506682,0.8334007,0.20104928,0.40828913,0.31085438,0.2808565,73.47497102963546,288.9901466803119,687.2833565664702,461.53360349676524
1354,2024-10-02 16:00:00+00:00,-0.0033650093,0.23519823,0.83065385,0.18046832,0.4078698,0.31110647,0.2810238,150.6109555955928,282.97799574720545,603.9934767571414,493.2878435230172
1355,2024-10-02 17:00:00+00:00,-0.0030561835,0.23514472,0.8258678,0.13391273,0.40682295,0.3113097,0.28186727,147.6718532438218,268.521894970787,609.4960408019773,457.3779878094495
1356,2024-10-02 18:00:00+00:00,-0.0027225371,0.23508811,0.8198801,0.13706541,0.4067581,0.31121323,0.28202865,154.44228069085545,263.3829426614603,652.2484263349131,500.81025519285066
1357,2024-10-02 19:00:00+00:00,-0.002361764,0.23505335,0.8130354,0.14911735,0.40680733,0.3110302,0.28216243,193.20820510305728,249.17809763318166,612.7373969847516,514.954675584846
1358,2024-10-02 20:00:00+00:00,-0.0019748567,0.2350014,0.804988,0.17312394,0.40713573,0.31082213,0.28204215,201.57752376103622,226.53203458598657,579.0047449024014,577.8203363123674
1359,2024-10-02 21:00:00+00:00,-0.0016028412,0.23499547,0.7981838,0.18316762,0.4070939,0.31051433,0.28239176,222.37857448404463,222.87636599852854,734.6456594534699,560.8107349443003
1360,2024-10-02 22:00:00+00:00,-0.0012144408,0.23493533,0.79268765,0.13640344,0.40557516,0.31036294,0.284062,225.81197944873713,247.3808484868971,745.0973209827644,615.3897439452794
1361,2024-10-02 23:00:00+00:00,-0.00087842933,0.23355308,0.7889353,0.106859386,0.40462008,0.3101919,0.285188,223.69834560356196,294.7492316913835,780.2308142435527,644.3256294530157
1362,2024-10-03 00:00:00+00:00,-0.00068920973,0.23161143,0.7874226,0.09041247,0.40415952,0.31012937,0.28571108,222.38752252008354,314.66310474975694,747.0025922413224,673.3806388356029
1363,2024-10-03 01:00:00+00:00,-0.0007152119,0.2317956,0.7875569,0.08512894,0.4040058,0.31012037,0.28587386,190.58145151986568,325.28684320067333,744.6619417308681,634.1775362170097
1364,2024-10-03 02:00:00+00:00,-0.0009262454,0.23217472,0.78811586,0.07882988,0.4038358,0.3101231,0.2860411,235.45624752282262,329.19982899985433,761.7600130494258,652.3824240807775
1365,2024-10-03 03:00:00+00:00,-0.001279166,0.23257068,0.78829074,0.07751186,0.40379328,0.3101267,0.2860801,268.0737629120191,330.4928025485309,674.1392183397252,633.9505102575528
1366,2024-10-03 04:00:00+00:00,-0.0017190637,0.2325966,0.7882991,0.07884246,0.40383625,0.31013668,0.28602704,299.8204972258487,314.8525220843996,534.2812115099415,639.3533666287774
1367,2024-10-03 05:00:00+00:00,-0.0022267743,0.23271145,0.7882444,0.08120943,0.4039034,0.31014702,0.28594968,266.1199103223667,305.04017185907344,395.14105125522036,560.7443539350293
1368,2024-10-03 06:00:00+00:00,-0.0027557367,0.23270462,0.78726745,0.08551266,0.4039903,0.31013465,0.28587505,213.02005086020839,351.9352970582109,320.54892457147105,543.5219196136098
1369,2024-10-03 07:00:00+00:00,-0.0032615985,0.23199436,0.7869448,0.078961484,0.40382308,0.31012738,0.28604952,154.27022408365067,407.1908672327106,484.07944954940723,503.7636311445253
1370,2024-10-03 08:00:00+00:00,-0.003644208,0.23024282,0.7863415,0.07904125,0.403877,0.31013626,0.2859868,124.44825875283543,426.7705318155413,611.2137279360718,490.30412579858194
1371,2024-10-03 09:00:00+00:00,-0.0038098234,0.23177628,0.7856962,0.1526344,0.40589872,0.31026337,0.28383797,122.7476382518394,419.5511278673022,582.3675684205649,458.1815402465326
1372,2024-10-03 10:00:00+00:00,-0.0038516643,0.23228025,0.7853688,0.16955034,0.4063305,0.3102377,0.28343183,137.12569196704487,405.51093291596,574.2767966687933,463.0175027587502
1373,2024-10-03 11:00:00+00:00,-0.003836005,0.23201424,0.78547424,0.11605003,0.40483177,0.3101717,0.28499654,173.60559598355607,402.17242495846267,444.98189400354636,466.05985891127494
1374,2024-10-03 12:00:00+00:00,-0.0037488348,0.23155507,0.7857679,0.07117325,0.40356967,0.3100874,0.2863429,178.5761666035697,396.3940535327054,472.1489032325848,484.0415845380605
1375,2024-10-03 13:00:00+00:00,-0.0035760065,0.2310827,0.78627634,0.066960834,0.40348879,0.31009713,0.28641406,162.0794851486971,368.6093353243247,444.17920419893477,459.5484084169537
1376,2024-10-03 14:00:00+00:00,-0.0033229305,0.23005341,0.7864365,0.061673466,0.4034328,0.3101466,0.28642055,148.8095564661584,334.83835338896523,517.1004279840242,482.1364120633346
1377,2024-10-03 15:00:00+00:00,-0.0029804038,0.22937223,0.7856416,0.046020877,0.40313467,0.31025308,0.2866122,160.20686778878203,314.6659316403138,557.3607852809786,489.9408781292935
1378,2024-10-03 16:00:00+00:00,-0.0025497985,0.22882663,0.7827929,0.053999573,0.40317926,0.31010845,0.28671232,181.5780887012369,321.88518489009897,688.2659642593957,503.3357995616252
1379,2024-10-03 17:00:00+00:00,-0.0020393159,0.22876304,0.77794313,0.064208835,0.40314582,0.30986953,0.28698474,188.82138027964274,312.0204690100371,774.0237840530737,477.57332050295764
1380,2024-10-03 18:00:00+00:00,-0.0014790798,0.2285762,0.7713643,0.060495242,0.4026832,0.30960172,0.28771505,186.2807110970549,312.48196689308776,870.8028943787982,497.01232885819303
1381,2024-10-03 19:00:00+00:00,-0.00085685437,0.22850542,0.7635897,0.05324337,0.402057,0.30929214,0.28865087,169.73193338582803,320.44517266917575,768.4087620504606,506.951375987194
1382,2024-10-03 20:00:00+00:00,-0.0001894929,0.2281682,0.7568471,0.0554655,0.40172216,0.3089926,0.28928524,204.61259938578874,311.9238955987194,741.1332628136848,533.4404953736117
1383,2024-10-03 21:00:00+00:00,0.00045217847,0.22775392,0.7525043,0.057504594,0.40152287,0.3087932,0.28968397,181.12606131978998,333.30595564684216,813.1209157844281,522.4263806106766
1384,2024-10-03 22:00:00+00:00,0.0010723233,0.22689119,0.750995,0.05966759,0.4015085,0.3087156,0.28977582,187.56451799735396,415.6923459120597,921.1171379308761,542.3025698277826
1385,2024-10-03 23:00:00+00:00,0.0015868064,0.22408259,0.750777,0.07260112,0.4019061,0.30867282,0.28942117,196.55306762267284,484.9865121073895,967.7517100175246,565.7268560221473
1386,2024-10-04 00:00:00+00:00,0.0018920874,0.22159588,0.7511806,0.08818158,0.40254763,0.30879566,0.28865668,191.55536384561378,491.20475897631496,982.1843744624945,569.1688110992959
1387,2024-10-04 01:00:00+00:00,0.0019543127,0.22020142,0.75127804,0.06917137,0.40199214,0.30872712,0.2892807,171.9669266211561,430.3725507576041,894.9899270555034,544.8943439762783
1388,2024-10-04 02:00:00+00:00,0.0017922655,0.21927407,0.75125635,0.058004677,0.40175787,0.30877462,0.28946745,157.40210773132267,334.0529002345181,784.5129381627343,537.9122841181128
1389,2024-10-04 03:00:00+00:00,0.0014305458,0.21992186,0.7510283,0.05584551,0.4016743,0.30877516,0.2895506,217.08195906230992,268.0658210371114,748.458745461625,541.7598134795502
1390,2024-10-04 04:00:00+00:00,0.0009572639,0.22007358,0.7503329,0.056936264,0.4016628,0.30875087,0.2895863,233.59337178895439,234.6905857224624,592.6369489504597,530.9168804761433
1391,2024-10-04 05:00:00+00:00,0.00040804344,0.22024266,0.74927485,0.05990533,0.4016764,0.30870634,0.28961733,217.3300607648351,221.30872486706048,459.6569446300323,495.27574812119775
1392,2024-10-04 06:00:00+00:00,-0.00017668754,0.22026803,0.7472899,0.06570894,0.4017105,0.3086146,0.2896749,189.13095925047148,250.4801047907196,352.96808096313674,469.8906071036458
1393,2024-10-04 07:00:00+00:00,-0.00074070005,0.21979487,0.7444436,0.07736682,0.40186858,0.30848244,0.28964898,164.5622105765972,315.88296359097825,305.4067670256482,448.35844980214506
1394,2024-10-04 08:00:00+00:00,-0.0011934671,0.21838121,0.7404922,0.0806121,0.40181094,0.30835557,0.28983346,156.6339418139224,342.7939852731983,321.93656005103225,445.65470391414374
1395,2024-10-04 09:00:00+00:00,-0.0014272011,0.22045651,0.73685485,0.058035832,0.40095243,0.30828494,0.2907626,147.85594089860706,343.53450950925526,441.0702928376927,437.0727320787655
1396,2024-10-04 10:00:00+00:00,-0.0015522842,0.22095744,0.7340796,0.07375813,0.40112314,0.30804566,0.29083127,146.27884533118547,339.7505721071129,524.5482066096894,441.1505626679075
1397,2024-10-04 11:00:00+00:00,-0.0015918104,0.22065547,0.73286545,0.07007107,0.40099004,0.30804545,0.29096457,157.7658963217577,355.893821872166,496.744615511147,434.445697147535
1398,2024-10-04 12:00:00+00:00,-0.0015355888,0.2201406,0.732696,0.079520546,0.4012367,0.30799502,0.29076827,149.0786298169606,364.24501290026654,493.9852925644409,435.0797438308905
1399,2024-10-04 13:00:00+00:00,-0.0013744535,0.2192027,0.7331019,0.08900403,0.40165,0.3081022,0.2902478,130.87970934641942,349.24555125573846,492.65008819718196,425.4156907094816
1400,2024-10-04 14:00:00+00:00,-0.0011154423,0.21750072,0.7339382,0.09535694,0.40199482,0.30819982,0.2898053,103.86495428387263,331.1817573089522,528.382250251951,431.2191912020082
1401,2024-10-04 15:00:00+00:00,-0.00074999203,0.21550332,0.734914,0.09484432,0.40209472,0.3082366,0.2896687,135.92226516159178,321.140896184258,602.0346124107493,433.54830517737736
1402,2024-10-04 16:00:00+00:00,-0.00027449624,0.21433435,0.7372153,0.09813104,0.40238768,0.30836233,0.28925005,157.06257355499238,330.8967905199839,670.6198291482388,439.41925617348875
1403,2024-10-04 17:00:00+00:00,0.00027362944,0.21402979,0.740199,0.10757089,0.40292186,0.30857104,0.28850716,156.5186960633727,341.69942118030986,678.1321999195014,450.4890810346448
1404,2024-10-04 18:00:00+00:00,0.00087890634,0.21382262,0.7429961,0.12487016,0.40373412,0.3088441,0.2874218,160.00970368642865,350.3048249655958,697.1506743474507,462.52118204375
1405,2024-10-04 19:00:00+00:00,0.0015572048,0.21387075,0.74698937,0.14579105,0.40467122,0.30914056,0.28618816,207.96551829371026,352.1541132754284,659.9273261297741,476.197296965797
1406,2024-10-04 20:00:00+00:00,0.0022658857,0.2129873,0.751372,0.15631026,0.40521097,0.30930623,0.28548285,214.27608735065272,340.7896908613714,658.8307491129915,496.6131720003468
1407,2024-10-04 21:00:00+00:00,0.002895863,0.2117988,0.7558681,0.15870687,0.40552837,0.30946177,0.28500992,233.24249791909594,346.0189933333523,833.1117860560986,529.4102530285197
1408,2024-10-04 22:00:00+00:00,0.0034451194,0.21060453,0.76045734,0.15411352,0.40564507,0.30960506,0.28474987,221.34692360162728,380.0117954264236,1022.7988523428527,550.6764263639103
1409,2024-10-04 23:00:00+00:00,0.0038864461,0.20764728,0.7638227,0.1702966,0.40638575,0.30977872,0.2838355,215.9263535897571,432.9930076058902,1076.5725072967741,576.3837375732433
1410,2024-10-05 00:00:00+00:00,0.0041187676,0.20550309,0.7652544,0.18093453,0.40682048,0.30978924,0.2833903,187.78172179920327,461.861315877289,995.1209128185333,584.2445911502086
1411,2024-10-05 01:00:00+00:00,0.0041279634,0.20393999,0.7652935,0.18332851,0.4069526,0.30979759,0.28324977,197.00323769131623,435.46098655939915,812.3707547432231,580.4966677575226
1412,2024-10-05 02:00:00+00:00,0.003908786,0.2037733,0.76443416,0.18759061,0.4070345,0.30974022,0.28322536,203.88559332799386,396.16879830912626,772.0878532231126,570.6809421523769
1413,2024-10-05 03:00:00+00:00,0.0035132202,0.20391147,0.7629168,0.17575558,0.40665737,0.3097773,0.28356528,251.01610645833162,378.30308287486326,706.5329412761503,566.6875106638605
1414,2024-10-05 04:00:00+00:00,0.0029725253,0.20449539,0.7601692,0.17767371,0.40656394,0.30966154,0.28377444,271.0645837076688,348.41700736795497,613.871595965983,561.995699255629
1415,2024-10-05 05:00:00+00:00,0.002340943,0.204662,0.75647104,0.18003881,0.40645802,0.30951568,0.28402632,252.3216436773621,298.61535962781517,493.6994355841043,563.0430394362365
1416,2024-10-05 06:00:00+00:00,0.0016526785,0.20473532,0.75170195,0.18637808,0.40641114,0.3093024,0.28428644,248.18997430630688,250.5142059878539,361.079933565625,549.3233321649501
1417,2024-10-05 07:00:00+00:00,0.00094261003,0.20471099,0.7451672,0.19464497,0.4063374,0.30901065,0.28465196,222.10092625429192,234.73984598909382,254.11664396456027,534.0505189268166
1418,2024-10-05 08:00:00+00:00,0.00025088197,0.20438911,0.7360453,0.20536779,0.40621942,0.3086069,0.28517368,246.91181614171083,273.9116829936555,289.25218918063996,528.3375466468356
1419,2024-10-05 09:00:00+00:00,-0.00035656002,0.20444833,0.72433174,0.24505639,0.40672007,0.30787325,0.28540662,285.7352622201558,306.3209493179779,363.6793168574641,521.9607257696933
1420,2024-10-05 10:00:00+00:00,-0.00088636746,0.20340331,0.71279323,0.29446352,0.40746027,0.3059277,0.2866121,298.3708976580804,328.9109683404222,403.2888666164133,504.6138769291124
1421,2024-10-05 11:00:00+00:00,-0.0012319824,0.20336477,0.7063256,0.3163174,0.40769562,0.30496946,0.2873349,305.46482170883723,340.0930745699778,418.4621874075381,500.12896188456733
1422,2024-10-05 12:00:00+00:00,-0.0013851101,0.20341481,0.70378655,0.33182153,0.4079334,0.30439082,0.28767577,256.08313524185843,336.92608402460013,389.2431776193395,509.710960693629
1423,2024-10-05 13:00:00+00:00,-0.0013756374,0.20290005,0.7038901,0.33848032,0.40811738,0.30419207,0.2876905,245.87862302741527,344.54995412558947,445.09237502747345,516.5971994377804
1424,2024-10-05 14:00:00+00:00,-0.0012254873,0.20182472,0.706023,0.30745164,0.40753725,0.30527857,0.28718424,202.19213412374665,337.7677052810712,544.480781682277,508.3115724607246
1425,2024-10-05 15:00:00+00:00,-0.0009326445,0.20135157,0.70955366,0.24528645,0.40617576,0.30736536,0.286459,234.11682798039524,306.6880885300364,669.2918670076115,505.1255066154201
1426,2024-10-05 16:00:00+00:00,-0.0005316478,0.20084018,0.7135161,0.18356486,0.4045834,0.3078518,0.2875648,341.6210727844268,325.8989744783855,830.0996360518757,510.51265582620687
1427,2024-10-05 17:00:00+00:00,-5.0128743e-05,0.2004749,0.7171351,0.14248787,0.4033244,0.3079238,0.28875178,374.2024712643418,358.75046787201404,904.566995303256,490.72086092986365
1428,2024-10-05 18:00:00+00:00,0.0005071053,0.20048776,0.71976495,0.14089227,0.40340883,0.3080121,0.2885791,398.5181021679463,396.18434793740016,885.4869506652252,491.978254839121
1429,2024-10-05 19:00:00+00:00,0.0010966156,0.20048435,0.7202109,0.14807917,0.40369487,0.30808377,0.28822142,372.0120340517139,431.52246593205274,768.9286247144524,472.39252036156
1430,2024-10-05 20:00:00+00:00,0.0016880909,0.19988771,0.71963716,0.14236814,0.40344468,0.30798554,0.2885698,359.05309134574463,450.527483983873,752.2724641976087,484.0632039905283
1431,2024-10-05 21:00:00+00:00,0.0021932335,0.19932367,0.7191693,0.14241803,0.40342307,0.30795085,0.28862613,299.11210309513035,494.80005736481644,767.6205334553696,483.5903194119649
1432,2024-10-05 22:00:00+00:00,0.002620625,0.19861306,0.7183339,0.14567529,0.40350923,0.3079334,0.28855735,236.3141185869396,542.1598014319011,795.578351343249,487.281381556126
1433,2024-10-05 23:00:00+00:00,0.0029229347,0.19725448,0.7179327,0.16776907,0.40433294,0.30800098,0.28766605,206.1854010430787,572.5355590176376,776.8238205438405,496.21025831136905
1434,2024-10-06 00:00:00+00:00,0.0030325952,0.19641127,0.71790373,0.19226986,0.40522766,0.3080175,0.28675494,248.18749761124045,562.125986969036,941.2236307656182,510.4242060573597
1435,2024-10-06 01:00:00+00:00,0.0029385376,0.19535619,0.7175047,0.20941742,0.4058347,0.30800447,0.28616086,288.8430109502946,508.8833106484978,965.3008032072339,507.0452466516149
1436,2024-10-06 02:00:00+00:00,0.0026244246,0.19490264,0.7168967,0.19553553,0.40534648,0.3079902,0.28666338,295.76026091355476,434.9942558509515,987.0021163366691,507.49373693454874
1437,2024-10-06 03:00:00+00:00,0.0021113488,0.19523215,0.7163277,0.18239641,0.40484735,0.30796394,0.28718868,235.09729323256997,388.2008964547061,859.2293481849647,506.09725751373986
1438,2024-10-06 04:00:00+00:00,0.0014594335,0.19541554,0.7163837,0.14750947,0.40360537,0.30791262,0.28848207,263.9187788304703,349.21592035480325,836.6036793520589,507.6081912817119
1439,2024-10-06 05:00:00+00:00,0.0007023268,0.19559062,0.7180182,0.12558217,0.40287942,0.30779922,0.28932133,263.2321868492,283.577367181026,781.2029469998051,486.3908665514134
1440,2024-10-06 06:00:00+00:00,-0.00013387544,0.19574492,0.72086394,0.122296534,0.40294796,0.307925,0.28912696,247.38267094238475,207.4830392731932,674.1822511794627,474.0015167336771
1441,2024-10-06 07:00:00+00:00,-0.001001311,0.19574006,0.7262614,0.12099916,0.4032552,0.30818808,0.28855678,244.46949722221953,148.83902458620844,650.1512787678214,456.79526649678945
1442,2024-10-06 08:00:00+00:00,-0.0018517993,0.1956145,0.73590195,0.12391114,0.40397933,0.30868167,0.28733903,275.5723401940475,151.60651313195862,766.2294240777046,457.125992643081
1443,2024-10-06 09:00:00+00:00,-0.002652188,0.19546443,0.74979657,0.15736227,0.40598848,0.30955985,0.28445166,256.5793150836787,238.47728508869127,730.9685899594957,421.5264217267572
1444,2024-10-06 10:00:00+00:00,-0.0033685756,0.19462109,0.76492125,0.2132005,0.40818983,0.30979106,0.2820191,244.87651608728228,316.53401968185153,697.6896735284676,411.72254221505426
1445,2024-10-06 11:00:00+00:00,-0.003921219,0.19423734,0.77399737,0.19718648,0.40817124,0.31021622,0.28161258,257.39168968707867,358.490649928987,829.1585734663737,386.5548360965924
1446,2024-10-06 12:00:00+00:00,-0.004303538,0.19443552,0.77853423,0.1586848,0.40734774,0.3105151,0.28213724,250.41004302150222,361.2991566022811,824.5899555878922,409.6646750298105
1447,2024-10-06 13:00:00+00:00,-0.0045504505,0.19419216,0.7807759,0.15566954,0.40736982,0.31058487,0.28204536,225.24160279577018,349.2101611511587,789.8945794944017,400.5349086052026
1448,2024-10-06 14:00:00+00:00,-0.0046787835,0.19319081,0.78095275,0.16568385,0.40770683,0.31062737,0.2816658,236.21105591431328,331.26349475622425,904.4248246557792,416.49250305322795
1449,2024-10-06 15:00:00+00:00,-0.0046769967,0.19268775,0.77929676,0.18937193,0.40817276,0.31038857,0.2814387,247.92589093731394,295.03907679925356,993.8099078388677,394.6487996017857
1450,2024-10-06 16:00:00+00:00,-0.004591179,0.19199339,0.77661103,0.21800518,0.4086677,0.30994838,0.2813839,244.28491511717675,295.7261326927688,976.7427565900892,393.28771453432347
1451,2024-10-06 17:00:00+00:00,-0.00443391,0.19139998,0.77364445,0.23205404,0.40888295,0.3097132,0.2814039,191.2477318722547,317.30308474456496,928.5014182028937,398.8309190975374
1452,2024-10-06 18:00:00+00:00,-0.0042115883,0.19065392,0.7701794,0.26475975,0.40939587,0.3085108,0.2820933,189.32648671035645,329.40192458878533,1012.0603182534375,404.68467984798616
1453,2024-10-06 19:00:00+00:00,-0.0038993463,0.19066621,0.766746,0.27867457,0.40956312,0.30794314,0.28249374,191.02366146133,319.8853939679634,1002.3621709013784,404.97878056069794
1454,2024-10-06 20:00:00+00:00,-0.003537847,0.1904704,0.7633445,0.31421944,0.41016132,0.30632615,0.28351247,206.69970127444662,298.1884786442899,1003.337320813284,430.96223984895454
1455,2024-10-06 21:00:00+00:00,-0.0031990274,0.19041486,0.76014113,0.3289378,0.41036972,0.30565152,0.28397873,202.25565405731322,295.15790684531265,985.1997412521813,453.0262200935024
1456,2024-10-06 22:00:00+00:00,-0.0028515216,0.19013403,0.75731534,0.35664418,0.41052258,0.30490264,0.28457478,225.71690256600854,281.8593252416951,1060.7958109782255,471.6739249081234
1457,2024-10-06 23:00:00+00:00,-0.0025824052,0.18833818,0.75504506,0.35077366,0.41051477,0.30500078,0.28448457,204.2043947496095,274.7538703692828,1019.2481667752659,496.05364142463685
1458,2024-10-07 00:00:00+00:00,-0.0025108033,0.18688452,0.75391835,0.34864983,0.41052476,0.30503744,0.28443778,186.67617241970143,287.0588648354162,1118.0387071219525,478.4792742987249
1459,2024-10-07 01:00:00+00:00,-0.0026728245,0.18710156,0.7530527,0.37417927,0.41055337,0.30456603,0.2848806,167.65016678672762,298.29979630603435,1196.7603838386765,466.00463101491306
1460,2024-10-07 02:00:00+00:00,-0.0030203434,0.18730062,0.7519965,0.39229175,0.41055736,0.30423078,0.2852119,192.42091299595737,296.6911175292494,1204.9415848863873,436.58498302294674
