datetime,load
2023-10-01 04:00:00+00:00,4042.513
2023-10-01 05:00:00+00:00,3850.067
2023-10-01 06:00:00+00:00,3734.2
2023-10-01 07:00:00+00:00,3687.402
2023-10-01 08:00:00+00:00,3679.819
2023-10-01 09:00:00+00:00,3689.471
2023-10-01 10:00:00+00:00,3779.78
2023-10-01 11:00:00+00:00,3900.555
2023-10-01 12:00:00+00:00,4080.014
2023-10-01 13:00:00+00:00,4236.845
2023-10-01 14:00:00+00:00,4376.898
2023-10-01 15:00:00+00:00,4517.897
2023-10-01 16:00:00+00:00,4699.892
2023-10-01 17:00:00+00:00,4847.522
2023-10-01 18:00:00+00:00,5033.562
2023-10-01 19:00:00+00:00,5219.154
2023-10-01 20:00:00+00:00,5408.729
2023-10-01 21:00:00+00:00,5514.52
2023-10-01 22:00:00+00:00,5425.429
2023-10-01 23:00:00+00:00,5397.942
2023-10-02 00:00:00+00:00,5210.421
2023-10-02 01:00:00+00:00,4892.788
2023-10-02 02:00:00+00:00,4536.414
2023-10-02 03:00:00+00:00,4254.791
2023-10-02 04:00:00+00:00,4043.349
2023-10-02 05:00:00+00:00,3942.014
2023-10-02 06:00:00+00:00,3875.905
2023-10-02 07:00:00+00:00,3884.968
2023-10-02 08:00:00+00:00,3959.682
2023-10-02 09:00:00+00:00,4169.299
2023-10-02 10:00:00+00:00,4548.913
2023-10-02 11:00:00+00:00,4788.007
2023-10-02 12:00:00+00:00,4851.242
2023-10-02 13:00:00+00:00,4969.945
2023-10-02 14:00:00+00:00,5077.454
2023-10-02 15:00:00+00:00,5265.985
2023-10-02 16:00:00+00:00,5443.089
2023-10-02 17:00:00+00:00,5663.128
2023-10-02 18:00:00+00:00,5807.694
2023-10-02 19:00:00+00:00,5973.899
2023-10-02 20:00:00+00:00,6146.857
2023-10-02 21:00:00+00:00,6220.038
2023-10-02 22:00:00+00:00,6068.316
2023-10-02 23:00:00+00:00,5998.34
2023-10-03 00:00:00+00:00,5736.992
2023-10-03 01:00:00+00:00,5375.587
2023-10-03 02:00:00+00:00,4961.052
2023-10-03 03:00:00+00:00,4620.556
2023-10-03 04:00:00+00:00,4321.196
2023-10-03 05:00:00+00:00,4144.054
2023-10-03 06:00:00+00:00,4032.636
2023-10-03 07:00:00+00:00,4008.456
2023-10-03 08:00:00+00:00,4050.021
2023-10-03 09:00:00+00:00,4246.11
2023-10-03 10:00:00+00:00,4623.268
2023-10-03 11:00:00+00:00,4851.145
2023-10-03 12:00:00+00:00,4914.288
2023-10-03 13:00:00+00:00,5009.041
2023-10-03 14:00:00+00:00,5177.706
2023-10-03 15:00:00+00:00,5363.245
2023-10-03 16:00:00+00:00,5591.565
2023-10-03 17:00:00+00:00,5840.011
2023-10-03 18:00:00+00:00,5988.617
2023-10-03 19:00:00+00:00,6167.789
2023-10-03 20:00:00+00:00,6325.308
2023-10-03 21:00:00+00:00,6360.89
2023-10-03 22:00:00+00:00,6185.706
2023-10-03 23:00:00+00:00,6077.382
2023-10-04 00:00:00+00:00,5829.631
2023-10-04 01:00:00+00:00,5474.386
2023-10-04 02:00:00+00:00,5092.644
2023-10-04 03:00:00+00:00,4652.986
2023-10-04 04:00:00+00:00,4372.37
2023-10-04 05:00:00+00:00,4184.679
2023-10-04 06:00:00+00:00,4072.063
2023-10-04 07:00:00+00:00,4034.267
2023-10-04 08:00:00+00:00,4109.032
2023-10-04 09:00:00+00:00,4305.806
2023-10-04 10:00:00+00:00,4654.126
2023-10-04 11:00:00+00:00,4823.812
2023-10-04 12:00:00+00:00,4951.595
2023-10-04 13:00:00+00:00,5023.82
2023-10-04 14:00:00+00:00,5188.15
2023-10-04 15:00:00+00:00,5394.846
2023-10-04 16:00:00+00:00,5633.476
2023-10-04 17:00:00+00:00,5851.584
2023-10-04 18:00:00+00:00,6028.929
2023-10-04 19:00:00+00:00,6201.224
2023-10-04 20:00:00+00:00,6329.088
2023-10-04 21:00:00+00:00,6307.647
2023-10-04 22:00:00+00:00,6118.84
2023-10-04 23:00:00+00:00,6006.934
2023-10-05 00:00:00+00:00,5729.996
2023-10-05 01:00:00+00:00,5359.151
2023-10-05 02:00:00+00:00,4950.591
2023-10-05 03:00:00+00:00,4578.93
2023-10-05 04:00:00+00:00,4320.027
2023-10-05 05:00:00+00:00,4123.742
2023-10-05 06:00:00+00:00,4016.269
2023-10-05 07:00:00+00:00,3965.982
2023-10-05 08:00:00+00:00,4018.367
2023-10-05 09:00:00+00:00,4207.978
2023-10-05 10:00:00+00:00,4610.776
2023-10-05 11:00:00+00:00,4780.582
2023-10-05 12:00:00+00:00,4862.366
2023-10-05 13:00:00+00:00,4951.07
2023-10-05 14:00:00+00:00,5063.082
2023-10-05 15:00:00+00:00,5206.18
2023-10-05 16:00:00+00:00,5393.607
2023-10-05 17:00:00+00:00,5593.092
2023-10-05 18:00:00+00:00,5674.019
2023-10-05 19:00:00+00:00,5771.212
2023-10-05 20:00:00+00:00,5860.863
2023-10-05 21:00:00+00:00,5825.299
2023-10-05 22:00:00+00:00,5741.233
2023-10-05 23:00:00+00:00,5788.03
2023-10-06 00:00:00+00:00,5621.072
2023-10-06 01:00:00+00:00,5370.759
2023-10-06 02:00:00+00:00,5012.923
2023-10-06 03:00:00+00:00,4657.229
2023-10-06 04:00:00+00:00,4375.837
2023-10-06 05:00:00+00:00,4196.929
2023-10-06 06:00:00+00:00,4109.854
2023-10-06 07:00:00+00:00,4097.785
2023-10-06 08:00:00+00:00,4140.563
2023-10-06 09:00:00+00:00,4320.966
2023-10-06 10:00:00+00:00,4700.89
2023-10-06 11:00:00+00:00,4930.18
2023-10-06 12:00:00+00:00,5049.755
2023-10-06 13:00:00+00:00,5126.914
2023-10-06 14:00:00+00:00,5177.565
2023-10-06 15:00:00+00:00,5222.389
2023-10-06 16:00:00+00:00,5248.662
2023-10-06 17:00:00+00:00,5319.811
2023-10-06 18:00:00+00:00,5376.26
2023-10-06 19:00:00+00:00,5412.776
2023-10-06 20:00:00+00:00,5446.417
2023-10-06 21:00:00+00:00,5419.075
2023-10-06 22:00:00+00:00,5331.612
2023-10-06 23:00:00+00:00,5319.622
2023-10-07 00:00:00+00:00,5174.722
2023-10-07 01:00:00+00:00,4982.092
2023-10-07 02:00:00+00:00,4713.128
2023-10-07 03:00:00+00:00,4405.696
2023-10-07 04:00:00+00:00,4176.443
2023-10-07 05:00:00+00:00,4014.991
2023-10-07 06:00:00+00:00,3931.159
2023-10-07 07:00:00+00:00,3840.562
2023-10-07 08:00:00+00:00,3833.04
2023-10-07 09:00:00+00:00,3862.126
2023-10-07 10:00:00+00:00,3976.37
2023-10-07 11:00:00+00:00,4129.088
2023-10-07 12:00:00+00:00,4283.351
2023-10-07 13:00:00+00:00,4433.726
2023-10-07 14:00:00+00:00,4484.383
2023-10-07 15:00:00+00:00,4481.87
2023-10-07 16:00:00+00:00,4420.191
2023-10-07 17:00:00+00:00,4379.563
2023-10-07 18:00:00+00:00,4352.001
2023-10-07 19:00:00+00:00,4363.966
2023-10-07 20:00:00+00:00,4434.733
2023-10-07 21:00:00+00:00,4477.848
2023-10-07 22:00:00+00:00,4544.016
2023-10-07 23:00:00+00:00,4652.011
2023-10-08 00:00:00+00:00,4590.996
2023-10-08 01:00:00+00:00,4483.101
2023-10-08 02:00:00+00:00,4280.074
2023-10-08 03:00:00+00:00,4090.349
2023-10-08 04:00:00+00:00,3959.537
2023-10-08 05:00:00+00:00,3848.665
2023-10-08 06:00:00+00:00,3803.185
2023-10-08 07:00:00+00:00,3759.392
2023-10-08 08:00:00+00:00,3763.283
2023-10-08 09:00:00+00:00,3828.857
2023-10-08 10:00:00+00:00,3972.431
2023-10-08 11:00:00+00:00,4140.954
2023-10-08 12:00:00+00:00,4330.914
2023-10-08 13:00:00+00:00,4434.521
2023-10-08 14:00:00+00:00,4474.06
2023-10-08 15:00:00+00:00,4458.734
2023-10-08 16:00:00+00:00,4471.672
2023-10-08 17:00:00+00:00,4422.472
2023-10-08 18:00:00+00:00,4400.448
2023-10-08 19:00:00+00:00,4406.882
2023-10-08 20:00:00+00:00,4539.305
2023-10-08 21:00:00+00:00,4641.951
2023-10-08 22:00:00+00:00,4806.89
2023-10-08 23:00:00+00:00,4961.791
2023-10-09 00:00:00+00:00,4864.614
2023-10-09 01:00:00+00:00,4699.259
2023-10-09 02:00:00+00:00,4493.948
2023-10-09 03:00:00+00:00,4329.389
2023-10-09 04:00:00+00:00,4209.115
2023-10-09 05:00:00+00:00,4141.772
2023-10-09 06:00:00+00:00,4104.563
2023-10-09 07:00:00+00:00,4118.014
2023-10-09 08:00:00+00:00,4243.775
2023-10-09 09:00:00+00:00,4504.623
2023-10-09 10:00:00+00:00,4875.642
2023-10-09 11:00:00+00:00,5118.506
2023-10-09 12:00:00+00:00,5234.563
2023-10-09 13:00:00+00:00,5224.02
2023-10-09 14:00:00+00:00,5190.174
2023-10-09 15:00:00+00:00,5181.578
2023-10-09 16:00:00+00:00,5094.285
2023-10-09 17:00:00+00:00,5060.377
2023-10-09 18:00:00+00:00,4976.817
2023-10-09 19:00:00+00:00,5020.382
2023-10-09 20:00:00+00:00,5071.913
2023-10-09 21:00:00+00:00,5158.532
2023-10-09 22:00:00+00:00,5236.016
2023-10-09 23:00:00+00:00,5373.598
2023-10-10 00:00:00+00:00,5246.513
2023-10-10 01:00:00+00:00,5029.409
2023-10-10 02:00:00+00:00,4751.743
2023-10-10 03:00:00+00:00,4566.46
2023-10-10 04:00:00+00:00,4393.521
2023-10-10 05:00:00+00:00,4309.14
2023-10-10 06:00:00+00:00,4263.62
2023-10-10 07:00:00+00:00,4234.514
2023-10-10 08:00:00+00:00,4351.923
2023-10-10 09:00:00+00:00,4611.175
2023-10-10 10:00:00+00:00,5068.605
2023-10-10 11:00:00+00:00,5246.318
2023-10-10 12:00:00+00:00,5248.42
2023-10-10 13:00:00+00:00,5096.298
2023-10-10 14:00:00+00:00,4996.591
2023-10-10 15:00:00+00:00,4953.029
2023-10-10 16:00:00+00:00,4951.253
2023-10-10 17:00:00+00:00,4930.186
2023-10-10 18:00:00+00:00,4873.675
2023-10-10 19:00:00+00:00,4841.838
2023-10-10 20:00:00+00:00,4886.955
2023-10-10 21:00:00+00:00,4942.267
2023-10-10 22:00:00+00:00,5079.158
2023-10-10 23:00:00+00:00,5227.898
2023-10-11 00:00:00+00:00,5165.577
2023-10-11 01:00:00+00:00,4986.644
2023-10-11 02:00:00+00:00,4700.005
2023-10-11 03:00:00+00:00,4514.54
2023-10-11 04:00:00+00:00,4340.123
2023-10-11 05:00:00+00:00,4275.584
2023-10-11 06:00:00+00:00,4255.088
2023-10-11 07:00:00+00:00,4301.795
2023-10-11 08:00:00+00:00,4398.868
2023-10-11 09:00:00+00:00,4688.296
2023-10-11 10:00:00+00:00,5112.56
2023-10-11 11:00:00+00:00,5344.859
2023-10-11 12:00:00+00:00,5371.021
2023-10-11 13:00:00+00:00,5191.359
2023-10-11 14:00:00+00:00,5117.065
2023-10-11 15:00:00+00:00,5006.583
2023-10-11 16:00:00+00:00,4929.669
2023-10-11 17:00:00+00:00,4910.2
2023-10-11 18:00:00+00:00,4877.956
2023-10-11 19:00:00+00:00,4847.285
2023-10-11 20:00:00+00:00,4941.384
2023-10-11 21:00:00+00:00,5001.043
2023-10-11 22:00:00+00:00,5058.057
2023-10-11 23:00:00+00:00,5225.226
2023-10-12 00:00:00+00:00,5169.124
2023-10-12 01:00:00+00:00,4984.576
2023-10-12 02:00:00+00:00,4723.866
2023-10-12 03:00:00+00:00,4475.903
2023-10-12 04:00:00+00:00,4347.942
2023-10-12 05:00:00+00:00,4238.89
2023-10-12 06:00:00+00:00,4201.402
2023-10-12 07:00:00+00:00,4220.408
2023-10-12 08:00:00+00:00,4281.131
2023-10-12 09:00:00+00:00,4519.697
2023-10-12 10:00:00+00:00,4943.537
2023-10-12 11:00:00+00:00,5129.558
2023-10-12 12:00:00+00:00,5119.174
2023-10-12 13:00:00+00:00,5066.53
2023-10-12 14:00:00+00:00,4983.099
2023-10-12 15:00:00+00:00,4922.147
2023-10-12 16:00:00+00:00,4925.798
2023-10-12 17:00:00+00:00,4909.919
2023-10-12 18:00:00+00:00,4909.468
2023-10-12 19:00:00+00:00,4918.624
2023-10-12 20:00:00+00:00,5002.703
2023-10-12 21:00:00+00:00,5051.382
2023-10-12 22:00:00+00:00,5118.75
2023-10-12 23:00:00+00:00,5237.539
2023-10-13 00:00:00+00:00,5140.751
2023-10-13 01:00:00+00:00,4927.806
2023-10-13 02:00:00+00:00,4619.117
2023-10-13 03:00:00+00:00,4387.297
2023-10-13 04:00:00+00:00,4206.06
2023-10-13 05:00:00+00:00,4071.928
2023-10-13 06:00:00+00:00,4037.418
2023-10-13 07:00:00+00:00,4037.474
2023-10-13 08:00:00+00:00,4118.428
2023-10-13 09:00:00+00:00,4326.303
2023-10-13 10:00:00+00:00,4707.342
2023-10-13 11:00:00+00:00,4948.124
2023-10-13 12:00:00+00:00,4988.368
2023-10-13 13:00:00+00:00,4949.942
2023-10-13 14:00:00+00:00,4887.14
2023-10-13 15:00:00+00:00,4853.279
2023-10-13 16:00:00+00:00,4834.811
2023-10-13 17:00:00+00:00,4830.34
2023-10-13 18:00:00+00:00,4802.979
2023-10-13 19:00:00+00:00,4824.12
2023-10-13 20:00:00+00:00,4859.805
2023-10-13 21:00:00+00:00,4905.487
2023-10-13 22:00:00+00:00,4907.516
2023-10-13 23:00:00+00:00,4943.214
2023-10-14 00:00:00+00:00,4826.799
2023-10-14 01:00:00+00:00,4674.169
2023-10-14 02:00:00+00:00,4444.88
2023-10-14 03:00:00+00:00,4273.792
2023-10-14 04:00:00+00:00,4061.203
2023-10-14 05:00:00+00:00,3970.803
2023-10-14 06:00:00+00:00,3906.04
2023-10-14 07:00:00+00:00,3887.918
2023-10-14 08:00:00+00:00,3882.639
2023-10-14 09:00:00+00:00,3978.14
2023-10-14 10:00:00+00:00,4111.387
2023-10-14 11:00:00+00:00,4312.46
2023-10-14 12:00:00+00:00,4518.554
2023-10-14 13:00:00+00:00,4695.108
2023-10-14 14:00:00+00:00,4831.393
2023-10-14 15:00:00+00:00,4867.728
2023-10-14 16:00:00+00:00,4867.491
2023-10-14 17:00:00+00:00,4844.571
2023-10-14 18:00:00+00:00,4800.076
2023-10-14 19:00:00+00:00,4780.0
2023-10-14 20:00:00+00:00,4811.898
2023-10-14 21:00:00+00:00,4873.745
2023-10-14 22:00:00+00:00,4895.698
2023-10-14 23:00:00+00:00,4918.478
2023-10-15 00:00:00+00:00,4830.431
2023-10-15 01:00:00+00:00,4673.663
2023-10-15 02:00:00+00:00,4492.867
2023-10-15 03:00:00+00:00,4312.242
2023-10-15 04:00:00+00:00,4127.342
2023-10-15 05:00:00+00:00,4027.809
2023-10-15 06:00:00+00:00,3972.107
2023-10-15 07:00:00+00:00,3945.934
2023-10-15 08:00:00+00:00,3951.174
2023-10-15 09:00:00+00:00,4019.077
2023-10-15 10:00:00+00:00,4161.646
2023-10-15 11:00:00+00:00,4356.407
2023-10-15 12:00:00+00:00,4527.622
2023-10-15 13:00:00+00:00,4593.221
2023-10-15 14:00:00+00:00,4625.343
2023-10-15 15:00:00+00:00,4631.966
2023-10-15 16:00:00+00:00,4629.717
2023-10-15 17:00:00+00:00,4566.776
2023-10-15 18:00:00+00:00,4519.2
2023-10-15 19:00:00+00:00,4515.73
2023-10-15 20:00:00+00:00,4550.948
2023-10-15 21:00:00+00:00,4685.029
2023-10-15 22:00:00+00:00,4872.532
2023-10-15 23:00:00+00:00,5025.924
2023-10-16 00:00:00+00:00,5001.742
2023-10-16 01:00:00+00:00,4840.562
2023-10-16 02:00:00+00:00,4623.04
2023-10-16 03:00:00+00:00,4426.993
2023-10-16 04:00:00+00:00,4298.652
2023-10-16 05:00:00+00:00,4225.305
2023-10-16 06:00:00+00:00,4212.035
2023-10-16 07:00:00+00:00,4231.724
2023-10-16 08:00:00+00:00,4345.168
2023-10-16 09:00:00+00:00,4585.724
2023-10-16 10:00:00+00:00,5014.43
2023-10-16 11:00:00+00:00,5247.483
2023-10-16 12:00:00+00:00,5291.901
2023-10-16 13:00:00+00:00,5268.428
2023-10-16 14:00:00+00:00,5251.25
2023-10-16 15:00:00+00:00,5217.917
2023-10-16 16:00:00+00:00,5197.028
2023-10-16 17:00:00+00:00,5146.405
2023-10-16 18:00:00+00:00,5059.611
2023-10-16 19:00:00+00:00,5058.446
2023-10-16 20:00:00+00:00,5109.443
2023-10-16 21:00:00+00:00,5185.418
2023-10-16 22:00:00+00:00,5330.766
2023-10-16 23:00:00+00:00,5481.247
2023-10-17 00:00:00+00:00,5334.331
2023-10-17 01:00:00+00:00,5118.565
2023-10-17 02:00:00+00:00,4845.604
2023-10-17 03:00:00+00:00,4627.744
2023-10-17 04:00:00+00:00,4447.703
2023-10-17 05:00:00+00:00,4321.085
2023-10-17 06:00:00+00:00,4311.739
2023-10-17 07:00:00+00:00,4295.862
2023-10-17 08:00:00+00:00,4393.761
2023-10-17 09:00:00+00:00,4616.079
2023-10-17 10:00:00+00:00,4985.195
2023-10-17 11:00:00+00:00,5233.777
2023-10-17 12:00:00+00:00,5243.261
2023-10-17 13:00:00+00:00,5170.722
2023-10-17 14:00:00+00:00,5162.011
2023-10-17 15:00:00+00:00,5231.903
2023-10-17 16:00:00+00:00,5213.564
2023-10-17 17:00:00+00:00,5197.634
2023-10-17 18:00:00+00:00,5155.772
2023-10-17 19:00:00+00:00,5115.208
2023-10-17 20:00:00+00:00,5183.261
2023-10-17 21:00:00+00:00,5272.284
2023-10-17 22:00:00+00:00,5345.124
2023-10-17 23:00:00+00:00,5416.771
2023-10-18 00:00:00+00:00,5317.127
2023-10-18 01:00:00+00:00,5119.415
2023-10-18 02:00:00+00:00,4836.95
2023-10-18 03:00:00+00:00,4577.24
2023-10-18 04:00:00+00:00,4398.637
2023-10-18 05:00:00+00:00,4366.029
2023-10-18 06:00:00+00:00,4315.187
2023-10-18 07:00:00+00:00,4335.18
2023-10-18 08:00:00+00:00,4427.454
2023-10-18 09:00:00+00:00,4645.104
2023-10-18 10:00:00+00:00,5080.755
2023-10-18 11:00:00+00:00,5291.198
2023-10-18 12:00:00+00:00,5338.83
2023-10-18 13:00:00+00:00,5292.441
2023-10-18 14:00:00+00:00,5259.098
2023-10-18 15:00:00+00:00,5185.995
2023-10-18 16:00:00+00:00,5112.143
2023-10-18 17:00:00+00:00,5085.952
2023-10-18 18:00:00+00:00,5096.544
2023-10-18 19:00:00+00:00,4986.527
2023-10-18 20:00:00+00:00,5011.789
2023-10-18 21:00:00+00:00,5167.005
2023-10-18 22:00:00+00:00,5227.528
2023-10-18 23:00:00+00:00,5416.156
2023-10-19 00:00:00+00:00,5342.609
2023-10-19 01:00:00+00:00,5175.385
2023-10-19 02:00:00+00:00,4903.6
2023-10-19 03:00:00+00:00,4699.665
2023-10-19 04:00:00+00:00,4622.774
2023-10-19 05:00:00+00:00,4541.533
2023-10-19 06:00:00+00:00,4496.031
2023-10-19 07:00:00+00:00,4574.545
2023-10-19 08:00:00+00:00,4644.045
2023-10-19 09:00:00+00:00,4912.471
2023-10-19 10:00:00+00:00,5355.964
2023-10-19 11:00:00+00:00,5612.665
2023-10-19 12:00:00+00:00,5577.725
2023-10-19 13:00:00+00:00,5419.671
2023-10-19 14:00:00+00:00,5343.306
2023-10-19 15:00:00+00:00,5234.348
2023-10-19 16:00:00+00:00,5163.47
2023-10-19 17:00:00+00:00,5107.156
2023-10-19 18:00:00+00:00,4959.306
2023-10-19 19:00:00+00:00,4931.485
2023-10-19 20:00:00+00:00,4961.268
2023-10-19 21:00:00+00:00,5027.757
2023-10-19 22:00:00+00:00,5171.584
2023-10-19 23:00:00+00:00,5271.965
2023-10-20 00:00:00+00:00,5201.567
2023-10-20 01:00:00+00:00,4986.898
2023-10-20 02:00:00+00:00,4715.411
2023-10-20 03:00:00+00:00,4490.156
2023-10-20 04:00:00+00:00,4297.344
2023-10-20 05:00:00+00:00,4164.412
2023-10-20 06:00:00+00:00,4138.257
2023-10-20 07:00:00+00:00,4128.591
2023-10-20 08:00:00+00:00,4203.757
2023-10-20 09:00:00+00:00,4401.159
2023-10-20 10:00:00+00:00,4783.31
2023-10-20 11:00:00+00:00,5033.984
2023-10-20 12:00:00+00:00,5134.314
2023-10-20 13:00:00+00:00,5179.364
2023-10-20 14:00:00+00:00,5191.136
2023-10-20 15:00:00+00:00,5169.726
2023-10-20 16:00:00+00:00,5178.621
2023-10-20 17:00:00+00:00,5170.276
2023-10-20 18:00:00+00:00,5103.318
2023-10-20 19:00:00+00:00,5031.692
2023-10-20 20:00:00+00:00,5003.307
2023-10-20 21:00:00+00:00,5029.666
2023-10-20 22:00:00+00:00,5113.442
2023-10-20 23:00:00+00:00,5088.357
2023-10-21 00:00:00+00:00,4990.692
2023-10-21 01:00:00+00:00,4855.769
2023-10-21 02:00:00+00:00,4632.639
2023-10-21 03:00:00+00:00,4411.062
2023-10-21 04:00:00+00:00,4242.28
2023-10-21 05:00:00+00:00,4128.562
2023-10-21 06:00:00+00:00,4069.763
2023-10-21 07:00:00+00:00,4046.153
2023-10-21 08:00:00+00:00,4047.095
2023-10-21 09:00:00+00:00,4136.904
2023-10-21 10:00:00+00:00,4289.278
2023-10-21 11:00:00+00:00,4485.106
2023-10-21 12:00:00+00:00,4622.495
2023-10-21 13:00:00+00:00,4730.391
2023-10-21 14:00:00+00:00,4792.94
2023-10-21 15:00:00+00:00,4787.278
2023-10-21 16:00:00+00:00,4795.649
2023-10-21 17:00:00+00:00,4694.766
2023-10-21 18:00:00+00:00,4632.895
2023-10-21 19:00:00+00:00,4609.85
2023-10-21 20:00:00+00:00,4642.772
2023-10-21 21:00:00+00:00,4722.555
2023-10-21 22:00:00+00:00,4854.902
2023-10-21 23:00:00+00:00,4930.03
2023-10-22 00:00:00+00:00,4843.877
2023-10-22 01:00:00+00:00,4733.577
2023-10-22 02:00:00+00:00,4547.409
2023-10-22 03:00:00+00:00,4375.875
2023-10-22 04:00:00+00:00,4220.766
2023-10-22 05:00:00+00:00,4122.741
2023-10-22 06:00:00+00:00,4058.391
2023-10-22 07:00:00+00:00,4033.108
2023-10-22 08:00:00+00:00,4029.723
2023-10-22 09:00:00+00:00,4099.083
2023-10-22 10:00:00+00:00,4233.18
2023-10-22 11:00:00+00:00,4412.186
2023-10-22 12:00:00+00:00,4596.572
2023-10-22 13:00:00+00:00,4689.656
2023-10-22 14:00:00+00:00,4700.81
2023-10-22 15:00:00+00:00,4656.984
2023-10-22 16:00:00+00:00,4641.122
2023-10-22 17:00:00+00:00,4573.484
2023-10-22 18:00:00+00:00,4550.573
2023-10-22 19:00:00+00:00,4540.643
2023-10-22 20:00:00+00:00,4639.699
2023-10-22 21:00:00+00:00,4776.374
2023-10-22 22:00:00+00:00,4955.671
2023-10-22 23:00:00+00:00,5140.078
2023-10-23 00:00:00+00:00,5100.452
2023-10-23 01:00:00+00:00,4936.234
2023-10-23 02:00:00+00:00,4744.965
2023-10-23 03:00:00+00:00,4589.713
2023-10-23 04:00:00+00:00,4486.153
2023-10-23 05:00:00+00:00,4458.258
2023-10-23 06:00:00+00:00,4474.296
2023-10-23 07:00:00+00:00,4536.622
2023-10-23 08:00:00+00:00,4754.551
2023-10-23 09:00:00+00:00,5010.356
2023-10-23 10:00:00+00:00,5530.393
2023-10-23 11:00:00+00:00,5861.23
2023-10-23 12:00:00+00:00,5862.514
2023-10-23 13:00:00+00:00,5686.879
2023-10-23 14:00:00+00:00,5519.876
2023-10-23 15:00:00+00:00,5338.574
2023-10-23 16:00:00+00:00,5125.87
2023-10-23 17:00:00+00:00,5032.063
2023-10-23 18:00:00+00:00,4953.869
2023-10-23 19:00:00+00:00,4924.033
2023-10-23 20:00:00+00:00,5032.157
2023-10-23 21:00:00+00:00,5150.92
2023-10-23 22:00:00+00:00,5331.246
2023-10-23 23:00:00+00:00,5494.209
2023-10-24 00:00:00+00:00,5383.141
2023-10-24 01:00:00+00:00,5266.88
2023-10-24 02:00:00+00:00,5042.062
2023-10-24 03:00:00+00:00,4823.78
2023-10-24 04:00:00+00:00,4724.755
2023-10-24 05:00:00+00:00,4667.782
2023-10-24 06:00:00+00:00,4637.743
2023-10-24 07:00:00+00:00,4707.665
2023-10-24 08:00:00+00:00,4815.107
2023-10-24 09:00:00+00:00,5144.099
2023-10-24 10:00:00+00:00,5658.465
2023-10-24 11:00:00+00:00,5920.89
2023-10-24 12:00:00+00:00,5790.617
2023-10-24 13:00:00+00:00,5596.004
2023-10-24 14:00:00+00:00,5373.966
2023-10-24 15:00:00+00:00,5249.352
2023-10-24 16:00:00+00:00,5106.155
2023-10-24 17:00:00+00:00,5038.468
2023-10-24 18:00:00+00:00,4886.903
2023-10-24 19:00:00+00:00,4987.081
2023-10-24 20:00:00+00:00,4998.961
2023-10-24 21:00:00+00:00,5113.038
2023-10-24 22:00:00+00:00,5227.766
2023-10-24 23:00:00+00:00,5376.121
2023-10-25 00:00:00+00:00,5243.486
2023-10-25 01:00:00+00:00,5118.776
2023-10-25 02:00:00+00:00,4836.705
2023-10-25 03:00:00+00:00,4549.226
2023-10-25 04:00:00+00:00,4380.531
2023-10-25 05:00:00+00:00,4281.691
2023-10-25 06:00:00+00:00,4288.127
2023-10-25 07:00:00+00:00,4285.336
2023-10-25 08:00:00+00:00,4437.044
2023-10-25 09:00:00+00:00,4686.396
2023-10-25 10:00:00+00:00,5125.8
2023-10-25 11:00:00+00:00,5350.297
2023-10-25 12:00:00+00:00,5341.388
2023-10-25 13:00:00+00:00,5247.635
2023-10-25 14:00:00+00:00,5142.282
2023-10-25 15:00:00+00:00,5054.262
2023-10-25 16:00:00+00:00,4987.222
2023-10-25 17:00:00+00:00,4974.578
2023-10-25 18:00:00+00:00,5005.157
2023-10-25 19:00:00+00:00,5006.03
2023-10-25 20:00:00+00:00,5042.829
2023-10-25 21:00:00+00:00,5085.085
2023-10-25 22:00:00+00:00,5214.87
2023-10-25 23:00:00+00:00,5280.964
2023-10-26 00:00:00+00:00,5161.91
2023-10-26 01:00:00+00:00,4937.133
2023-10-26 02:00:00+00:00,4658.676
2023-10-26 03:00:00+00:00,4403.594
2023-10-26 04:00:00+00:00,4221.182
2023-10-26 05:00:00+00:00,4119.148
2023-10-26 06:00:00+00:00,4068.542
2023-10-26 07:00:00+00:00,4081.517
2023-10-26 08:00:00+00:00,4199.796
2023-10-26 09:00:00+00:00,4423.558
2023-10-26 10:00:00+00:00,4923.285
2023-10-26 11:00:00+00:00,5181.019
2023-10-26 12:00:00+00:00,5184.935
2023-10-26 13:00:00+00:00,5047.427
2023-10-26 14:00:00+00:00,5017.164
2023-10-26 15:00:00+00:00,4988.08
2023-10-26 16:00:00+00:00,4984.424
2023-10-26 17:00:00+00:00,5010.408
2023-10-26 18:00:00+00:00,5026.405
2023-10-26 19:00:00+00:00,5041.433
2023-10-26 20:00:00+00:00,5118.011
2023-10-26 21:00:00+00:00,5169.591
2023-10-26 22:00:00+00:00,5227.301
2023-10-26 23:00:00+00:00,5290.292
2023-10-27 00:00:00+00:00,5164.926
2023-10-27 01:00:00+00:00,4945.746
2023-10-27 02:00:00+00:00,4638.73
2023-10-27 03:00:00+00:00,4390.024
2023-10-27 04:00:00+00:00,4201.708
2023-10-27 05:00:00+00:00,4070.642
2023-10-27 06:00:00+00:00,4002.992
2023-10-27 07:00:00+00:00,3968.133
2023-10-27 08:00:00+00:00,4026.17
2023-10-27 09:00:00+00:00,4228.096
2023-10-27 10:00:00+00:00,4624.715
2023-10-27 11:00:00+00:00,4876.992
2023-10-27 12:00:00+00:00,4940.568
2023-10-27 13:00:00+00:00,4985.81
2023-10-27 14:00:00+00:00,5047.071
2023-10-27 15:00:00+00:00,5095.583
2023-10-27 16:00:00+00:00,5094.451
2023-10-27 17:00:00+00:00,5083.764
2023-10-27 18:00:00+00:00,5049.714
2023-10-27 19:00:00+00:00,5060.388
2023-10-27 20:00:00+00:00,5069.328
2023-10-27 21:00:00+00:00,5133.317
2023-10-27 22:00:00+00:00,5173.122
2023-10-27 23:00:00+00:00,5165.943
2023-10-28 00:00:00+00:00,5023.911
2023-10-28 01:00:00+00:00,4893.845
2023-10-28 02:00:00+00:00,4651.8
2023-10-28 03:00:00+00:00,4388.191
2023-10-28 04:00:00+00:00,4178.539
2023-10-28 05:00:00+00:00,4031.643
2023-10-28 06:00:00+00:00,3924.306
2023-10-28 07:00:00+00:00,3884.832
2023-10-28 08:00:00+00:00,3894.186
2023-10-28 09:00:00+00:00,3950.689
2023-10-28 10:00:00+00:00,4091.846
2023-10-28 11:00:00+00:00,4287.018
2023-10-28 12:00:00+00:00,4440.83
2023-10-28 13:00:00+00:00,4593.355
2023-10-28 14:00:00+00:00,4726.958
2023-10-28 15:00:00+00:00,4786.796
2023-10-28 16:00:00+00:00,4852.237
2023-10-28 17:00:00+00:00,4889.895
2023-10-28 18:00:00+00:00,4912.627
2023-10-28 19:00:00+00:00,4933.498
2023-10-28 20:00:00+00:00,4977.951
2023-10-28 21:00:00+00:00,5030.34
2023-10-28 22:00:00+00:00,5063.958
2023-10-28 23:00:00+00:00,5020.808
2023-10-29 00:00:00+00:00,4921.297
2023-10-29 01:00:00+00:00,4722.131
2023-10-29 02:00:00+00:00,4512.373
2023-10-29 03:00:00+00:00,4282.36
2023-10-29 04:00:00+00:00,4089.092
2023-10-29 05:00:00+00:00,3953.959
2023-10-29 06:00:00+00:00,3854.675
2023-10-29 07:00:00+00:00,3801.281
2023-10-29 08:00:00+00:00,3798.79
2023-10-29 09:00:00+00:00,3814.604
2023-10-29 10:00:00+00:00,3903.173
2023-10-29 11:00:00+00:00,4081.508
2023-10-29 12:00:00+00:00,4269.183
2023-10-29 13:00:00+00:00,4464.877
2023-10-29 14:00:00+00:00,4564.089
2023-10-29 15:00:00+00:00,4618.189
2023-10-29 16:00:00+00:00,4697.302
2023-10-29 17:00:00+00:00,4742.965
2023-10-29 18:00:00+00:00,4741.71
2023-10-29 19:00:00+00:00,4764.446
2023-10-29 20:00:00+00:00,4848.6
2023-10-29 21:00:00+00:00,4912.208
2023-10-29 22:00:00+00:00,5021.412
2023-10-29 23:00:00+00:00,5088.872
2023-10-30 00:00:00+00:00,4971.31
2023-10-30 01:00:00+00:00,4796.368
2023-10-30 02:00:00+00:00,4579.202
2023-10-30 03:00:00+00:00,4365.108
2023-10-30 04:00:00+00:00,4201.117
2023-10-30 05:00:00+00:00,4131.013
2023-10-30 06:00:00+00:00,4073.837
2023-10-30 07:00:00+00:00,4081.86
2023-10-30 08:00:00+00:00,4171.949
2023-10-30 09:00:00+00:00,4355.577
2023-10-30 10:00:00+00:00,4796.187
2023-10-30 11:00:00+00:00,5141.822
2023-10-30 12:00:00+00:00,5170.549
2023-10-30 13:00:00+00:00,5206.164
2023-10-30 14:00:00+00:00,5273.35
2023-10-30 15:00:00+00:00,5315.986
2023-10-30 16:00:00+00:00,5360.848
2023-10-30 17:00:00+00:00,5380.07
2023-10-30 18:00:00+00:00,5345.052
2023-10-30 19:00:00+00:00,5363.28
2023-10-30 20:00:00+00:00,5446.995
2023-10-30 21:00:00+00:00,5496.234
2023-10-30 22:00:00+00:00,5567.741
2023-10-30 23:00:00+00:00,5600.526
2023-10-31 00:00:00+00:00,5522.084
2023-10-31 01:00:00+00:00,5260.84
2023-10-31 02:00:00+00:00,4974.202
2023-10-31 03:00:00+00:00,4781.606
2023-10-31 04:00:00+00:00,4659.432
2023-10-31 05:00:00+00:00,4631.486
2023-10-31 06:00:00+00:00,4529.645
2023-10-31 07:00:00+00:00,4643.181
2023-10-31 08:00:00+00:00,4736.21
2023-10-31 09:00:00+00:00,5059.739
2023-10-31 10:00:00+00:00,5512.771
2023-10-31 11:00:00+00:00,5886.291
2023-10-31 12:00:00+00:00,5876.258
2023-10-31 13:00:00+00:00,5824.082
2023-10-31 14:00:00+00:00,5671.891
2023-10-31 15:00:00+00:00,5594.779
2023-10-31 16:00:00+00:00,5523.237
2023-10-31 17:00:00+00:00,5363.492
2023-10-31 18:00:00+00:00,5368.156
2023-10-31 19:00:00+00:00,5386.773
2023-10-31 20:00:00+00:00,5394.99
2023-10-31 21:00:00+00:00,5465.58
2023-10-31 22:00:00+00:00,5598.118
2023-10-31 23:00:00+00:00,5722.192
2023-11-01 00:00:00+00:00,5772.484
2023-11-01 01:00:00+00:00,5707.003
2023-11-01 02:00:00+00:00,5454.029
2023-11-01 03:00:00+00:00,5263.2
2023-11-01 04:00:00+00:00,5057.125
2023-11-01 05:00:00+00:00,5014.894
2023-11-01 06:00:00+00:00,5040.144
2023-11-01 07:00:00+00:00,5045.846
2023-11-01 08:00:00+00:00,5183.823
2023-11-01 09:00:00+00:00,5466.234
2023-11-01 10:00:00+00:00,5970.403
2023-11-01 11:00:00+00:00,6268.274
2023-11-01 12:00:00+00:00,6356.526
2023-11-01 13:00:00+00:00,6223.704
2023-11-01 14:00:00+00:00,6055.772
2023-11-01 15:00:00+00:00,5968.785
2023-11-01 16:00:00+00:00,5908.766
2023-11-01 17:00:00+00:00,5875.295
2023-11-01 18:00:00+00:00,5814.265
2023-11-01 19:00:00+00:00,5779.934
2023-11-01 20:00:00+00:00,5851.806
2023-11-01 21:00:00+00:00,6012.127
2023-11-01 22:00:00+00:00,6255.654
2023-11-01 23:00:00+00:00,6329.969
2023-11-02 00:00:00+00:00,6320.884
2023-11-02 01:00:00+00:00,6171.213
2023-11-02 02:00:00+00:00,5929.086
2023-11-02 03:00:00+00:00,5730.819
2023-11-02 04:00:00+00:00,5624.552
2023-11-02 05:00:00+00:00,5579.083
2023-11-02 06:00:00+00:00,5577.214
2023-11-02 07:00:00+00:00,5659.805
2023-11-02 08:00:00+00:00,5832.061
2023-11-02 09:00:00+00:00,6199.68
2023-11-02 10:00:00+00:00,6697.34
2023-11-02 11:00:00+00:00,6967.902
2023-11-02 12:00:00+00:00,6900.534
2023-11-02 13:00:00+00:00,6567.888
2023-11-02 14:00:00+00:00,6243.304
2023-11-02 15:00:00+00:00,5963.08
2023-11-02 16:00:00+00:00,5756.855
2023-11-02 17:00:00+00:00,5588.059
2023-11-02 18:00:00+00:00,5512.853
2023-11-02 19:00:00+00:00,5441.407
2023-11-02 20:00:00+00:00,5444.74
2023-11-02 21:00:00+00:00,5602.05
2023-11-02 22:00:00+00:00,5898.061
2023-11-02 23:00:00+00:00,6099.188
2023-11-03 00:00:00+00:00,6100.621
2023-11-03 01:00:00+00:00,6000.796
2023-11-03 02:00:00+00:00,5810.968
2023-11-03 03:00:00+00:00,5606.976
2023-11-03 04:00:00+00:00,5493.723
2023-11-03 05:00:00+00:00,5461.187
2023-11-03 06:00:00+00:00,5466.2
2023-11-03 07:00:00+00:00,5518.303
2023-11-03 08:00:00+00:00,5678.662
2023-11-03 09:00:00+00:00,5967.869
2023-11-03 10:00:00+00:00,6406.321
2023-11-03 11:00:00+00:00,6682.035
2023-11-03 12:00:00+00:00,6660.686
2023-11-03 13:00:00+00:00,6314.466
2023-11-03 14:00:00+00:00,5968.368
2023-11-03 15:00:00+00:00,5670.907
2023-11-03 16:00:00+00:00,5456.824
2023-11-03 17:00:00+00:00,5261.867
2023-11-03 18:00:00+00:00,5132.102
2023-11-03 19:00:00+00:00,5020.697
2023-11-03 20:00:00+00:00,5034.865
2023-11-03 21:00:00+00:00,5147.421
2023-11-03 22:00:00+00:00,5374.604
2023-11-03 23:00:00+00:00,5446.259
2023-11-04 00:00:00+00:00,5401.182
2023-11-04 01:00:00+00:00,5325.306
2023-11-04 02:00:00+00:00,5164.145
2023-11-04 03:00:00+00:00,5011.313
2023-11-04 04:00:00+00:00,4854.572
2023-11-04 05:00:00+00:00,4806.791
2023-11-04 06:00:00+00:00,4757.377
2023-11-04 07:00:00+00:00,4767.297
2023-11-04 08:00:00+00:00,4836.084
2023-11-04 09:00:00+00:00,4966.801
2023-11-04 10:00:00+00:00,5180.308
2023-11-04 11:00:00+00:00,5392.235
2023-11-04 12:00:00+00:00,5515.275
2023-11-04 13:00:00+00:00,5454.879
2023-11-04 14:00:00+00:00,5308.41
2023-11-04 15:00:00+00:00,5131.988
2023-11-04 16:00:00+00:00,4945.425
2023-11-04 17:00:00+00:00,4803.848
2023-11-04 18:00:00+00:00,4680.794
2023-11-04 19:00:00+00:00,4669.204
2023-11-04 20:00:00+00:00,4719.187
2023-11-04 21:00:00+00:00,4778.607
2023-11-04 22:00:00+00:00,4975.758
2023-11-04 23:00:00+00:00,5000.753
2023-11-05 00:00:00+00:00,4944.122
2023-11-05 01:00:00+00:00,4836.265
2023-11-05 02:00:00+00:00,4694.095
2023-11-05 03:00:00+00:00,4513.531
2023-11-05 04:00:00+00:00,4377.508
2023-11-05 05:00:00+00:00,4320.282
2023-11-05 06:00:00+00:00,4257.227
2023-11-05 07:00:00+00:00,4260.625
2023-11-05 08:00:00+00:00,4295.101
2023-11-05 09:00:00+00:00,4363.729
2023-11-05 10:00:00+00:00,4497.407
2023-11-05 11:00:00+00:00,4681.506
2023-11-05 12:00:00+00:00,4863.211
2023-11-05 13:00:00+00:00,4874.299
2023-11-05 14:00:00+00:00,4758.704
2023-11-05 15:00:00+00:00,4616.296
2023-11-05 16:00:00+00:00,4576.983
2023-11-05 17:00:00+00:00,4547.18
2023-11-05 18:00:00+00:00,4519.305
2023-11-05 19:00:00+00:00,4514.579
2023-11-05 20:00:00+00:00,4599.715
2023-11-05 21:00:00+00:00,4824.721
2023-11-05 22:00:00+00:00,5032.783
2023-11-05 23:00:00+00:00,5114.392
2023-11-06 00:00:00+00:00,4998.383
2023-11-06 01:00:00+00:00,5069.85
2023-11-06 02:00:00+00:00,4881.594
2023-11-06 03:00:00+00:00,4727.992
2023-11-06 04:00:00+00:00,4603.796
2023-11-06 05:00:00+00:00,4534.193
2023-11-06 06:00:00+00:00,4574.294
2023-11-06 07:00:00+00:00,4591.13
2023-11-06 08:00:00+00:00,4685.834
2023-11-06 09:00:00+00:00,4860.822
2023-11-06 10:00:00+00:00,5152.062
2023-11-06 11:00:00+00:00,5708.178
2023-11-06 12:00:00+00:00,5961.631
2023-11-06 13:00:00+00:00,5798.112
2023-11-06 14:00:00+00:00,5570.577
2023-11-06 15:00:00+00:00,5423.845
2023-11-06 16:00:00+00:00,5344.055
2023-11-06 17:00:00+00:00,5260.042
2023-11-06 18:00:00+00:00,5199.815
2023-11-06 19:00:00+00:00,5192.334
2023-11-06 20:00:00+00:00,5218.762
2023-11-06 21:00:00+00:00,5348.655
2023-11-06 22:00:00+00:00,5641.238
2023-11-06 23:00:00+00:00,5655.733
2023-11-07 00:00:00+00:00,5577.278
2023-11-07 01:00:00+00:00,5439.452
2023-11-07 02:00:00+00:00,5137.526
2023-11-07 03:00:00+00:00,4930.001
2023-11-07 04:00:00+00:00,4706.225
2023-11-07 05:00:00+00:00,4578.987
2023-11-07 06:00:00+00:00,4449.191
2023-11-07 07:00:00+00:00,4416.945
2023-11-07 08:00:00+00:00,4392.24
2023-11-07 09:00:00+00:00,4415.18
2023-11-07 10:00:00+00:00,4671.023
2023-11-07 11:00:00+00:00,5142.609
2023-11-07 12:00:00+00:00,5289.9
2023-11-07 13:00:00+00:00,5257.973
2023-11-07 14:00:00+00:00,5286.392
2023-11-07 15:00:00+00:00,5191.034
2023-11-07 16:00:00+00:00,5175.593
2023-11-07 17:00:00+00:00,5085.727
2023-11-07 18:00:00+00:00,5163.184
2023-11-07 19:00:00+00:00,5145.615
2023-11-07 20:00:00+00:00,5101.021
2023-11-07 21:00:00+00:00,5174.854
2023-11-07 22:00:00+00:00,5427.497
2023-11-07 23:00:00+00:00,5453.135
2023-11-08 00:00:00+00:00,5320.999
2023-11-08 01:00:00+00:00,5195.347
2023-11-08 02:00:00+00:00,4965.435
2023-11-08 03:00:00+00:00,4733.163
2023-11-08 04:00:00+00:00,4523.279
2023-11-08 05:00:00+00:00,4411.836
2023-11-08 06:00:00+00:00,4391.815
2023-11-08 07:00:00+00:00,4403.447
2023-11-08 08:00:00+00:00,4475.029
2023-11-08 09:00:00+00:00,4650.602
2023-11-08 10:00:00+00:00,4956.573
2023-11-08 11:00:00+00:00,5457.4
2023-11-08 12:00:00+00:00,5645.99
2023-11-08 13:00:00+00:00,5487.478
2023-11-08 14:00:00+00:00,5317.009
2023-11-08 15:00:00+00:00,5195.037
2023-11-08 16:00:00+00:00,5098.323
2023-11-08 17:00:00+00:00,5026.408
2023-11-08 18:00:00+00:00,5040.172
2023-11-08 19:00:00+00:00,4973.444
2023-11-08 20:00:00+00:00,5027.62
2023-11-08 21:00:00+00:00,5132.941
2023-11-08 22:00:00+00:00,5416.031
2023-11-08 23:00:00+00:00,5510.905
2023-11-09 00:00:00+00:00,5491.834
2023-11-09 01:00:00+00:00,5341.283
2023-11-09 02:00:00+00:00,5158.512
2023-11-09 03:00:00+00:00,4922.591
2023-11-09 04:00:00+00:00,4703.869
2023-11-09 05:00:00+00:00,4576.749
2023-11-09 06:00:00+00:00,4477.853
2023-11-09 07:00:00+00:00,4445.376
2023-11-09 08:00:00+00:00,4430.328
2023-11-09 09:00:00+00:00,4522.831
2023-11-09 10:00:00+00:00,4767.979
2023-11-09 11:00:00+00:00,5200.047
2023-11-09 12:00:00+00:00,5366.624
2023-11-09 13:00:00+00:00,5342.478
2023-11-09 14:00:00+00:00,5327.56
2023-11-09 15:00:00+00:00,5216.906
2023-11-09 16:00:00+00:00,5208.075
2023-11-09 17:00:00+00:00,5247.758
2023-11-09 18:00:00+00:00,5223.202
2023-11-09 19:00:00+00:00,5141.011
2023-11-09 20:00:00+00:00,5120.593
2023-11-09 21:00:00+00:00,5176.084
2023-11-09 22:00:00+00:00,5410.164
2023-11-09 23:00:00+00:00,5434.063
2023-11-10 00:00:00+00:00,5418.83
2023-11-10 01:00:00+00:00,5332.603
2023-11-10 02:00:00+00:00,5156.87
2023-11-10 03:00:00+00:00,4940.695
2023-11-10 04:00:00+00:00,4755.879
2023-11-10 05:00:00+00:00,4597.927
2023-11-10 06:00:00+00:00,4485.734
2023-11-10 07:00:00+00:00,4454.686
2023-11-10 08:00:00+00:00,4474.63
2023-11-10 09:00:00+00:00,4562.65
2023-11-10 10:00:00+00:00,4760.961
2023-11-10 11:00:00+00:00,5133.566
2023-11-10 12:00:00+00:00,5391.097
2023-11-10 13:00:00+00:00,5524.011
2023-11-10 14:00:00+00:00,5635.761
2023-11-10 15:00:00+00:00,5712.9
2023-11-10 16:00:00+00:00,5729.967
2023-11-10 17:00:00+00:00,5673.906
2023-11-10 18:00:00+00:00,5567.943
2023-11-10 19:00:00+00:00,5448.828
2023-11-10 20:00:00+00:00,5380.911
2023-11-10 21:00:00+00:00,5471.467
2023-11-10 22:00:00+00:00,5714.292
2023-11-10 23:00:00+00:00,5789.896
2023-11-11 00:00:00+00:00,5752.973
2023-11-11 01:00:00+00:00,5656.641
2023-11-11 02:00:00+00:00,5531.29
2023-11-11 03:00:00+00:00,5344.369
2023-11-11 04:00:00+00:00,5174.983
2023-11-11 05:00:00+00:00,5066.059
2023-11-11 06:00:00+00:00,5002.291
2023-11-11 07:00:00+00:00,4999.587
2023-11-11 08:00:00+00:00,5006.825
2023-11-11 09:00:00+00:00,5069.481
2023-11-11 10:00:00+00:00,5203.547
2023-11-11 11:00:00+00:00,5425.692
2023-11-11 12:00:00+00:00,5589.206
2023-11-11 13:00:00+00:00,5622.579
2023-11-11 14:00:00+00:00,5447.926
2023-11-11 15:00:00+00:00,5217.031
2023-11-11 16:00:00+00:00,5028.424
2023-11-11 17:00:00+00:00,4901.126
2023-11-11 18:00:00+00:00,4815.254
2023-11-11 19:00:00+00:00,4782.987
2023-11-11 20:00:00+00:00,4876.875
2023-11-11 21:00:00+00:00,4999.214
2023-11-11 22:00:00+00:00,5283.61
2023-11-11 23:00:00+00:00,5337.691
2023-11-12 00:00:00+00:00,5331.882
2023-11-12 01:00:00+00:00,5312.416
2023-11-12 02:00:00+00:00,5223.982
2023-11-12 03:00:00+00:00,5119.159
2023-11-12 04:00:00+00:00,5005.811
2023-11-12 05:00:00+00:00,4929.869
2023-11-12 06:00:00+00:00,4873.226
2023-11-12 07:00:00+00:00,4856.577
2023-11-12 08:00:00+00:00,4893.064
2023-11-12 09:00:00+00:00,4954.218
2023-11-12 10:00:00+00:00,5061.685
2023-11-12 11:00:00+00:00,5208.164
2023-11-12 12:00:00+00:00,5386.251
2023-11-12 13:00:00+00:00,5473.078
2023-11-12 14:00:00+00:00,5390.21
2023-11-12 15:00:00+00:00,5217.529
2023-11-12 16:00:00+00:00,5004.224
2023-11-12 17:00:00+00:00,4888.897
2023-11-12 18:00:00+00:00,4769.723
2023-11-12 19:00:00+00:00,4756.76
2023-11-12 20:00:00+00:00,4820.197
2023-11-12 21:00:00+00:00,5029.603
2023-11-12 22:00:00+00:00,5421.309
2023-11-12 23:00:00+00:00,5591.607
2023-11-13 00:00:00+00:00,5619.547
2023-11-13 01:00:00+00:00,5630.685
2023-11-13 02:00:00+00:00,5549.525
2023-11-13 03:00:00+00:00,5415.906
2023-11-13 04:00:00+00:00,5325.006
2023-11-13 05:00:00+00:00,5282.223
2023-11-13 06:00:00+00:00,5297.435
2023-11-13 07:00:00+00:00,5327.664
2023-11-13 08:00:00+00:00,5435.199
2023-11-13 09:00:00+00:00,5702.173
2023-11-13 10:00:00+00:00,6022.164
2023-11-13 11:00:00+00:00,6504.366
2023-11-13 12:00:00+00:00,6711.849
2023-11-13 13:00:00+00:00,6459.875
2023-11-13 14:00:00+00:00,6120.46
2023-11-13 15:00:00+00:00,5843.15
2023-11-13 16:00:00+00:00,5700.004
2023-11-13 17:00:00+00:00,5530.558
2023-11-13 18:00:00+00:00,5396.411
2023-11-13 19:00:00+00:00,5265.999
2023-11-13 20:00:00+00:00,5257.992
2023-11-13 21:00:00+00:00,5441.306
2023-11-13 22:00:00+00:00,5778.639
2023-11-13 23:00:00+00:00,5890.526
2023-11-14 00:00:00+00:00,5964.696
2023-11-14 01:00:00+00:00,5870.931
2023-11-14 02:00:00+00:00,5725.097
2023-11-14 03:00:00+00:00,5450.827
2023-11-14 04:00:00+00:00,5280.926
2023-11-14 05:00:00+00:00,5101.485
2023-11-14 06:00:00+00:00,5017.734
2023-11-14 07:00:00+00:00,5061.53
2023-11-14 08:00:00+00:00,5117.843
2023-11-14 09:00:00+00:00,5262.51
2023-11-14 10:00:00+00:00,5529.967
2023-11-14 11:00:00+00:00,6023.304
2023-11-14 12:00:00+00:00,6170.541
2023-11-14 13:00:00+00:00,6032.25
2023-11-14 14:00:00+00:00,5763.174
2023-11-14 15:00:00+00:00,5564.216
2023-11-14 16:00:00+00:00,5449.159
2023-11-14 17:00:00+00:00,5359.258
2023-11-14 18:00:00+00:00,5212.007
2023-11-14 19:00:00+00:00,5179.559
2023-11-14 20:00:00+00:00,5236.073
2023-11-14 21:00:00+00:00,5405.93
2023-11-14 22:00:00+00:00,5759.13
2023-11-14 23:00:00+00:00,5793.246
2023-11-15 00:00:00+00:00,5862.807
2023-11-15 01:00:00+00:00,5896.004
2023-11-15 02:00:00+00:00,5722.308
2023-11-15 03:00:00+00:00,5510.129
2023-11-15 04:00:00+00:00,5352.325
2023-11-15 05:00:00+00:00,5266.075
2023-11-15 06:00:00+00:00,5245.706
2023-11-15 07:00:00+00:00,5254.232
2023-11-15 08:00:00+00:00,5338.933
2023-11-15 09:00:00+00:00,5510.014
2023-11-15 10:00:00+00:00,5823.882
2023-11-15 11:00:00+00:00,6325.295
2023-11-15 12:00:00+00:00,6571.342
2023-11-15 13:00:00+00:00,6408.664
2023-11-15 14:00:00+00:00,6036.234
2023-11-15 15:00:00+00:00,5698.523
2023-11-15 16:00:00+00:00,5509.093
2023-11-15 17:00:00+00:00,5348.594
2023-11-15 18:00:00+00:00,5291.782
2023-11-15 19:00:00+00:00,5250.057
2023-11-15 20:00:00+00:00,5233.54
2023-11-15 21:00:00+00:00,5354.328
2023-11-15 22:00:00+00:00,5626.525
2023-11-15 23:00:00+00:00,5704.846
2023-11-16 00:00:00+00:00,5701.504
2023-11-16 01:00:00+00:00,5643.414
2023-11-16 02:00:00+00:00,5480.699
2023-11-16 03:00:00+00:00,5266.3
2023-11-16 04:00:00+00:00,5086.256
2023-11-16 05:00:00+00:00,4971.758
2023-11-16 06:00:00+00:00,4926.8
2023-11-16 07:00:00+00:00,4942.723
2023-11-16 08:00:00+00:00,5029.078
2023-11-16 09:00:00+00:00,5196.294
2023-11-16 10:00:00+00:00,5526.8
2023-11-16 11:00:00+00:00,6033.418
2023-11-16 12:00:00+00:00,6271.686
2023-11-16 13:00:00+00:00,6043.345
2023-11-16 14:00:00+00:00,5776.564
2023-11-16 15:00:00+00:00,5513.962
2023-11-16 16:00:00+00:00,5344.117
2023-11-16 17:00:00+00:00,5230.78
2023-11-16 18:00:00+00:00,5158.674
2023-11-16 19:00:00+00:00,5097.94
2023-11-16 20:00:00+00:00,5055.061
2023-11-16 21:00:00+00:00,5132.812
2023-11-16 22:00:00+00:00,5447.004
2023-11-16 23:00:00+00:00,5525.909
2023-11-17 00:00:00+00:00,5479.654
2023-11-17 01:00:00+00:00,5442.717
2023-11-17 02:00:00+00:00,5298.698
2023-11-17 03:00:00+00:00,5089.937
2023-11-17 04:00:00+00:00,4889.931
2023-11-17 05:00:00+00:00,4772.26
2023-11-17 06:00:00+00:00,4701.6
2023-11-17 07:00:00+00:00,4709.698
2023-11-17 08:00:00+00:00,4753.768
2023-11-17 09:00:00+00:00,4843.887
2023-11-17 10:00:00+00:00,5081.964
2023-11-17 11:00:00+00:00,5494.459
2023-11-17 12:00:00+00:00,5641.831
2023-11-17 13:00:00+00:00,5599.341
2023-11-17 14:00:00+00:00,5459.332
2023-11-17 15:00:00+00:00,5349.088
2023-11-17 16:00:00+00:00,5289.331
2023-11-17 17:00:00+00:00,5183.61
2023-11-17 18:00:00+00:00,5169.159
2023-11-17 19:00:00+00:00,5137.341
2023-11-17 20:00:00+00:00,5140.655
2023-11-17 21:00:00+00:00,5246.777
2023-11-17 22:00:00+00:00,5398.155
2023-11-17 23:00:00+00:00,5345.952
2023-11-18 00:00:00+00:00,5253.486
2023-11-18 01:00:00+00:00,5116.347
2023-11-18 02:00:00+00:00,4943.78
2023-11-18 03:00:00+00:00,4699.345
2023-11-18 04:00:00+00:00,4461.33
2023-11-18 05:00:00+00:00,4307.104
2023-11-18 06:00:00+00:00,4217.286
2023-11-18 07:00:00+00:00,4201.432
2023-11-18 08:00:00+00:00,4215.368
2023-11-18 09:00:00+00:00,4274.943
2023-11-18 10:00:00+00:00,4415.485
2023-11-18 11:00:00+00:00,4619.183
2023-11-18 12:00:00+00:00,4831.669
2023-11-18 13:00:00+00:00,4992.88
2023-11-18 14:00:00+00:00,5026.205
2023-11-18 15:00:00+00:00,4982.443
2023-11-18 16:00:00+00:00,4935.627
2023-11-18 17:00:00+00:00,4856.432
2023-11-18 18:00:00+00:00,4767.412
2023-11-18 19:00:00+00:00,4722.882
2023-11-18 20:00:00+00:00,4797.397
2023-11-18 21:00:00+00:00,4959.044
2023-11-18 22:00:00+00:00,5330.457
2023-11-18 23:00:00+00:00,5412.144
2023-11-19 00:00:00+00:00,5439.938
2023-11-19 01:00:00+00:00,5426.996
2023-11-19 02:00:00+00:00,5365.069
2023-11-19 03:00:00+00:00,5224.052
2023-11-19 04:00:00+00:00,5122.16
2023-11-19 05:00:00+00:00,5002.422
2023-11-19 06:00:00+00:00,4968.483
2023-11-19 07:00:00+00:00,4965.912
2023-11-19 08:00:00+00:00,4976.474
2023-11-19 09:00:00+00:00,5063.737
2023-11-19 10:00:00+00:00,5204.633
2023-11-19 11:00:00+00:00,5372.096
2023-11-19 12:00:00+00:00,5545.209
2023-11-19 13:00:00+00:00,5546.391
2023-11-19 14:00:00+00:00,5348.319
2023-11-19 15:00:00+00:00,5139.408
2023-11-19 16:00:00+00:00,5006.57
2023-11-19 17:00:00+00:00,4892.246
2023-11-19 18:00:00+00:00,4792.21
2023-11-19 19:00:00+00:00,4737.155
2023-11-19 20:00:00+00:00,4794.648
2023-11-19 21:00:00+00:00,5019.129
2023-11-19 22:00:00+00:00,5400.879
2023-11-19 23:00:00+00:00,5490.794
2023-11-20 00:00:00+00:00,5518.286
2023-11-20 01:00:00+00:00,5485.004
2023-11-20 02:00:00+00:00,5402.953
2023-11-20 03:00:00+00:00,5227.758
2023-11-20 04:00:00+00:00,5123.776
2023-11-20 05:00:00+00:00,5063.554
2023-11-20 06:00:00+00:00,5086.228
2023-11-20 07:00:00+00:00,5121.039
2023-11-20 08:00:00+00:00,5200.275
2023-11-20 09:00:00+00:00,5387.012
2023-11-20 10:00:00+00:00,5694.844
2023-11-20 11:00:00+00:00,6158.65
2023-11-20 12:00:00+00:00,6384.945
2023-11-20 13:00:00+00:00,6222.718
2023-11-20 14:00:00+00:00,6058.573
2023-11-20 15:00:00+00:00,5919.816
2023-11-20 16:00:00+00:00,5762.219
2023-11-20 17:00:00+00:00,5640.683
2023-11-20 18:00:00+00:00,5611.389
2023-11-20 19:00:00+00:00,5575.86
2023-11-20 20:00:00+00:00,5649.452
2023-11-20 21:00:00+00:00,5812.281
2023-11-20 22:00:00+00:00,6095.801
2023-11-20 23:00:00+00:00,6189.573
2023-11-21 00:00:00+00:00,6134.71
2023-11-21 01:00:00+00:00,6066.528
2023-11-21 02:00:00+00:00,5898.635
2023-11-21 03:00:00+00:00,5684.593
2023-11-21 04:00:00+00:00,5453.064
2023-11-21 05:00:00+00:00,5287.79
2023-11-21 06:00:00+00:00,5160.727
2023-11-21 07:00:00+00:00,5111.116
2023-11-21 08:00:00+00:00,5108.423
2023-11-21 09:00:00+00:00,5199.221
2023-11-21 10:00:00+00:00,5413.936
2023-11-21 11:00:00+00:00,5808.507
2023-11-21 12:00:00+00:00,6025.409
2023-11-21 13:00:00+00:00,6094.887
2023-11-21 14:00:00+00:00,6160.473
2023-11-21 15:00:00+00:00,6254.026
2023-11-21 16:00:00+00:00,6321.486
2023-11-21 17:00:00+00:00,6332.625
2023-11-21 18:00:00+00:00,6248.52
2023-11-21 19:00:00+00:00,6240.163
2023-11-21 20:00:00+00:00,6212.801
2023-11-21 21:00:00+00:00,6291.418
2023-11-21 22:00:00+00:00,6386.173
2023-11-21 23:00:00+00:00,6282.78
2023-11-22 00:00:00+00:00,6135.246
2023-11-22 01:00:00+00:00,5969.332
2023-11-22 02:00:00+00:00,5713.848
2023-11-22 03:00:00+00:00,5408.278
2023-11-22 04:00:00+00:00,5160.216
2023-11-22 05:00:00+00:00,4991.052
2023-11-22 06:00:00+00:00,4842.532
2023-11-22 07:00:00+00:00,4792.287
2023-11-22 08:00:00+00:00,4757.934
2023-11-22 09:00:00+00:00,4862.059
2023-11-22 10:00:00+00:00,5086.861
2023-11-22 11:00:00+00:00,5375.489
2023-11-22 12:00:00+00:00,5600.76
2023-11-22 13:00:00+00:00,5701.277
2023-11-22 14:00:00+00:00,5740.274
2023-11-22 15:00:00+00:00,5685.14
2023-11-22 16:00:00+00:00,5695.013
2023-11-22 17:00:00+00:00,5702.557
2023-11-22 18:00:00+00:00,5697.236
2023-11-22 19:00:00+00:00,5658.747
2023-11-22 20:00:00+00:00,5696.677
2023-11-22 21:00:00+00:00,5814.021
2023-11-22 22:00:00+00:00,5989.281
2023-11-22 23:00:00+00:00,5941.806
2023-11-23 00:00:00+00:00,5886.756
2023-11-23 01:00:00+00:00,5745.189
2023-11-23 02:00:00+00:00,5582.703
2023-11-23 03:00:00+00:00,5335.477
2023-11-23 04:00:00+00:00,5077.003
2023-11-23 05:00:00+00:00,4878.331
2023-11-23 06:00:00+00:00,4785.361
2023-11-23 07:00:00+00:00,4755.509
2023-11-23 08:00:00+00:00,4737.978
2023-11-23 09:00:00+00:00,4781.836
2023-11-23 10:00:00+00:00,4910.784
2023-11-23 11:00:00+00:00,5080.917
2023-11-23 12:00:00+00:00,5272.848
2023-11-23 13:00:00+00:00,5366.689
2023-11-23 14:00:00+00:00,5379.573
2023-11-23 15:00:00+00:00,5401.331
2023-11-23 16:00:00+00:00,5351.886
2023-11-23 17:00:00+00:00,5156.506
2023-11-23 18:00:00+00:00,4924.163
2023-11-23 19:00:00+00:00,4736.055
2023-11-23 20:00:00+00:00,4694.974
2023-11-23 21:00:00+00:00,4726.176
2023-11-23 22:00:00+00:00,4917.688
2023-11-23 23:00:00+00:00,4972.078
2023-11-24 00:00:00+00:00,5024.196
2023-11-24 01:00:00+00:00,5076.597
2023-11-24 02:00:00+00:00,5021.265
2023-11-24 03:00:00+00:00,4924.666
2023-11-24 04:00:00+00:00,4808.283
2023-11-24 05:00:00+00:00,4701.783
2023-11-24 06:00:00+00:00,4668.074
2023-11-24 07:00:00+00:00,4687.205
2023-11-24 08:00:00+00:00,4740.494
2023-11-24 09:00:00+00:00,4863.5
2023-11-24 10:00:00+00:00,5067.645
2023-11-24 11:00:00+00:00,5271.712
2023-11-24 12:00:00+00:00,5478.678
2023-11-24 13:00:00+00:00,5547.161
2023-11-24 14:00:00+00:00,5458.608
2023-11-24 15:00:00+00:00,5309.556
2023-11-24 16:00:00+00:00,5226.857
2023-11-24 17:00:00+00:00,5179.792
2023-11-24 18:00:00+00:00,5121.794
2023-11-24 19:00:00+00:00,5087.407
2023-11-24 20:00:00+00:00,5126.234
2023-11-24 21:00:00+00:00,5310.896
2023-11-24 22:00:00+00:00,5610.622
2023-11-24 23:00:00+00:00,5713.6
2023-11-25 00:00:00+00:00,5720.442
2023-11-25 01:00:00+00:00,5713.893
2023-11-25 02:00:00+00:00,5653.801
2023-11-25 03:00:00+00:00,5481.371
2023-11-25 04:00:00+00:00,5360.771
2023-11-25 05:00:00+00:00,5283.8
2023-11-25 06:00:00+00:00,5275.731
2023-11-25 07:00:00+00:00,5302.817
2023-11-25 08:00:00+00:00,5351.841
2023-11-25 09:00:00+00:00,5471.404
2023-11-25 10:00:00+00:00,5655.761
2023-11-25 11:00:00+00:00,5882.132
2023-11-25 12:00:00+00:00,6074.847
2023-11-25 13:00:00+00:00,6141.221
2023-11-25 14:00:00+00:00,5959.223
2023-11-25 15:00:00+00:00,5699.588
2023-11-25 16:00:00+00:00,5529.826
2023-11-25 17:00:00+00:00,5338.223
2023-11-25 18:00:00+00:00,5210.008
2023-11-25 19:00:00+00:00,5137.347
2023-11-25 20:00:00+00:00,5184.421
2023-11-25 21:00:00+00:00,5466.352
2023-11-25 22:00:00+00:00,5893.996
2023-11-25 23:00:00+00:00,6037.079
2023-11-26 00:00:00+00:00,6056.574
2023-11-26 01:00:00+00:00,6047.165
2023-11-26 02:00:00+00:00,5954.8
2023-11-26 03:00:00+00:00,5816.855
2023-11-26 04:00:00+00:00,5636.866
2023-11-26 05:00:00+00:00,5471.218
2023-11-26 06:00:00+00:00,5391.404
2023-11-26 07:00:00+00:00,5337.645
2023-11-26 08:00:00+00:00,5329.891
2023-11-26 09:00:00+00:00,5375.499
2023-11-26 10:00:00+00:00,5489.696
2023-11-26 11:00:00+00:00,5620.263
2023-11-26 12:00:00+00:00,5792.517
2023-11-26 13:00:00+00:00,5816.523
2023-11-26 14:00:00+00:00,5639.481
2023-11-26 15:00:00+00:00,5481.831
2023-11-26 16:00:00+00:00,5390.319
2023-11-26 17:00:00+00:00,5406.486
2023-11-26 18:00:00+00:00,5398.4
2023-11-26 19:00:00+00:00,5398.895
2023-11-26 20:00:00+00:00,5476.696
2023-11-26 21:00:00+00:00,5671.552
2023-11-26 22:00:00+00:00,5923.307
2023-11-26 23:00:00+00:00,5942.176
2023-11-27 00:00:00+00:00,5889.411
2023-11-27 01:00:00+00:00,5790.61
2023-11-27 02:00:00+00:00,5610.602
2023-11-27 03:00:00+00:00,5430.076
2023-11-27 04:00:00+00:00,5264.934
2023-11-27 05:00:00+00:00,5140.18
2023-11-27 06:00:00+00:00,5073.453
2023-11-27 07:00:00+00:00,5097.044
2023-11-27 08:00:00+00:00,5139.952
2023-11-27 09:00:00+00:00,5323.972
2023-11-27 10:00:00+00:00,5614.495
2023-11-27 11:00:00+00:00,6024.7
2023-11-27 12:00:00+00:00,6248.819
2023-11-27 13:00:00+00:00,6341.261
2023-11-27 14:00:00+00:00,6369.244
2023-11-27 15:00:00+00:00,6417.634
2023-11-27 16:00:00+00:00,6460.736
2023-11-27 17:00:00+00:00,6460.984
2023-11-27 18:00:00+00:00,6361.829
2023-11-27 19:00:00+00:00,6368.33
2023-11-27 20:00:00+00:00,6406.104
2023-11-27 21:00:00+00:00,6592.374
2023-11-27 22:00:00+00:00,6949.008
2023-11-27 23:00:00+00:00,7017.011
2023-11-28 00:00:00+00:00,6989.508
2023-11-28 01:00:00+00:00,6900.257
2023-11-28 02:00:00+00:00,6692.196
2023-11-28 03:00:00+00:00,6387.282
2023-11-28 04:00:00+00:00,6099.232
2023-11-28 05:00:00+00:00,6007.501
2023-11-28 06:00:00+00:00,5821.928
2023-11-28 07:00:00+00:00,5844.951
2023-11-28 08:00:00+00:00,5904.873
2023-11-28 09:00:00+00:00,6033.842
2023-11-28 10:00:00+00:00,6370.928
2023-11-28 11:00:00+00:00,6869.17
2023-11-28 12:00:00+00:00,6998.3
2023-11-28 13:00:00+00:00,7041.388
2023-11-28 14:00:00+00:00,7012.338
2023-11-28 15:00:00+00:00,6961.148
2023-11-28 16:00:00+00:00,6980.28
2023-11-28 17:00:00+00:00,6963.152
2023-11-28 18:00:00+00:00,7011.589
2023-11-28 19:00:00+00:00,6981.564
2023-11-28 20:00:00+00:00,7134.751
2023-11-28 21:00:00+00:00,7377.044
2023-11-28 22:00:00+00:00,7721.576
2023-11-28 23:00:00+00:00,7805.081
2023-11-29 00:00:00+00:00,7827.954
2023-11-29 01:00:00+00:00,7621.376
2023-11-29 02:00:00+00:00,7471.024
2023-11-29 03:00:00+00:00,7190.772
2023-11-29 04:00:00+00:00,6976.639
2023-11-29 05:00:00+00:00,6839.145
2023-11-29 06:00:00+00:00,6785.28
2023-11-29 07:00:00+00:00,6726.256
2023-11-29 08:00:00+00:00,6784.181
2023-11-29 09:00:00+00:00,6894.35
2023-11-29 10:00:00+00:00,7369.621
2023-11-29 11:00:00+00:00,7764.613
2023-11-29 12:00:00+00:00,7975.121
2023-11-29 13:00:00+00:00,7696.345
2023-11-29 14:00:00+00:00,7454.482
2023-11-29 15:00:00+00:00,7188.722
2023-11-29 16:00:00+00:00,6964.711
2023-11-29 17:00:00+00:00,6869.211
2023-11-29 18:00:00+00:00,6784.598
2023-11-29 19:00:00+00:00,6716.665
2023-11-29 20:00:00+00:00,6776.173
2023-11-29 21:00:00+00:00,6911.671
2023-11-29 22:00:00+00:00,7246.163
2023-11-29 23:00:00+00:00,7260.027
2023-11-30 00:00:00+00:00,7205.798
2023-11-30 01:00:00+00:00,7130.621
2023-11-30 02:00:00+00:00,6911.811
2023-11-30 03:00:00+00:00,6626.831
2023-11-30 04:00:00+00:00,6446.38
2023-11-30 05:00:00+00:00,6311.087
2023-11-30 06:00:00+00:00,6250.66
2023-11-30 07:00:00+00:00,6210.146
2023-11-30 08:00:00+00:00,6227.961
2023-11-30 09:00:00+00:00,6358.144
2023-11-30 10:00:00+00:00,6650.949
2023-11-30 11:00:00+00:00,7124.439
2023-11-30 12:00:00+00:00,7234.335
2023-11-30 13:00:00+00:00,7135.641
2023-11-30 14:00:00+00:00,6834.723
2023-11-30 15:00:00+00:00,6405.485
2023-11-30 16:00:00+00:00,6063.9
2023-11-30 17:00:00+00:00,5940.774
2023-11-30 18:00:00+00:00,5848.427
2023-11-30 19:00:00+00:00,5709.106
2023-11-30 20:00:00+00:00,5673.069
2023-11-30 21:00:00+00:00,5839.459
2023-11-30 22:00:00+00:00,6228.262
2023-11-30 23:00:00+00:00,6333.1
2023-12-01 00:00:00+00:00,6368.011
2023-12-01 01:00:00+00:00,6300.248
2023-12-01 02:00:00+00:00,6173.954
2023-12-01 03:00:00+00:00,5950.401
2023-12-01 04:00:00+00:00,5667.21
2023-12-01 05:00:00+00:00,5519.745
2023-12-01 06:00:00+00:00,5427.099
2023-12-01 07:00:00+00:00,5378.518
2023-12-01 08:00:00+00:00,5413.095
2023-12-01 09:00:00+00:00,5539.257
2023-12-01 10:00:00+00:00,5813.307
2023-12-01 11:00:00+00:00,6216.459
2023-12-01 12:00:00+00:00,6398.842
2023-12-01 13:00:00+00:00,6411.695
2023-12-01 14:00:00+00:00,6373.272
2023-12-01 15:00:00+00:00,6289.903
2023-12-01 16:00:00+00:00,6310.127
2023-12-01 17:00:00+00:00,6193.178
2023-12-01 18:00:00+00:00,6124.85
2023-12-01 19:00:00+00:00,6085.331
2023-12-01 20:00:00+00:00,6065.046
2023-12-01 21:00:00+00:00,6144.257
2023-12-01 22:00:00+00:00,6272.662
2023-12-01 23:00:00+00:00,6167.558
2023-12-02 00:00:00+00:00,6033.902
2023-12-02 01:00:00+00:00,5927.925
2023-12-02 02:00:00+00:00,5771.421
2023-12-02 03:00:00+00:00,5492.94
2023-12-02 04:00:00+00:00,5233.534
2023-12-02 05:00:00+00:00,5013.175
2023-12-02 06:00:00+00:00,4891.835
2023-12-02 07:00:00+00:00,4835.774
2023-12-02 08:00:00+00:00,4832.228
2023-12-02 09:00:00+00:00,4881.33
2023-12-02 10:00:00+00:00,4975.45
2023-12-02 11:00:00+00:00,5141.445
2023-12-02 12:00:00+00:00,5280.96
2023-12-02 13:00:00+00:00,5401.441
2023-12-02 14:00:00+00:00,5416.539
2023-12-02 15:00:00+00:00,5356.536
2023-12-02 16:00:00+00:00,5239.916
2023-12-02 17:00:00+00:00,5111.037
2023-12-02 18:00:00+00:00,5010.682
2023-12-02 19:00:00+00:00,4987.349
2023-12-02 20:00:00+00:00,5007.223
2023-12-02 21:00:00+00:00,5181.663
2023-12-02 22:00:00+00:00,5431.002
2023-12-02 23:00:00+00:00,5361.171
2023-12-03 00:00:00+00:00,5346.757
2023-12-03 01:00:00+00:00,5293.742
2023-12-03 02:00:00+00:00,5141.543
2023-12-03 03:00:00+00:00,4959.818
2023-12-03 04:00:00+00:00,4744.563
2023-12-03 05:00:00+00:00,4571.211
2023-12-03 06:00:00+00:00,4436.988
2023-12-03 07:00:00+00:00,4375.791
2023-12-03 08:00:00+00:00,4334.568
2023-12-03 09:00:00+00:00,4363.496
2023-12-03 10:00:00+00:00,4435.209
2023-12-03 11:00:00+00:00,4550.162
2023-12-03 12:00:00+00:00,4714.145
2023-12-03 13:00:00+00:00,4897.334
2023-12-03 14:00:00+00:00,5035.832
2023-12-03 15:00:00+00:00,5058.903
2023-12-03 16:00:00+00:00,5080.304
2023-12-03 17:00:00+00:00,5072.794
2023-12-03 18:00:00+00:00,5036.838
2023-12-03 19:00:00+00:00,5021.937
2023-12-03 20:00:00+00:00,5054.25
2023-12-03 21:00:00+00:00,5195.453
2023-12-03 22:00:00+00:00,5516.163
2023-12-03 23:00:00+00:00,5586.259
2023-12-04 00:00:00+00:00,5589.008
2023-12-04 01:00:00+00:00,5568.124
2023-12-04 02:00:00+00:00,5376.237
2023-12-04 03:00:00+00:00,5194.422
2023-12-04 04:00:00+00:00,4995.335
2023-12-04 05:00:00+00:00,4874.486
2023-12-04 06:00:00+00:00,4842.459
2023-12-04 07:00:00+00:00,4830.611
2023-12-04 08:00:00+00:00,4884.569
2023-12-04 09:00:00+00:00,5031.779
2023-12-04 10:00:00+00:00,5364.222
2023-12-04 11:00:00+00:00,5823.426
2023-12-04 12:00:00+00:00,6100.158
2023-12-04 13:00:00+00:00,6123.535
2023-12-04 14:00:00+00:00,6092.132
2023-12-04 15:00:00+00:00,6074.725
2023-12-04 16:00:00+00:00,5999.447
2023-12-04 17:00:00+00:00,5871.232
2023-12-04 18:00:00+00:00,5911.647
2023-12-04 19:00:00+00:00,5891.297
2023-12-04 20:00:00+00:00,5832.962
2023-12-04 21:00:00+00:00,6064.233
2023-12-04 22:00:00+00:00,6395.724
2023-12-04 23:00:00+00:00,6443.635
2023-12-05 00:00:00+00:00,6394.392
2023-12-05 01:00:00+00:00,6346.922
2023-12-05 02:00:00+00:00,6151.62
2023-12-05 03:00:00+00:00,5847.662
2023-12-05 04:00:00+00:00,5604.964
2023-12-05 05:00:00+00:00,5448.605
2023-12-05 06:00:00+00:00,5323.538
2023-12-05 07:00:00+00:00,5283.766
2023-12-05 08:00:00+00:00,5322.395
2023-12-05 09:00:00+00:00,5486.57
2023-12-05 10:00:00+00:00,5743.209
2023-12-05 11:00:00+00:00,6222.476
2023-12-05 12:00:00+00:00,6438.471
2023-12-05 13:00:00+00:00,6426.514
2023-12-05 14:00:00+00:00,6401.455
2023-12-05 15:00:00+00:00,6369.77
2023-12-05 16:00:00+00:00,6239.21
2023-12-05 17:00:00+00:00,6157.899
2023-12-05 18:00:00+00:00,6107.715
2023-12-05 19:00:00+00:00,6075.42
2023-12-05 20:00:00+00:00,6111.329
2023-12-05 21:00:00+00:00,6333.005
2023-12-05 22:00:00+00:00,6632.01
2023-12-05 23:00:00+00:00,6656.066
2023-12-06 00:00:00+00:00,6628.946
2023-12-06 01:00:00+00:00,6551.759
2023-12-06 02:00:00+00:00,6354.727
2023-12-06 03:00:00+00:00,6037.395
2023-12-06 04:00:00+00:00,5750.313
2023-12-06 05:00:00+00:00,5576.717
2023-12-06 06:00:00+00:00,5457.245
2023-12-06 07:00:00+00:00,5426.981
2023-12-06 08:00:00+00:00,5459.302
2023-12-06 09:00:00+00:00,5598.844
2023-12-06 10:00:00+00:00,5901.574
2023-12-06 11:00:00+00:00,6394.24
2023-12-06 12:00:00+00:00,6640.39
2023-12-06 13:00:00+00:00,6613.739
2023-12-06 14:00:00+00:00,6513.998
2023-12-06 15:00:00+00:00,6394.92
2023-12-06 16:00:00+00:00,6420.294
2023-12-06 17:00:00+00:00,6411.262
2023-12-06 18:00:00+00:00,6373.352
2023-12-06 19:00:00+00:00,6358.374
2023-12-06 20:00:00+00:00,6400.004
2023-12-06 21:00:00+00:00,6612.983
2023-12-06 22:00:00+00:00,6938.11
2023-12-06 23:00:00+00:00,6943.765
2023-12-07 00:00:00+00:00,6929.311
2023-12-07 01:00:00+00:00,6857.096
2023-12-07 02:00:00+00:00,6702.608
2023-12-07 03:00:00+00:00,6423.511
2023-12-07 04:00:00+00:00,6129.58
2023-12-07 05:00:00+00:00,5959.657
2023-12-07 06:00:00+00:00,5866.738
2023-12-07 07:00:00+00:00,5844.037
2023-12-07 08:00:00+00:00,5862.702
2023-12-07 09:00:00+00:00,5969.531
2023-12-07 10:00:00+00:00,6257.231
2023-12-07 11:00:00+00:00,6673.488
2023-12-07 12:00:00+00:00,6865.503
2023-12-07 13:00:00+00:00,6867.329
2023-12-07 14:00:00+00:00,6745.581
2023-12-07 15:00:00+00:00,6584.612
2023-12-07 16:00:00+00:00,6444.778
2023-12-07 17:00:00+00:00,6322.879
2023-12-07 18:00:00+00:00,6193.267
2023-12-07 19:00:00+00:00,6096.401
2023-12-07 20:00:00+00:00,6092.358
2023-12-07 21:00:00+00:00,6195.846
2023-12-07 22:00:00+00:00,6515.732
2023-12-07 23:00:00+00:00,6546.796
2023-12-08 00:00:00+00:00,6521.541
2023-12-08 01:00:00+00:00,6451.076
2023-12-08 02:00:00+00:00,6273.014
2023-12-08 03:00:00+00:00,6020.609
2023-12-08 04:00:00+00:00,5762.34
2023-12-08 05:00:00+00:00,5628.875
2023-12-08 06:00:00+00:00,5538.895
2023-12-08 07:00:00+00:00,5529.477
2023-12-08 08:00:00+00:00,5584.821
2023-12-08 09:00:00+00:00,5689.519
2023-12-08 10:00:00+00:00,5977.084
2023-12-08 11:00:00+00:00,6434.003
2023-12-08 12:00:00+00:00,6630.768
2023-12-08 13:00:00+00:00,6550.369
2023-12-08 14:00:00+00:00,6283.927
2023-12-08 15:00:00+00:00,6016.949
2023-12-08 16:00:00+00:00,5738.728
2023-12-08 17:00:00+00:00,5534.365
2023-12-08 18:00:00+00:00,5382.365
2023-12-08 19:00:00+00:00,5332.235
2023-12-08 20:00:00+00:00,5293.31
2023-12-08 21:00:00+00:00,5428.435
2023-12-08 22:00:00+00:00,5775.458
2023-12-08 23:00:00+00:00,5816.225
2023-12-09 00:00:00+00:00,5809.183
2023-12-09 01:00:00+00:00,5807.307
2023-12-09 02:00:00+00:00,5705.304
2023-12-09 03:00:00+00:00,5523.857
2023-12-09 04:00:00+00:00,5300.292
2023-12-09 05:00:00+00:00,5098.922
2023-12-09 06:00:00+00:00,5032.185
2023-12-09 07:00:00+00:00,4998.871
2023-12-09 08:00:00+00:00,5026.53
2023-12-09 09:00:00+00:00,5113.232
2023-12-09 10:00:00+00:00,5279.758
2023-12-09 11:00:00+00:00,5485.752
2023-12-09 12:00:00+00:00,5674.006
2023-12-09 13:00:00+00:00,5754.44
2023-12-09 14:00:00+00:00,5650.335
2023-12-09 15:00:00+00:00,5522.784
2023-12-09 16:00:00+00:00,5392.055
2023-12-09 17:00:00+00:00,5275.042
2023-12-09 18:00:00+00:00,5242.911
2023-12-09 19:00:00+00:00,5236.007
2023-12-09 20:00:00+00:00,5190.287
2023-12-09 21:00:00+00:00,5301.791
2023-12-09 22:00:00+00:00,5592.762
2023-12-09 23:00:00+00:00,5582.916
2023-12-10 00:00:00+00:00,5537.385
2023-12-10 01:00:00+00:00,5498.354
2023-12-10 02:00:00+00:00,5358.68
2023-12-10 03:00:00+00:00,5166.653
2023-12-10 04:00:00+00:00,4943.829
2023-12-10 05:00:00+00:00,4751.974
2023-12-10 06:00:00+00:00,4605.517
2023-12-10 07:00:00+00:00,4515.346
2023-12-10 08:00:00+00:00,4486.148
2023-12-10 09:00:00+00:00,4468.112
2023-12-10 10:00:00+00:00,4524.904
2023-12-10 11:00:00+00:00,4681.801
2023-12-10 12:00:00+00:00,4871.351
2023-12-10 13:00:00+00:00,5069.577
2023-12-10 14:00:00+00:00,5232.643
2023-12-10 15:00:00+00:00,5304.436
2023-12-10 16:00:00+00:00,5335.348
2023-12-10 17:00:00+00:00,5359.076
2023-12-10 18:00:00+00:00,5358.42
2023-12-10 19:00:00+00:00,5365.967
2023-12-10 20:00:00+00:00,5443.157
2023-12-10 21:00:00+00:00,5672.786
2023-12-10 22:00:00+00:00,5914.633
2023-12-10 23:00:00+00:00,5933.467
2023-12-11 00:00:00+00:00,5913.115
2023-12-11 01:00:00+00:00,5957.266
2023-12-11 02:00:00+00:00,5777.634
2023-12-11 03:00:00+00:00,5649.809
2023-12-11 04:00:00+00:00,5466.323
2023-12-11 05:00:00+00:00,5359.138
2023-12-11 06:00:00+00:00,5361.246
2023-12-11 07:00:00+00:00,5407.031
2023-12-11 08:00:00+00:00,5436.656
2023-12-11 09:00:00+00:00,5606.966
2023-12-11 10:00:00+00:00,5916.743
2023-12-11 11:00:00+00:00,6354.007
2023-12-11 12:00:00+00:00,6598.466
2023-12-11 13:00:00+00:00,6654.667
2023-12-11 14:00:00+00:00,6637.95
2023-12-11 15:00:00+00:00,6619.227
2023-12-11 16:00:00+00:00,6574.818
2023-12-11 17:00:00+00:00,6487.116
2023-12-11 18:00:00+00:00,6532.626
2023-12-11 19:00:00+00:00,6465.082
2023-12-11 20:00:00+00:00,6497.865
2023-12-11 21:00:00+00:00,6700.327
2023-12-11 22:00:00+00:00,7072.407
2023-12-11 23:00:00+00:00,7091.194
2023-12-12 00:00:00+00:00,7035.023
2023-12-12 01:00:00+00:00,6921.973
2023-12-12 02:00:00+00:00,6773.087
2023-12-12 03:00:00+00:00,6488.931
2023-12-12 04:00:00+00:00,6222.745
2023-12-12 05:00:00+00:00,6065.262
2023-12-12 06:00:00+00:00,5956.547
2023-12-12 07:00:00+00:00,5982.439
2023-12-12 08:00:00+00:00,6031.718
2023-12-12 09:00:00+00:00,6230.756
2023-12-12 10:00:00+00:00,6629.212
2023-12-12 11:00:00+00:00,7202.724
2023-12-12 12:00:00+00:00,7467.995
2023-12-12 13:00:00+00:00,7275.747
2023-12-12 14:00:00+00:00,6925.781
2023-12-12 15:00:00+00:00,6571.624
2023-12-12 16:00:00+00:00,6315.6
2023-12-12 17:00:00+00:00,6098.081
2023-12-12 18:00:00+00:00,5979.712
2023-12-12 19:00:00+00:00,5874.906
2023-12-12 20:00:00+00:00,5900.599
2023-12-12 21:00:00+00:00,6165.403
2023-12-12 22:00:00+00:00,6651.996
2023-12-12 23:00:00+00:00,6742.067
2023-12-13 00:00:00+00:00,6759.656
2023-12-13 01:00:00+00:00,6704.845
2023-12-13 02:00:00+00:00,6564.064
2023-12-13 03:00:00+00:00,6283.686
2023-12-13 04:00:00+00:00,5983.241
2023-12-13 05:00:00+00:00,5824.516
2023-12-13 06:00:00+00:00,5724.628
2023-12-13 07:00:00+00:00,5711.946
2023-12-13 08:00:00+00:00,5799.644
2023-12-13 09:00:00+00:00,5913.651
2023-12-13 10:00:00+00:00,6237.195
2023-12-13 11:00:00+00:00,6720.972
2023-12-13 12:00:00+00:00,6954.953
2023-12-13 13:00:00+00:00,6920.878
2023-12-13 14:00:00+00:00,6676.57
2023-12-13 15:00:00+00:00,6430.779
2023-12-13 16:00:00+00:00,6266.973
2023-12-13 17:00:00+00:00,6131.064
2023-12-13 18:00:00+00:00,6029.272
2023-12-13 19:00:00+00:00,5950.86
2023-12-13 20:00:00+00:00,6014.472
2023-12-13 21:00:00+00:00,6274.174
2023-12-13 22:00:00+00:00,6768.541
2023-12-13 23:00:00+00:00,6885.478
2023-12-14 00:00:00+00:00,6882.922
2023-12-14 01:00:00+00:00,6923.936
2023-12-14 02:00:00+00:00,6785.455
2023-12-14 03:00:00+00:00,6544.593
2023-12-14 04:00:00+00:00,6302.414
2023-12-14 05:00:00+00:00,6221.642
2023-12-14 06:00:00+00:00,6095.522
2023-12-14 07:00:00+00:00,6130.272
2023-12-14 08:00:00+00:00,6217.848
2023-12-14 09:00:00+00:00,6415.656
2023-12-14 10:00:00+00:00,6778.493
2023-12-14 11:00:00+00:00,7287.644
2023-12-14 12:00:00+00:00,7543.824
2023-12-14 13:00:00+00:00,7396.627
2023-12-14 14:00:00+00:00,7011.254
2023-12-14 15:00:00+00:00,6675.975
2023-12-14 16:00:00+00:00,6350.55
2023-12-14 17:00:00+00:00,6136.074
2023-12-14 18:00:00+00:00,6010.62
2023-12-14 19:00:00+00:00,5910.926
2023-12-14 20:00:00+00:00,5922.873
2023-12-14 21:00:00+00:00,6154.555
2023-12-14 22:00:00+00:00,6658.44
2023-12-14 23:00:00+00:00,6809.864
2023-12-15 00:00:00+00:00,6851.37
2023-12-15 01:00:00+00:00,6884.364
2023-12-15 02:00:00+00:00,6738.01
2023-12-15 03:00:00+00:00,6489.184
2023-12-15 04:00:00+00:00,6228.173
2023-12-15 05:00:00+00:00,6067.056
2023-12-15 06:00:00+00:00,5957.791
2023-12-15 07:00:00+00:00,5953.858
2023-12-15 08:00:00+00:00,5983.435
2023-12-15 09:00:00+00:00,6112.128
2023-12-15 10:00:00+00:00,6399.062
2023-12-15 11:00:00+00:00,6843.048
2023-12-15 12:00:00+00:00,7083.688
2023-12-15 13:00:00+00:00,6961.636
2023-12-15 14:00:00+00:00,6607.313
2023-12-15 15:00:00+00:00,6237.159
2023-12-15 16:00:00+00:00,5956.627
2023-12-15 17:00:00+00:00,5760.394
2023-12-15 18:00:00+00:00,5600.53
2023-12-15 19:00:00+00:00,5496.133
2023-12-15 20:00:00+00:00,5479.591
2023-12-15 21:00:00+00:00,5633.181
2023-12-15 22:00:00+00:00,6051.937
2023-12-15 23:00:00+00:00,6163.967
2023-12-16 00:00:00+00:00,6206.379
2023-12-16 01:00:00+00:00,6200.459
2023-12-16 02:00:00+00:00,6148.542
2023-12-16 03:00:00+00:00,5989.366
2023-12-16 04:00:00+00:00,5766.931
2023-12-16 05:00:00+00:00,5629.189
2023-12-16 06:00:00+00:00,5557.749
2023-12-16 07:00:00+00:00,5562.523
2023-12-16 08:00:00+00:00,5628.149
2023-12-16 09:00:00+00:00,5742.431
2023-12-16 10:00:00+00:00,5945.942
2023-12-16 11:00:00+00:00,6191.203
2023-12-16 12:00:00+00:00,6387.691
2023-12-16 13:00:00+00:00,6494.739
2023-12-16 14:00:00+00:00,6282.999
2023-12-16 15:00:00+00:00,5997.191
2023-12-16 16:00:00+00:00,5697.679
2023-12-16 17:00:00+00:00,5470.729
2023-12-16 18:00:00+00:00,5298.464
2023-12-16 19:00:00+00:00,5212.675
2023-12-16 20:00:00+00:00,5239.511
2023-12-16 21:00:00+00:00,5457.662
2023-12-16 22:00:00+00:00,5788.233
2023-12-16 23:00:00+00:00,5853.841
2023-12-17 00:00:00+00:00,5837.405
2023-12-17 01:00:00+00:00,5795.893
2023-12-17 02:00:00+00:00,5689.886
2023-12-17 03:00:00+00:00,5497.327
2023-12-17 04:00:00+00:00,5294.04
2023-12-17 05:00:00+00:00,5122.641
2023-12-17 06:00:00+00:00,4999.955
2023-12-17 07:00:00+00:00,4964.569
2023-12-17 08:00:00+00:00,4947.807
2023-12-17 09:00:00+00:00,4965.55
2023-12-17 10:00:00+00:00,5034.169
2023-12-17 11:00:00+00:00,5140.332
2023-12-17 12:00:00+00:00,5319.943
2023-12-17 13:00:00+00:00,5455.959
2023-12-17 14:00:00+00:00,5585.721
2023-12-17 15:00:00+00:00,5621.117
2023-12-17 16:00:00+00:00,5632.188
2023-12-17 17:00:00+00:00,5630.309
2023-12-17 18:00:00+00:00,5629.33
2023-12-17 19:00:00+00:00,5625.157
2023-12-17 20:00:00+00:00,5630.533
2023-12-17 21:00:00+00:00,5765.614
2023-12-17 22:00:00+00:00,6000.946
2023-12-17 23:00:00+00:00,6003.999
2023-12-18 00:00:00+00:00,5931.198
2023-12-18 01:00:00+00:00,5824.397
2023-12-18 02:00:00+00:00,5602.257
2023-12-18 03:00:00+00:00,5356.87
2023-12-18 04:00:00+00:00,5106.134
2023-12-18 05:00:00+00:00,4921.172
2023-12-18 06:00:00+00:00,4799.052
2023-12-18 07:00:00+00:00,4769.878
2023-12-18 08:00:00+00:00,4792.377
2023-12-18 09:00:00+00:00,4971.216
2023-12-18 10:00:00+00:00,5228.619
2023-12-18 11:00:00+00:00,5685.668
2023-12-18 12:00:00+00:00,6020.507
2023-12-18 13:00:00+00:00,6113.261
2023-12-18 14:00:00+00:00,6137.013
2023-12-18 15:00:00+00:00,6157.629
2023-12-18 16:00:00+00:00,6161.93
2023-12-18 17:00:00+00:00,6164.992
2023-12-18 18:00:00+00:00,6140.097
2023-12-18 19:00:00+00:00,6107.186
2023-12-18 20:00:00+00:00,6182.249
2023-12-18 21:00:00+00:00,6376.916
2023-12-18 22:00:00+00:00,6808.78
2023-12-18 23:00:00+00:00,6855.144
2023-12-19 00:00:00+00:00,6869.154
2023-12-19 01:00:00+00:00,6753.325
2023-12-19 02:00:00+00:00,6661.745
2023-12-19 03:00:00+00:00,6424.177
2023-12-19 04:00:00+00:00,6186.702
2023-12-19 05:00:00+00:00,6008.332
2023-12-19 06:00:00+00:00,5859.287
2023-12-19 07:00:00+00:00,5868.044
2023-12-19 08:00:00+00:00,5909.951
2023-12-19 09:00:00+00:00,5965.218
2023-12-19 10:00:00+00:00,6311.192
2023-12-19 11:00:00+00:00,6798.792
2023-12-19 12:00:00+00:00,7044.365
2023-12-19 13:00:00+00:00,7003.508
2023-12-19 14:00:00+00:00,6988.457
2023-12-19 15:00:00+00:00,6948.125
2023-12-19 16:00:00+00:00,6953.42
2023-12-19 17:00:00+00:00,6921.481
2023-12-19 18:00:00+00:00,6929.944
2023-12-19 19:00:00+00:00,6776.388
2023-12-19 20:00:00+00:00,6835.258
2023-12-19 21:00:00+00:00,7002.832
2023-12-19 22:00:00+00:00,7396.64
2023-12-19 23:00:00+00:00,7502.09
2023-12-20 00:00:00+00:00,7474.836
2023-12-20 01:00:00+00:00,7417.968
2023-12-20 02:00:00+00:00,7200.721
2023-12-20 03:00:00+00:00,6942.956
2023-12-20 04:00:00+00:00,6723.751
2023-12-20 05:00:00+00:00,6531.234
2023-12-20 06:00:00+00:00,6455.144
2023-12-20 07:00:00+00:00,6447.108
2023-12-20 08:00:00+00:00,6497.09
2023-12-20 09:00:00+00:00,6712.918
2023-12-20 10:00:00+00:00,7076.19
2023-12-20 11:00:00+00:00,7525.695
2023-12-20 12:00:00+00:00,7793.84
2023-12-20 13:00:00+00:00,7659.211
2023-12-20 14:00:00+00:00,7202.882
2023-12-20 15:00:00+00:00,6864.217
2023-12-20 16:00:00+00:00,6632.702
2023-12-20 17:00:00+00:00,6360.089
2023-12-20 18:00:00+00:00,6181.804
2023-12-20 19:00:00+00:00,6032.169
2023-12-20 20:00:00+00:00,6066.408
2023-12-20 21:00:00+00:00,6336.049
2023-12-20 22:00:00+00:00,6808.025
2023-12-20 23:00:00+00:00,6933.617
2023-12-21 00:00:00+00:00,6995.487
2023-12-21 01:00:00+00:00,6997.893
2023-12-21 02:00:00+00:00,6862.715
2023-12-21 03:00:00+00:00,6628.63
2023-12-21 04:00:00+00:00,6370.739
2023-12-21 05:00:00+00:00,6198.529
2023-12-21 06:00:00+00:00,6075.68
2023-12-21 07:00:00+00:00,6069.891
2023-12-21 08:00:00+00:00,6125.044
2023-12-21 09:00:00+00:00,6276.73
2023-12-21 10:00:00+00:00,6569.661
2023-12-21 11:00:00+00:00,7021.223
2023-12-21 12:00:00+00:00,7278.543
2023-12-21 13:00:00+00:00,7214.333
2023-12-21 14:00:00+00:00,7095.872
2023-12-21 15:00:00+00:00,6976.888
2023-12-21 16:00:00+00:00,6808.749
2023-12-21 17:00:00+00:00,6582.186
2023-12-21 18:00:00+00:00,6466.315
2023-12-21 19:00:00+00:00,6409.03
2023-12-21 20:00:00+00:00,6419.667
2023-12-21 21:00:00+00:00,6525.361
2023-12-21 22:00:00+00:00,6815.68
2023-12-21 23:00:00+00:00,6808.378
2023-12-22 00:00:00+00:00,6782.414
2023-12-22 01:00:00+00:00,6689.253
2023-12-22 02:00:00+00:00,6534.849
2023-12-22 03:00:00+00:00,6260.604
2023-12-22 04:00:00+00:00,5992.482
2023-12-22 05:00:00+00:00,5780.323
2023-12-22 06:00:00+00:00,5678.37
2023-12-22 07:00:00+00:00,5668.453
2023-12-22 08:00:00+00:00,5722.591
2023-12-22 09:00:00+00:00,5848.455
2023-12-22 10:00:00+00:00,6084.709
2023-12-22 11:00:00+00:00,6523.908
2023-12-22 12:00:00+00:00,6805.611
2023-12-22 13:00:00+00:00,6832.601
2023-12-22 14:00:00+00:00,6665.979
2023-12-22 15:00:00+00:00,6500.105
2023-12-22 16:00:00+00:00,6312.113
2023-12-22 17:00:00+00:00,6116.243
2023-12-22 18:00:00+00:00,5996.309
2023-12-22 19:00:00+00:00,5971.018
2023-12-22 20:00:00+00:00,5980.864
2023-12-22 21:00:00+00:00,6146.899
2023-12-22 22:00:00+00:00,6401.751
2023-12-22 23:00:00+00:00,6363.893
2023-12-23 00:00:00+00:00,6281.399
2023-12-23 01:00:00+00:00,6213.136
2023-12-23 02:00:00+00:00,6073.709
2023-12-23 03:00:00+00:00,5860.148
2023-12-23 04:00:00+00:00,5640.12
2023-12-23 05:00:00+00:00,5435.998
2023-12-23 06:00:00+00:00,5320.137
2023-12-23 07:00:00+00:00,5316.488
2023-12-23 08:00:00+00:00,5298.336
2023-12-23 09:00:00+00:00,5361.283
2023-12-23 10:00:00+00:00,5457.497
2023-12-23 11:00:00+00:00,5645.443
2023-12-23 12:00:00+00:00,5865.924
2023-12-23 13:00:00+00:00,6038.332
2023-12-23 14:00:00+00:00,6079.669
2023-12-23 15:00:00+00:00,6012.024
2023-12-23 16:00:00+00:00,5895.269
2023-12-23 17:00:00+00:00,5747.652
2023-12-23 18:00:00+00:00,5622.641
2023-12-23 19:00:00+00:00,5561.87
2023-12-23 20:00:00+00:00,5564.59
2023-12-23 21:00:00+00:00,5661.513
2023-12-23 22:00:00+00:00,5912.305
2023-12-23 23:00:00+00:00,5896.112
2023-12-24 00:00:00+00:00,5848.829
2023-12-24 01:00:00+00:00,5777.59
2023-12-24 02:00:00+00:00,5645.306
2023-12-24 03:00:00+00:00,5427.808
2023-12-24 04:00:00+00:00,5203.567
2023-12-24 05:00:00+00:00,5001.669
2023-12-24 06:00:00+00:00,4838.651
2023-12-24 07:00:00+00:00,4740.793
2023-12-24 08:00:00+00:00,4710.127
2023-12-24 09:00:00+00:00,4730.795
2023-12-24 10:00:00+00:00,4801.465
2023-12-24 11:00:00+00:00,4942.506
2023-12-24 12:00:00+00:00,5153.179
2023-12-24 13:00:00+00:00,5341.282
2023-12-24 14:00:00+00:00,5441.727
2023-12-24 15:00:00+00:00,5404.756
2023-12-24 16:00:00+00:00,5377.814
2023-12-24 17:00:00+00:00,5325.817
2023-12-24 18:00:00+00:00,5192.891
2023-12-24 19:00:00+00:00,5102.547
2023-12-24 20:00:00+00:00,5060.124
2023-12-24 21:00:00+00:00,5146.362
2023-12-24 22:00:00+00:00,5380.109
2023-12-24 23:00:00+00:00,5305.302
2023-12-25 00:00:00+00:00,5226.942
2023-12-25 01:00:00+00:00,5169.714
2023-12-25 02:00:00+00:00,5083.508
2023-12-25 03:00:00+00:00,4970.876
2023-12-25 04:00:00+00:00,4804.268
2023-12-25 05:00:00+00:00,4671.563
2023-12-25 06:00:00+00:00,4559.85
2023-12-25 07:00:00+00:00,4521.807
2023-12-25 08:00:00+00:00,4532.949
2023-12-25 09:00:00+00:00,4606.211
2023-12-25 10:00:00+00:00,4741.439
2023-12-25 11:00:00+00:00,4920.782
2023-12-25 12:00:00+00:00,5125.124
2023-12-25 13:00:00+00:00,5262.35
2023-12-25 14:00:00+00:00,5235.296
2023-12-25 15:00:00+00:00,5129.603
2023-12-25 16:00:00+00:00,4996.146
2023-12-25 17:00:00+00:00,4857.857
2023-12-25 18:00:00+00:00,4749.535
2023-12-25 19:00:00+00:00,4702.364
2023-12-25 20:00:00+00:00,4746.992
2023-12-25 21:00:00+00:00,4888.585
2023-12-25 22:00:00+00:00,5099.629
2023-12-25 23:00:00+00:00,5089.219
2023-12-26 00:00:00+00:00,5068.677
2023-12-26 01:00:00+00:00,5070.631
2023-12-26 02:00:00+00:00,4999.641
2023-12-26 03:00:00+00:00,4860.921
2023-12-26 04:00:00+00:00,4658.969
2023-12-26 05:00:00+00:00,4517.891
2023-12-26 06:00:00+00:00,4421.087
2023-12-26 07:00:00+00:00,4364.031
2023-12-26 08:00:00+00:00,4361.908
2023-12-26 09:00:00+00:00,4433.521
2023-12-26 10:00:00+00:00,4577.983
2023-12-26 11:00:00+00:00,4804.862
2023-12-26 12:00:00+00:00,5004.008
2023-12-26 13:00:00+00:00,5174.131
2023-12-26 14:00:00+00:00,5322.895
2023-12-26 15:00:00+00:00,5416.063
2023-12-26 16:00:00+00:00,5448.364
2023-12-26 17:00:00+00:00,5419.877
2023-12-26 18:00:00+00:00,5380.12
2023-12-26 19:00:00+00:00,5343.599
2023-12-26 20:00:00+00:00,5348.333
2023-12-26 21:00:00+00:00,5445.56
2023-12-26 22:00:00+00:00,5679.101
2023-12-26 23:00:00+00:00,5668.534
2023-12-27 00:00:00+00:00,5579.505
2023-12-27 01:00:00+00:00,5470.885
2023-12-27 02:00:00+00:00,5271.408
2023-12-27 03:00:00+00:00,5037.355
2023-12-27 04:00:00+00:00,4810.718
2023-12-27 05:00:00+00:00,4637.396
2023-12-27 06:00:00+00:00,4538.069
2023-12-27 07:00:00+00:00,4492.92
2023-12-27 08:00:00+00:00,4475.686
2023-12-27 09:00:00+00:00,4572.44
2023-12-27 10:00:00+00:00,4745.79
2023-12-27 11:00:00+00:00,5041.693
2023-12-27 12:00:00+00:00,5273.375
2023-12-27 13:00:00+00:00,5392.657
2023-12-27 14:00:00+00:00,5506.262
2023-12-27 15:00:00+00:00,5607.695
2023-12-27 16:00:00+00:00,5679.419
2023-12-27 17:00:00+00:00,5677.895
2023-12-27 18:00:00+00:00,5658.894
2023-12-27 19:00:00+00:00,5584.367
2023-12-27 20:00:00+00:00,5530.403
2023-12-27 21:00:00+00:00,5602.224
2023-12-27 22:00:00+00:00,5850.65
2023-12-27 23:00:00+00:00,5797.342
2023-12-28 00:00:00+00:00,5685.974
2023-12-28 01:00:00+00:00,5576.887
2023-12-28 02:00:00+00:00,5389.845
2023-12-28 03:00:00+00:00,5138.131
2023-12-28 04:00:00+00:00,4894.049
2023-12-28 05:00:00+00:00,4717.381
2023-12-28 06:00:00+00:00,4581.483
2023-12-28 07:00:00+00:00,4515.45
2023-12-28 08:00:00+00:00,4540.178
2023-12-28 09:00:00+00:00,4615.586
2023-12-28 10:00:00+00:00,4805.038
2023-12-28 11:00:00+00:00,5099.633
2023-12-28 12:00:00+00:00,5326.162
2023-12-28 13:00:00+00:00,5435.767
2023-12-28 14:00:00+00:00,5451.292
2023-12-28 15:00:00+00:00,5449.014
2023-12-28 16:00:00+00:00,5444.416
2023-12-28 17:00:00+00:00,5373.493
2023-12-28 18:00:00+00:00,5295.307
2023-12-28 19:00:00+00:00,5294.694
2023-12-28 20:00:00+00:00,5299.559
2023-12-28 21:00:00+00:00,5425.021
2023-12-28 22:00:00+00:00,5752.51
2023-12-28 23:00:00+00:00,5803.449
2023-12-29 00:00:00+00:00,5771.895
2023-12-29 01:00:00+00:00,5716.889
2023-12-29 02:00:00+00:00,5548.528
2023-12-29 03:00:00+00:00,5328.735
2023-12-29 04:00:00+00:00,5103.419
2023-12-29 05:00:00+00:00,4918.467
2023-12-29 06:00:00+00:00,4831.99
2023-12-29 07:00:00+00:00,4803.192
2023-12-29 08:00:00+00:00,4827.731
2023-12-29 09:00:00+00:00,4923.489
2023-12-29 10:00:00+00:00,5165.032
2023-12-29 11:00:00+00:00,5483.45
2023-12-29 12:00:00+00:00,5745.159
2023-12-29 13:00:00+00:00,5833.39
2023-12-29 14:00:00+00:00,5765.594
2023-12-29 15:00:00+00:00,5670.377
2023-12-29 16:00:00+00:00,5610.291
2023-12-29 17:00:00+00:00,5564.129
2023-12-29 18:00:00+00:00,5529.13
2023-12-29 19:00:00+00:00,5531.74
2023-12-29 20:00:00+00:00,5592.516
2023-12-29 21:00:00+00:00,5789.577
2023-12-29 22:00:00+00:00,6080.132
2023-12-29 23:00:00+00:00,6077.768
2023-12-30 00:00:00+00:00,6062.904
2023-12-30 01:00:00+00:00,6016.614
2023-12-30 02:00:00+00:00,5880.173
2023-12-30 03:00:00+00:00,5662.824
2023-12-30 04:00:00+00:00,5474.743
2023-12-30 05:00:00+00:00,5325.562
2023-12-30 06:00:00+00:00,5218.982
2023-12-30 07:00:00+00:00,5197.935
2023-12-30 08:00:00+00:00,5201.696
2023-12-30 09:00:00+00:00,5249.478
2023-12-30 10:00:00+00:00,5354.898
2023-12-30 11:00:00+00:00,5488.536
2023-12-30 12:00:00+00:00,5623.627
2023-12-30 13:00:00+00:00,5799.053
2023-12-30 14:00:00+00:00,5908.367
2023-12-30 15:00:00+00:00,5948.809
2023-12-30 16:00:00+00:00,5915.654
2023-12-30 17:00:00+00:00,5854.868
2023-12-30 18:00:00+00:00,5782.256
2023-12-30 19:00:00+00:00,5706.52
2023-12-30 20:00:00+00:00,5742.821
2023-12-30 21:00:00+00:00,5884.775
2023-12-30 22:00:00+00:00,6136.11
2023-12-30 23:00:00+00:00,6161.0
2023-12-31 00:00:00+00:00,6115.244
2023-12-31 01:00:00+00:00,6034.952
2023-12-31 02:00:00+00:00,5859.02
2023-12-31 03:00:00+00:00,5676.595
2023-12-31 04:00:00+00:00,5442.55
2023-12-31 05:00:00+00:00,5292.831
2023-12-31 06:00:00+00:00,5180.083
2023-12-31 07:00:00+00:00,5125.046
2023-12-31 08:00:00+00:00,5125.451
2023-12-31 09:00:00+00:00,5167.425
2023-12-31 10:00:00+00:00,5248.878
2023-12-31 11:00:00+00:00,5375.685
2023-12-31 12:00:00+00:00,5524.035
2023-12-31 13:00:00+00:00,5686.614
2023-12-31 14:00:00+00:00,5771.598
2023-12-31 15:00:00+00:00,5764.568
2023-12-31 16:00:00+00:00,5755.958
2023-12-31 17:00:00+00:00,5722.302
2023-12-31 18:00:00+00:00,5694.183
2023-12-31 19:00:00+00:00,5703.185
2023-12-31 20:00:00+00:00,5699.36
2023-12-31 21:00:00+00:00,5856.547
2023-12-31 22:00:00+00:00,6096.46
2023-12-31 23:00:00+00:00,6028.806
2024-01-01 00:00:00+00:00,5896.602
2024-01-01 01:00:00+00:00,5758.356
2024-01-01 02:00:00+00:00,5610.514
2024-01-01 03:00:00+00:00,5467.885
2024-01-01 04:00:00+00:00,5345.135
2024-01-01 05:00:00+00:00,5226.85
2024-01-01 06:00:00+00:00,5142.856
2024-01-01 07:00:00+00:00,5099.065
2024-01-01 08:00:00+00:00,5074.489
2024-01-01 09:00:00+00:00,5140.434
2024-01-01 10:00:00+00:00,5254.609
2024-01-01 11:00:00+00:00,5399.159
2024-01-01 12:00:00+00:00,5570.004
2024-01-01 13:00:00+00:00,5724.045
2024-01-01 14:00:00+00:00,5914.692
2024-01-01 15:00:00+00:00,6042.766
2024-01-01 16:00:00+00:00,6138.998
2024-01-01 17:00:00+00:00,6170.78
2024-01-01 18:00:00+00:00,6126.254
2024-01-01 19:00:00+00:00,6112.38
2024-01-01 20:00:00+00:00,6155.31
2024-01-01 21:00:00+00:00,6300.573
2024-01-01 22:00:00+00:00,6482.178
2024-01-01 23:00:00+00:00,6442.237
2024-01-02 00:00:00+00:00,6386.323
2024-01-02 01:00:00+00:00,6249.473
2024-01-02 02:00:00+00:00,6083.243
2024-01-02 03:00:00+00:00,5927.128
2024-01-02 04:00:00+00:00,5711.909
2024-01-02 05:00:00+00:00,5594.46
2024-01-02 06:00:00+00:00,5549.185
2024-01-02 07:00:00+00:00,5554.65
2024-01-02 08:00:00+00:00,5584.966
2024-01-02 09:00:00+00:00,5749.099
2024-01-02 10:00:00+00:00,6012.371
2024-01-02 11:00:00+00:00,6392.816
2024-01-02 12:00:00+00:00,6680.041
2024-01-02 13:00:00+00:00,6768.48
2024-01-02 14:00:00+00:00,6781.894
2024-01-02 15:00:00+00:00,6747.273
2024-01-02 16:00:00+00:00,6642.196
2024-01-02 17:00:00+00:00,6587.028
2024-01-02 18:00:00+00:00,6464.214
2024-01-02 19:00:00+00:00,6428.494
2024-01-02 20:00:00+00:00,6411.336
2024-01-02 21:00:00+00:00,6603.432
2024-01-02 22:00:00+00:00,6975.481
2024-01-02 23:00:00+00:00,7034.706
2024-01-03 00:00:00+00:00,7001.816
2024-01-03 01:00:00+00:00,6917.066
2024-01-03 02:00:00+00:00,6735.789
2024-01-03 03:00:00+00:00,6524.954
2024-01-03 04:00:00+00:00,6277.763
2024-01-03 05:00:00+00:00,6098.105
2024-01-03 06:00:00+00:00,6031.645
2024-01-03 07:00:00+00:00,6006.533
2024-01-03 08:00:00+00:00,6070.803
2024-01-03 09:00:00+00:00,6123.094
2024-01-03 10:00:00+00:00,6414.719
2024-01-03 11:00:00+00:00,6860.332
2024-01-03 12:00:00+00:00,6983.408
2024-01-03 13:00:00+00:00,6988.532
2024-01-03 14:00:00+00:00,6842.562
2024-01-03 15:00:00+00:00,6574.085
2024-01-03 16:00:00+00:00,6427.467
2024-01-03 17:00:00+00:00,6231.025
2024-01-03 18:00:00+00:00,6136.898
2024-01-03 19:00:00+00:00,5990.701
2024-01-03 20:00:00+00:00,6036.983
2024-01-03 21:00:00+00:00,6258.922
2024-01-03 22:00:00+00:00,6638.745
2024-01-03 23:00:00+00:00,6740.173
2024-01-04 00:00:00+00:00,6750.301
2024-01-04 01:00:00+00:00,6658.905
2024-01-04 02:00:00+00:00,6540.809
2024-01-04 03:00:00+00:00,6334.148
2024-01-04 04:00:00+00:00,6033.447
2024-01-04 05:00:00+00:00,5810.55
2024-01-04 06:00:00+00:00,5710.536
2024-01-04 07:00:00+00:00,5688.01
2024-01-04 08:00:00+00:00,5769.482
2024-01-04 09:00:00+00:00,5853.842
2024-01-04 10:00:00+00:00,6178.476
2024-01-04 11:00:00+00:00,6554.949
2024-01-04 12:00:00+00:00,6786.89
2024-01-04 13:00:00+00:00,6767.578
2024-01-04 14:00:00+00:00,6817.649
2024-01-04 15:00:00+00:00,6812.009
2024-01-04 16:00:00+00:00,6826.095
2024-01-04 17:00:00+00:00,6757.728
2024-01-04 18:00:00+00:00,6697.111
2024-01-04 19:00:00+00:00,6634.849
2024-01-04 20:00:00+00:00,6585.665
2024-01-04 21:00:00+00:00,6731.487
2024-01-04 22:00:00+00:00,7146.527
2024-01-04 23:00:00+00:00,7244.7
2024-01-05 00:00:00+00:00,7233.722
2024-01-05 01:00:00+00:00,7195.469
2024-01-05 02:00:00+00:00,7017.115
2024-01-05 03:00:00+00:00,6760.763
2024-01-05 04:00:00+00:00,6600.893
2024-01-05 05:00:00+00:00,6426.818
2024-01-05 06:00:00+00:00,6408.779
2024-01-05 07:00:00+00:00,6402.742
2024-01-05 08:00:00+00:00,6454.371
2024-01-05 09:00:00+00:00,6631.928
2024-01-05 10:00:00+00:00,7012.342
2024-01-05 11:00:00+00:00,7492.348
2024-01-05 12:00:00+00:00,7783.881
2024-01-05 13:00:00+00:00,7684.968
2024-01-05 14:00:00+00:00,7305.942
2024-01-05 15:00:00+00:00,6972.931
2024-01-05 16:00:00+00:00,6673.643
2024-01-05 17:00:00+00:00,6390.332
2024-01-05 18:00:00+00:00,6205.21
2024-01-05 19:00:00+00:00,6081.606
2024-01-05 20:00:00+00:00,6096.001
2024-01-05 21:00:00+00:00,6323.061
2024-01-05 22:00:00+00:00,6758.31
2024-01-05 23:00:00+00:00,6897.674
2024-01-06 00:00:00+00:00,6930.467
2024-01-06 01:00:00+00:00,6920.529
2024-01-06 02:00:00+00:00,6831.517
2024-01-06 03:00:00+00:00,6655.703
2024-01-06 04:00:00+00:00,6401.906
2024-01-06 05:00:00+00:00,6218.763
2024-01-06 06:00:00+00:00,6144.387
2024-01-06 07:00:00+00:00,6103.362
2024-01-06 08:00:00+00:00,6086.123
2024-01-06 09:00:00+00:00,6106.68
2024-01-06 10:00:00+00:00,6155.7
2024-01-06 11:00:00+00:00,6266.316
2024-01-06 12:00:00+00:00,6392.401
2024-01-06 13:00:00+00:00,6509.129
2024-01-06 14:00:00+00:00,6697.677
2024-01-06 15:00:00+00:00,6816.039
2024-01-06 16:00:00+00:00,6919.65
2024-01-06 17:00:00+00:00,6956.037
2024-01-06 18:00:00+00:00,6903.14
2024-01-06 19:00:00+00:00,6859.383
2024-01-06 20:00:00+00:00,6846.585
2024-01-06 21:00:00+00:00,6843.516
2024-01-06 22:00:00+00:00,6963.759
2024-01-06 23:00:00+00:00,6873.843
2024-01-07 00:00:00+00:00,6715.67
2024-01-07 01:00:00+00:00,6579.314
2024-01-07 02:00:00+00:00,6368.593
2024-01-07 03:00:00+00:00,6133.946
2024-01-07 04:00:00+00:00,5882.797
2024-01-07 05:00:00+00:00,5704.09
2024-01-07 06:00:00+00:00,5599.481
2024-01-07 07:00:00+00:00,5546.81
2024-01-07 08:00:00+00:00,5527.474
2024-01-07 09:00:00+00:00,5572.218
2024-01-07 10:00:00+00:00,5647.199
2024-01-07 11:00:00+00:00,5773.614
2024-01-07 12:00:00+00:00,5921.478
2024-01-07 13:00:00+00:00,6084.502
2024-01-07 14:00:00+00:00,6191.944
2024-01-07 15:00:00+00:00,6120.657
2024-01-07 16:00:00+00:00,6104.323
2024-01-07 17:00:00+00:00,6118.355
2024-01-07 18:00:00+00:00,6102.774
2024-01-07 19:00:00+00:00,6068.208
2024-01-07 20:00:00+00:00,6128.014
2024-01-07 21:00:00+00:00,6293.046
2024-01-07 22:00:00+00:00,6597.628
2024-01-07 23:00:00+00:00,6638.638
2024-01-08 00:00:00+00:00,6599.644
2024-01-08 01:00:00+00:00,6495.149
2024-01-08 02:00:00+00:00,6338.329
2024-01-08 03:00:00+00:00,6057.946
2024-01-08 04:00:00+00:00,5886.427
2024-01-08 05:00:00+00:00,5714.335
2024-01-08 06:00:00+00:00,5672.856
2024-01-08 07:00:00+00:00,5596.982
2024-01-08 08:00:00+00:00,5632.171
2024-01-08 09:00:00+00:00,5815.536
2024-01-08 10:00:00+00:00,6093.106
2024-01-08 11:00:00+00:00,6516.055
2024-01-08 12:00:00+00:00,6798.628
2024-01-08 13:00:00+00:00,6826.467
2024-01-08 14:00:00+00:00,6765.56
2024-01-08 15:00:00+00:00,6626.762
2024-01-08 16:00:00+00:00,6473.982
2024-01-08 17:00:00+00:00,6334.933
2024-01-08 18:00:00+00:00,6267.529
2024-01-08 19:00:00+00:00,6194.472
2024-01-08 20:00:00+00:00,6158.817
2024-01-08 21:00:00+00:00,6361.827
2024-01-08 22:00:00+00:00,6772.488
2024-01-08 23:00:00+00:00,6902.708
2024-01-09 00:00:00+00:00,6930.249
2024-01-09 01:00:00+00:00,6868.758
2024-01-09 02:00:00+00:00,6689.648
2024-01-09 03:00:00+00:00,6456.122
2024-01-09 04:00:00+00:00,6173.175
2024-01-09 05:00:00+00:00,5979.541
2024-01-09 06:00:00+00:00,5802.024
2024-01-09 07:00:00+00:00,5774.899
2024-01-09 08:00:00+00:00,5786.463
2024-01-09 09:00:00+00:00,5911.716
2024-01-09 10:00:00+00:00,6215.753
2024-01-09 11:00:00+00:00,6536.888
2024-01-09 12:00:00+00:00,6909.06
2024-01-09 13:00:00+00:00,6941.808
2024-01-09 14:00:00+00:00,6912.158
2024-01-09 15:00:00+00:00,6994.886
2024-01-09 16:00:00+00:00,6957.689
2024-01-09 17:00:00+00:00,6909.85
2024-01-09 18:00:00+00:00,6869.413
2024-01-09 19:00:00+00:00,6750.894
2024-01-09 20:00:00+00:00,6651.304
2024-01-09 21:00:00+00:00,6654.953
2024-01-09 22:00:00+00:00,6725.439
2024-01-09 23:00:00+00:00,6607.151
2024-01-10 00:00:00+00:00,6399.795
2024-01-10 01:00:00+00:00,6221.951
2024-01-10 02:00:00+00:00,5998.46
2024-01-10 03:00:00+00:00,5701.738
2024-01-10 04:00:00+00:00,5432.305
2024-01-10 05:00:00+00:00,5309.0
2024-01-10 06:00:00+00:00,5187.822
2024-01-10 07:00:00+00:00,5256.901
2024-01-10 08:00:00+00:00,5308.593
2024-01-10 09:00:00+00:00,5438.83
2024-01-10 10:00:00+00:00,5754.885
2024-01-10 11:00:00+00:00,6223.04
2024-01-10 12:00:00+00:00,6537.203
2024-01-10 13:00:00+00:00,6581.044
2024-01-10 14:00:00+00:00,6603.431
2024-01-10 15:00:00+00:00,6579.382
2024-01-10 16:00:00+00:00,6594.446
2024-01-10 17:00:00+00:00,6638.197
2024-01-10 18:00:00+00:00,6609.921
2024-01-10 19:00:00+00:00,6571.855
2024-01-10 20:00:00+00:00,6676.736
2024-01-10 21:00:00+00:00,6776.656
2024-01-10 22:00:00+00:00,6918.742
2024-01-10 23:00:00+00:00,6874.41
2024-01-11 00:00:00+00:00,6874.522
2024-01-11 01:00:00+00:00,6753.769
2024-01-11 02:00:00+00:00,6562.903
2024-01-11 03:00:00+00:00,6282.96
2024-01-11 04:00:00+00:00,6001.054
2024-01-11 05:00:00+00:00,5840.872
2024-01-11 06:00:00+00:00,5711.822
2024-01-11 07:00:00+00:00,5691.084
2024-01-11 08:00:00+00:00,5707.32
2024-01-11 09:00:00+00:00,5830.873
2024-01-11 10:00:00+00:00,6129.226
2024-01-11 11:00:00+00:00,6620.573
2024-01-11 12:00:00+00:00,6866.645
2024-01-11 13:00:00+00:00,6811.874
2024-01-11 14:00:00+00:00,6574.01
2024-01-11 15:00:00+00:00,6310.43
2024-01-11 16:00:00+00:00,6164.7
2024-01-11 17:00:00+00:00,6006.748
2024-01-11 18:00:00+00:00,5893.542
2024-01-11 19:00:00+00:00,5847.423
2024-01-11 20:00:00+00:00,5811.745
2024-01-11 21:00:00+00:00,5957.826
2024-01-11 22:00:00+00:00,6323.347
2024-01-11 23:00:00+00:00,6466.684
2024-01-12 00:00:00+00:00,6479.442
2024-01-12 01:00:00+00:00,6479.177
2024-01-12 02:00:00+00:00,6309.908
2024-01-12 03:00:00+00:00,6084.614
2024-01-12 04:00:00+00:00,5865.42
2024-01-12 05:00:00+00:00,5798.49
2024-01-12 06:00:00+00:00,5756.893
2024-01-12 07:00:00+00:00,5821.652
2024-01-12 08:00:00+00:00,5939.582
2024-01-12 09:00:00+00:00,6102.541
2024-01-12 10:00:00+00:00,6415.997
2024-01-12 11:00:00+00:00,6868.3
2024-01-12 12:00:00+00:00,7122.425
2024-01-12 13:00:00+00:00,7041.499
2024-01-12 14:00:00+00:00,6825.242
2024-01-12 15:00:00+00:00,6525.488
2024-01-12 16:00:00+00:00,6360.112
2024-01-12 17:00:00+00:00,6252.347
2024-01-12 18:00:00+00:00,6200.763
2024-01-12 19:00:00+00:00,6162.548
2024-01-12 20:00:00+00:00,6221.571
2024-01-12 21:00:00+00:00,6366.908
2024-01-12 22:00:00+00:00,6493.983
2024-01-12 23:00:00+00:00,6423.682
2024-01-13 00:00:00+00:00,6321.362
2024-01-13 01:00:00+00:00,6192.846
2024-01-13 02:00:00+00:00,5985.421
2024-01-13 03:00:00+00:00,5686.262
2024-01-13 04:00:00+00:00,5423.625
2024-01-13 05:00:00+00:00,5249.829
2024-01-13 06:00:00+00:00,5100.387
2024-01-13 07:00:00+00:00,5016.454
2024-01-13 08:00:00+00:00,4991.769
2024-01-13 09:00:00+00:00,5057.371
2024-01-13 10:00:00+00:00,5166.169
2024-01-13 11:00:00+00:00,5397.203
2024-01-13 12:00:00+00:00,5642.893
2024-01-13 13:00:00+00:00,5885.854
2024-01-13 14:00:00+00:00,6080.352
2024-01-13 15:00:00+00:00,6156.1
2024-01-13 16:00:00+00:00,6164.333
2024-01-13 17:00:00+00:00,6224.815
2024-01-13 18:00:00+00:00,6255.884
2024-01-13 19:00:00+00:00,6320.321
2024-01-13 20:00:00+00:00,6422.625
2024-01-13 21:00:00+00:00,6646.091
2024-01-13 22:00:00+00:00,6908.304
2024-01-13 23:00:00+00:00,6936.075
2024-01-14 00:00:00+00:00,6893.088
2024-01-14 01:00:00+00:00,6793.084
2024-01-14 02:00:00+00:00,6673.745
2024-01-14 03:00:00+00:00,6485.596
2024-01-14 04:00:00+00:00,6250.65
2024-01-14 05:00:00+00:00,6107.993
2024-01-14 06:00:00+00:00,6005.165
2024-01-14 07:00:00+00:00,5980.982
2024-01-14 08:00:00+00:00,6023.633
2024-01-14 09:00:00+00:00,6061.526
2024-01-14 10:00:00+00:00,6185.034
2024-01-14 11:00:00+00:00,6278.263
2024-01-14 12:00:00+00:00,6519.375
2024-01-14 13:00:00+00:00,6624.788
2024-01-14 14:00:00+00:00,6698.511
2024-01-14 15:00:00+00:00,6729.018
2024-01-14 16:00:00+00:00,6719.243
2024-01-14 17:00:00+00:00,6642.615
2024-01-14 18:00:00+00:00,6483.447
2024-01-14 19:00:00+00:00,6458.422
2024-01-14 20:00:00+00:00,6522.28
2024-01-14 21:00:00+00:00,6794.992
2024-01-14 22:00:00+00:00,7242.868
2024-01-14 23:00:00+00:00,7385.152
2024-01-15 00:00:00+00:00,7382.727
2024-01-15 01:00:00+00:00,7423.954
2024-01-15 02:00:00+00:00,7279.025
2024-01-15 03:00:00+00:00,7088.286
2024-01-15 04:00:00+00:00,6953.027
2024-01-15 05:00:00+00:00,6808.515
2024-01-15 06:00:00+00:00,6743.93
2024-01-15 07:00:00+00:00,6713.308
2024-01-15 08:00:00+00:00,6765.93
2024-01-15 09:00:00+00:00,6819.743
2024-01-15 10:00:00+00:00,7088.624
2024-01-15 11:00:00+00:00,7430.499
2024-01-15 12:00:00+00:00,7654.797
2024-01-15 13:00:00+00:00,7785.735
2024-01-15 14:00:00+00:00,7887.501
2024-01-15 15:00:00+00:00,7850.921
2024-01-15 16:00:00+00:00,7836.25
2024-01-15 17:00:00+00:00,7787.969
2024-01-15 18:00:00+00:00,7752.651
2024-01-15 19:00:00+00:00,7674.892
2024-01-15 20:00:00+00:00,7630.906
2024-01-15 21:00:00+00:00,7744.684
2024-01-15 22:00:00+00:00,7933.546
2024-01-15 23:00:00+00:00,7961.626
2024-01-16 00:00:00+00:00,7816.651
2024-01-16 01:00:00+00:00,7771.248
2024-01-16 02:00:00+00:00,7508.337
2024-01-16 03:00:00+00:00,7233.504
2024-01-16 04:00:00+00:00,7057.115
2024-01-16 05:00:00+00:00,6965.448
2024-01-16 06:00:00+00:00,6820.052
2024-01-16 07:00:00+00:00,6756.625
2024-01-16 08:00:00+00:00,6675.32
2024-01-16 09:00:00+00:00,6860.494
2024-01-16 10:00:00+00:00,7046.289
2024-01-16 11:00:00+00:00,7449.004
2024-01-16 12:00:00+00:00,7672.881
2024-01-16 13:00:00+00:00,7778.465
2024-01-16 14:00:00+00:00,7855.1
2024-01-16 15:00:00+00:00,7964.104
2024-01-16 16:00:00+00:00,7973.883
2024-01-16 17:00:00+00:00,7997.685
2024-01-16 18:00:00+00:00,7957.255
2024-01-16 19:00:00+00:00,7793.122
2024-01-16 20:00:00+00:00,7866.933
2024-01-16 21:00:00+00:00,8019.991
2024-01-16 22:00:00+00:00,8347.004
2024-01-16 23:00:00+00:00,8512.193
2024-01-17 00:00:00+00:00,8441.425
2024-01-17 01:00:00+00:00,8377.331
2024-01-17 02:00:00+00:00,8156.412
2024-01-17 03:00:00+00:00,7920.978
2024-01-17 04:00:00+00:00,7778.985
2024-01-17 05:00:00+00:00,7705.897
2024-01-17 06:00:00+00:00,7627.623
2024-01-17 07:00:00+00:00,7719.611
2024-01-17 08:00:00+00:00,7683.587
2024-01-17 09:00:00+00:00,7847.777
2024-01-17 10:00:00+00:00,8141.086
2024-01-17 11:00:00+00:00,8531.199
2024-01-17 12:00:00+00:00,8788.508
2024-01-17 13:00:00+00:00,8699.14
2024-01-17 14:00:00+00:00,8527.522
2024-01-17 15:00:00+00:00,8320.345
2024-01-17 16:00:00+00:00,8158.402
2024-01-17 17:00:00+00:00,7938.239
2024-01-17 18:00:00+00:00,7778.004
2024-01-17 19:00:00+00:00,7637.231
2024-01-17 20:00:00+00:00,7702.75
2024-01-17 21:00:00+00:00,7894.313
2024-01-17 22:00:00+00:00,8277.601
2024-01-17 23:00:00+00:00,8406.388
2024-01-18 00:00:00+00:00,8386.241
2024-01-18 01:00:00+00:00,8284.328
2024-01-18 02:00:00+00:00,8129.569
2024-01-18 03:00:00+00:00,7860.219
2024-01-18 04:00:00+00:00,7676.934
2024-01-18 05:00:00+00:00,7549.665
2024-01-18 06:00:00+00:00,7471.861
2024-01-18 07:00:00+00:00,7468.383
2024-01-18 08:00:00+00:00,7476.715
2024-01-18 09:00:00+00:00,7616.81
2024-01-18 10:00:00+00:00,7861.568
2024-01-18 11:00:00+00:00,8168.834
2024-01-18 12:00:00+00:00,8330.779
2024-01-18 13:00:00+00:00,8215.083
2024-01-18 14:00:00+00:00,8091.781
2024-01-18 15:00:00+00:00,7897.303
2024-01-18 16:00:00+00:00,7732.963
2024-01-18 17:00:00+00:00,7634.329
2024-01-18 18:00:00+00:00,7523.078
2024-01-18 19:00:00+00:00,7413.728
2024-01-18 20:00:00+00:00,7393.945
2024-01-18 21:00:00+00:00,7425.024
2024-01-18 22:00:00+00:00,7661.282
2024-01-18 23:00:00+00:00,7662.046
2024-01-19 00:00:00+00:00,7552.046
2024-01-19 01:00:00+00:00,7412.497
2024-01-19 02:00:00+00:00,7236.223
2024-01-19 03:00:00+00:00,6968.358
2024-01-19 04:00:00+00:00,6756.354
2024-01-19 05:00:00+00:00,6598.563
2024-01-19 06:00:00+00:00,6487.888
2024-01-19 07:00:00+00:00,6466.171
2024-01-19 08:00:00+00:00,6549.197
2024-01-19 09:00:00+00:00,6721.729
2024-01-19 10:00:00+00:00,6939.162
2024-01-19 11:00:00+00:00,7233.948
2024-01-19 12:00:00+00:00,7487.274
2024-01-19 13:00:00+00:00,7629.844
2024-01-19 14:00:00+00:00,7687.317
2024-01-19 15:00:00+00:00,7633.701
2024-01-19 16:00:00+00:00,7610.943
2024-01-19 17:00:00+00:00,7594.266
2024-01-19 18:00:00+00:00,7523.909
2024-01-19 19:00:00+00:00,7473.5
2024-01-19 20:00:00+00:00,7468.542
2024-01-19 21:00:00+00:00,7539.529
2024-01-19 22:00:00+00:00,7758.524
2024-01-19 23:00:00+00:00,7790.9
2024-01-20 00:00:00+00:00,7703.519
2024-01-20 01:00:00+00:00,7647.228
2024-01-20 02:00:00+00:00,7449.445
2024-01-20 03:00:00+00:00,7233.896
2024-01-20 04:00:00+00:00,7065.636
2024-01-20 05:00:00+00:00,6970.437
2024-01-20 06:00:00+00:00,6927.884
2024-01-20 07:00:00+00:00,6924.256
2024-01-20 08:00:00+00:00,6977.385
2024-01-20 09:00:00+00:00,7075.934
2024-01-20 10:00:00+00:00,7245.322
2024-01-20 11:00:00+00:00,7479.622
2024-01-20 12:00:00+00:00,7704.524
2024-01-20 13:00:00+00:00,7834.138
2024-01-20 14:00:00+00:00,7916.473
2024-01-20 15:00:00+00:00,7921.735
2024-01-20 16:00:00+00:00,7851.325
2024-01-20 17:00:00+00:00,7756.959
2024-01-20 18:00:00+00:00,7669.268
2024-01-20 19:00:00+00:00,7622.852
2024-01-20 20:00:00+00:00,7680.231
2024-01-20 21:00:00+00:00,7901.591
2024-01-20 22:00:00+00:00,8255.661
2024-01-20 23:00:00+00:00,8332.42
2024-01-21 00:00:00+00:00,8262.011
2024-01-21 01:00:00+00:00,8191.513
2024-01-21 02:00:00+00:00,7981.58
2024-01-21 03:00:00+00:00,7794.903
2024-01-21 04:00:00+00:00,7573.273
2024-01-21 05:00:00+00:00,7421.926
2024-01-21 06:00:00+00:00,7334.259
2024-01-21 07:00:00+00:00,7288.586
2024-01-21 08:00:00+00:00,7266.385
2024-01-21 09:00:00+00:00,7298.395
2024-01-21 10:00:00+00:00,7395.294
2024-01-21 11:00:00+00:00,7533.626
2024-01-21 12:00:00+00:00,7639.185
2024-01-21 13:00:00+00:00,7741.079
2024-01-21 14:00:00+00:00,7676.053
2024-01-21 15:00:00+00:00,7505.141
2024-01-21 16:00:00+00:00,7305.674
2024-01-21 17:00:00+00:00,7146.103
2024-01-21 18:00:00+00:00,6996.452
2024-01-21 19:00:00+00:00,6876.863
2024-01-21 20:00:00+00:00,6877.845
2024-01-21 21:00:00+00:00,7095.766
2024-01-21 22:00:00+00:00,7537.245
2024-01-21 23:00:00+00:00,7735.718
2024-01-22 00:00:00+00:00,7762.937
2024-01-22 01:00:00+00:00,7777.203
2024-01-22 02:00:00+00:00,7634.03
2024-01-22 03:00:00+00:00,7514.024
2024-01-22 04:00:00+00:00,7408.288
2024-01-22 05:00:00+00:00,7385.437
2024-01-22 06:00:00+00:00,7410.106
2024-01-22 07:00:00+00:00,7505.218
2024-01-22 08:00:00+00:00,7634.115
2024-01-22 09:00:00+00:00,7894.434
2024-01-22 10:00:00+00:00,8235.365
2024-01-22 11:00:00+00:00,8723.228
2024-01-22 12:00:00+00:00,8937.58
2024-01-22 13:00:00+00:00,8840.058
2024-01-22 14:00:00+00:00,8364.949
2024-01-22 15:00:00+00:00,7904.328
2024-01-22 16:00:00+00:00,7628.684
2024-01-22 17:00:00+00:00,7339.243
2024-01-22 18:00:00+00:00,7175.591
2024-01-22 19:00:00+00:00,7113.966
2024-01-22 20:00:00+00:00,7096.416
2024-01-22 21:00:00+00:00,7141.116
2024-01-22 22:00:00+00:00,7404.762
2024-01-22 23:00:00+00:00,7525.769
2024-01-23 00:00:00+00:00,7502.845
2024-01-23 01:00:00+00:00,7464.41
2024-01-23 02:00:00+00:00,7229.864
2024-01-23 03:00:00+00:00,6955.241
2024-01-23 04:00:00+00:00,6729.995
2024-01-23 05:00:00+00:00,6461.068
2024-01-23 06:00:00+00:00,6393.997
2024-01-23 07:00:00+00:00,6362.097
2024-01-23 08:00:00+00:00,6429.934
2024-01-23 09:00:00+00:00,6541.366
2024-01-23 10:00:00+00:00,6813.272
2024-01-23 11:00:00+00:00,7252.393
2024-01-23 12:00:00+00:00,7470.123
2024-01-23 13:00:00+00:00,7388.211
2024-01-23 14:00:00+00:00,7212.027
2024-01-23 15:00:00+00:00,6968.073
2024-01-23 16:00:00+00:00,6684.651
2024-01-23 17:00:00+00:00,6528.404
2024-01-23 18:00:00+00:00,6431.981
2024-01-23 19:00:00+00:00,6367.268
2024-01-23 20:00:00+00:00,6366.598
2024-01-23 21:00:00+00:00,6458.526
2024-01-23 22:00:00+00:00,6756.346
2024-01-23 23:00:00+00:00,6843.342
2024-01-24 00:00:00+00:00,6821.486
2024-01-24 01:00:00+00:00,6724.467
2024-01-24 02:00:00+00:00,6462.694
2024-01-24 03:00:00+00:00,6180.517
2024-01-24 04:00:00+00:00,5934.839
2024-01-24 05:00:00+00:00,5739.741
2024-01-24 06:00:00+00:00,5682.7
2024-01-24 07:00:00+00:00,5665.928
2024-01-24 08:00:00+00:00,5685.656
2024-01-24 09:00:00+00:00,5794.558
2024-01-24 10:00:00+00:00,6068.722
2024-01-24 11:00:00+00:00,6457.476
2024-01-24 12:00:00+00:00,6649.266
2024-01-24 13:00:00+00:00,6570.802
2024-01-24 14:00:00+00:00,6468.24
2024-01-24 15:00:00+00:00,6353.51
2024-01-24 16:00:00+00:00,6290.832
2024-01-24 17:00:00+00:00,6243.326
2024-01-24 18:00:00+00:00,6213.096
2024-01-24 19:00:00+00:00,6147.589
2024-01-24 20:00:00+00:00,6143.344
2024-01-24 21:00:00+00:00,6237.956
2024-01-24 22:00:00+00:00,6431.558
2024-01-24 23:00:00+00:00,6445.916
2024-01-25 00:00:00+00:00,6392.554
2024-01-25 01:00:00+00:00,6282.606
2024-01-25 02:00:00+00:00,6075.305
2024-01-25 03:00:00+00:00,5767.917
2024-01-25 04:00:00+00:00,5484.806
2024-01-25 05:00:00+00:00,5324.589
2024-01-25 06:00:00+00:00,5159.344
2024-01-25 07:00:00+00:00,5082.859
2024-01-25 08:00:00+00:00,5109.909
2024-01-25 09:00:00+00:00,5177.323
2024-01-25 10:00:00+00:00,5419.502
2024-01-25 11:00:00+00:00,5778.733
2024-01-25 12:00:00+00:00,5992.637
2024-01-25 13:00:00+00:00,5979.981
2024-01-25 14:00:00+00:00,5942.657
2024-01-25 15:00:00+00:00,5957.143
2024-01-25 16:00:00+00:00,5893.578
2024-01-25 17:00:00+00:00,5765.039
2024-01-25 18:00:00+00:00,5692.339
2024-01-25 19:00:00+00:00,5563.202
2024-01-25 20:00:00+00:00,5508.355
2024-01-25 21:00:00+00:00,5595.798
2024-01-25 22:00:00+00:00,5798.185
2024-01-25 23:00:00+00:00,5839.194
2024-01-26 00:00:00+00:00,5809.124
2024-01-26 01:00:00+00:00,5686.661
2024-01-26 02:00:00+00:00,5509.859
2024-01-26 03:00:00+00:00,5229.545
2024-01-26 04:00:00+00:00,4988.562
2024-01-26 05:00:00+00:00,4772.172
2024-01-26 06:00:00+00:00,4637.122
2024-01-26 07:00:00+00:00,4593.21
2024-01-26 08:00:00+00:00,4593.847
2024-01-26 09:00:00+00:00,4686.757
2024-01-26 10:00:00+00:00,4944.982
2024-01-26 11:00:00+00:00,5330.058
2024-01-26 12:00:00+00:00,5524.047
2024-01-26 13:00:00+00:00,5503.558
2024-01-26 14:00:00+00:00,5420.833
2024-01-26 15:00:00+00:00,5325.769
2024-01-26 16:00:00+00:00,5280.097
2024-01-26 17:00:00+00:00,5210.464
2024-01-26 18:00:00+00:00,5144.365
2024-01-26 19:00:00+00:00,5116.331
2024-01-26 20:00:00+00:00,5111.688
2024-01-26 21:00:00+00:00,5171.261
2024-01-26 22:00:00+00:00,5325.615
2024-01-26 23:00:00+00:00,5410.219
2024-01-27 00:00:00+00:00,5334.491
2024-01-27 01:00:00+00:00,5245.088
2024-01-27 02:00:00+00:00,5124.537
2024-01-27 03:00:00+00:00,4910.168
2024-01-27 04:00:00+00:00,4723.457
2024-01-27 05:00:00+00:00,4546.245
2024-01-27 06:00:00+00:00,4447.133
2024-01-27 07:00:00+00:00,4417.234
2024-01-27 08:00:00+00:00,4427.677
2024-01-27 09:00:00+00:00,4525.281
2024-01-27 10:00:00+00:00,4656.764
2024-01-27 11:00:00+00:00,4835.114
2024-01-27 12:00:00+00:00,5059.281
2024-01-27 13:00:00+00:00,5219.167
2024-01-27 14:00:00+00:00,5315.908
2024-01-27 15:00:00+00:00,5295.395
2024-01-27 16:00:00+00:00,5240.981
2024-01-27 17:00:00+00:00,5227.411
2024-01-27 18:00:00+00:00,5153.515
2024-01-27 19:00:00+00:00,5120.972
2024-01-27 20:00:00+00:00,5144.046
2024-01-27 21:00:00+00:00,5252.484
2024-01-27 22:00:00+00:00,5473.583
2024-01-27 23:00:00+00:00,5516.438
2024-01-28 00:00:00+00:00,5444.583
2024-01-28 01:00:00+00:00,5379.926
2024-01-28 02:00:00+00:00,5238.517
2024-01-28 03:00:00+00:00,5071.704
2024-01-28 04:00:00+00:00,4897.109
2024-01-28 05:00:00+00:00,4763.24
2024-01-28 06:00:00+00:00,4656.148
2024-01-28 07:00:00+00:00,4611.369
2024-01-28 08:00:00+00:00,4663.693
2024-01-28 09:00:00+00:00,4706.382
2024-01-28 10:00:00+00:00,4791.721
2024-01-28 11:00:00+00:00,4945.416
2024-01-28 12:00:00+00:00,5134.898
2024-01-28 13:00:00+00:00,5356.759
2024-01-28 14:00:00+00:00,5522.988
2024-01-28 15:00:00+00:00,5576.894
2024-01-28 16:00:00+00:00,5652.93
2024-01-28 17:00:00+00:00,5697.638
2024-01-28 18:00:00+00:00,5722.975
2024-01-28 19:00:00+00:00,5775.767
2024-01-28 20:00:00+00:00,5784.444
2024-01-28 21:00:00+00:00,5878.243
2024-01-28 22:00:00+00:00,6049.04
2024-01-28 23:00:00+00:00,6126.441
2024-01-29 00:00:00+00:00,6100.231
2024-01-29 01:00:00+00:00,6060.468
2024-01-29 02:00:00+00:00,5859.251
2024-01-29 03:00:00+00:00,5714.958
2024-01-29 04:00:00+00:00,5510.902
2024-01-29 05:00:00+00:00,5394.491
2024-01-29 06:00:00+00:00,5390.125
2024-01-29 07:00:00+00:00,5378.351
2024-01-29 08:00:00+00:00,5405.209
2024-01-29 09:00:00+00:00,5568.139
2024-01-29 10:00:00+00:00,5893.067
2024-01-29 11:00:00+00:00,6376.716
2024-01-29 12:00:00+00:00,6694.222
2024-01-29 13:00:00+00:00,6687.385
2024-01-29 14:00:00+00:00,6686.024
2024-01-29 15:00:00+00:00,6710.372
2024-01-29 16:00:00+00:00,6643.778
2024-01-29 17:00:00+00:00,6459.809
2024-01-29 18:00:00+00:00,6446.555
2024-01-29 19:00:00+00:00,6406.948
2024-01-29 20:00:00+00:00,6462.126
2024-01-29 21:00:00+00:00,6567.886
2024-01-29 22:00:00+00:00,6882.908
2024-01-29 23:00:00+00:00,6950.077
2024-01-30 00:00:00+00:00,6901.728
2024-01-30 01:00:00+00:00,6776.431
2024-01-30 02:00:00+00:00,6565.652
2024-01-30 03:00:00+00:00,6272.142
2024-01-30 04:00:00+00:00,6011.55
2024-01-30 05:00:00+00:00,5844.527
2024-01-30 06:00:00+00:00,5733.069
2024-01-30 07:00:00+00:00,5696.387
2024-01-30 08:00:00+00:00,5772.962
2024-01-30 09:00:00+00:00,5895.779
2024-01-30 10:00:00+00:00,6230.65
2024-01-30 11:00:00+00:00,6600.135
2024-01-30 12:00:00+00:00,6815.892
2024-01-30 13:00:00+00:00,6733.525
2024-01-30 14:00:00+00:00,6701.208
2024-01-30 15:00:00+00:00,6645.191
2024-01-30 16:00:00+00:00,6591.454
2024-01-30 17:00:00+00:00,6391.511
2024-01-30 18:00:00+00:00,6316.901
2024-01-30 19:00:00+00:00,6378.87
2024-01-30 20:00:00+00:00,6301.683
2024-01-30 21:00:00+00:00,6406.95
2024-01-30 22:00:00+00:00,6636.948
2024-01-30 23:00:00+00:00,6802.878
2024-01-31 00:00:00+00:00,6729.06
2024-01-31 01:00:00+00:00,6668.932
2024-01-31 02:00:00+00:00,6494.844
2024-01-31 03:00:00+00:00,6216.351
2024-01-31 04:00:00+00:00,5883.415
2024-01-31 05:00:00+00:00,5722.889
2024-01-31 06:00:00+00:00,5620.828
2024-01-31 07:00:00+00:00,5580.403
2024-01-31 08:00:00+00:00,5617.008
2024-01-31 09:00:00+00:00,5747.324
2024-01-31 10:00:00+00:00,6063.127
2024-01-31 11:00:00+00:00,6492.859
2024-01-31 12:00:00+00:00,6758.22
2024-01-31 13:00:00+00:00,6784.668
2024-01-31 14:00:00+00:00,6715.107
2024-01-31 15:00:00+00:00,6523.732
2024-01-31 16:00:00+00:00,6436.484
2024-01-31 17:00:00+00:00,6375.847
2024-01-31 18:00:00+00:00,6328.554
2024-01-31 19:00:00+00:00,6209.56
2024-01-31 20:00:00+00:00,6184.767
2024-01-31 21:00:00+00:00,6277.503
2024-01-31 22:00:00+00:00,6489.66
2024-01-31 23:00:00+00:00,6662.836
2024-02-01 00:00:00+00:00,6640.789
2024-02-01 01:00:00+00:00,6587.31
2024-02-01 02:00:00+00:00,6427.874
2024-02-01 03:00:00+00:00,6204.601
2024-02-01 04:00:00+00:00,5936.306
2024-02-01 05:00:00+00:00,5771.507
2024-02-01 06:00:00+00:00,5632.151
2024-02-01 07:00:00+00:00,5592.756
2024-02-01 08:00:00+00:00,5602.394
2024-02-01 09:00:00+00:00,5794.788
2024-02-01 10:00:00+00:00,6054.589
2024-02-01 11:00:00+00:00,6482.558
2024-02-01 12:00:00+00:00,6693.746
2024-02-01 13:00:00+00:00,6604.135
2024-02-01 14:00:00+00:00,6418.147
2024-02-01 15:00:00+00:00,6268.984
2024-02-01 16:00:00+00:00,6109.987
2024-02-01 17:00:00+00:00,5887.438
2024-02-01 18:00:00+00:00,5752.141
2024-02-01 19:00:00+00:00,5558.204
2024-02-01 20:00:00+00:00,5510.602
2024-02-01 21:00:00+00:00,5632.87
2024-02-01 22:00:00+00:00,5939.121
2024-02-01 23:00:00+00:00,6148.094
2024-02-02 00:00:00+00:00,6122.343
2024-02-02 01:00:00+00:00,6041.184
2024-02-02 02:00:00+00:00,5862.501
2024-02-02 03:00:00+00:00,5594.262
2024-02-02 04:00:00+00:00,5346.637
2024-02-02 05:00:00+00:00,5177.479
2024-02-02 06:00:00+00:00,5063.14
2024-02-02 07:00:00+00:00,5032.785
2024-02-02 08:00:00+00:00,5053.377
2024-02-02 09:00:00+00:00,5161.819
2024-02-02 10:00:00+00:00,5413.662
2024-02-02 11:00:00+00:00,5786.414
2024-02-02 12:00:00+00:00,6071.256
2024-02-02 13:00:00+00:00,6095.478
2024-02-02 14:00:00+00:00,6117.921
2024-02-02 15:00:00+00:00,6115.604
2024-02-02 16:00:00+00:00,6091.732
2024-02-02 17:00:00+00:00,6031.271
2024-02-02 18:00:00+00:00,5971.242
2024-02-02 19:00:00+00:00,5904.045
2024-02-02 20:00:00+00:00,5884.931
2024-02-02 21:00:00+00:00,5955.924
2024-02-02 22:00:00+00:00,6149.609
2024-02-02 23:00:00+00:00,6221.828
2024-02-03 00:00:00+00:00,6177.436
2024-02-03 01:00:00+00:00,6144.786
2024-02-03 02:00:00+00:00,6029.867
2024-02-03 03:00:00+00:00,5838.293
2024-02-03 04:00:00+00:00,5684.43
2024-02-03 05:00:00+00:00,5549.815
2024-02-03 06:00:00+00:00,5475.247
2024-02-03 07:00:00+00:00,5466.823
2024-02-03 08:00:00+00:00,5508.54
2024-02-03 09:00:00+00:00,5593.23
2024-02-03 10:00:00+00:00,5774.799
2024-02-03 11:00:00+00:00,5999.475
2024-02-03 12:00:00+00:00,6217.675
2024-02-03 13:00:00+00:00,6245.367
2024-02-03 14:00:00+00:00,6086.258
2024-02-03 15:00:00+00:00,5917.602
2024-02-03 16:00:00+00:00,5679.448
2024-02-03 17:00:00+00:00,5461.665
2024-02-03 18:00:00+00:00,5268.298
2024-02-03 19:00:00+00:00,5115.82
2024-02-03 20:00:00+00:00,5118.193
2024-02-03 21:00:00+00:00,5246.661
2024-02-03 22:00:00+00:00,5545.903
2024-02-03 23:00:00+00:00,5823.637
2024-02-04 00:00:00+00:00,5922.628
2024-02-04 01:00:00+00:00,5953.113
2024-02-04 02:00:00+00:00,5921.622
2024-02-04 03:00:00+00:00,5824.481
2024-02-04 04:00:00+00:00,5748.62
2024-02-04 05:00:00+00:00,5668.684
2024-02-04 06:00:00+00:00,5664.514
2024-02-04 07:00:00+00:00,5682.913
2024-02-04 08:00:00+00:00,5730.637
2024-02-04 09:00:00+00:00,5789.871
2024-02-04 10:00:00+00:00,5934.564
2024-02-04 11:00:00+00:00,6153.32
2024-02-04 12:00:00+00:00,6375.647
2024-02-04 13:00:00+00:00,6337.749
2024-02-04 14:00:00+00:00,6032.683
2024-02-04 15:00:00+00:00,5705.681
2024-02-04 16:00:00+00:00,5444.813
2024-02-04 17:00:00+00:00,5265.571
2024-02-04 18:00:00+00:00,5093.616
2024-02-04 19:00:00+00:00,4970.455
2024-02-04 20:00:00+00:00,4967.227
2024-02-04 21:00:00+00:00,5131.614
2024-02-04 22:00:00+00:00,5477.501
2024-02-04 23:00:00+00:00,5834.879
2024-02-05 00:00:00+00:00,5933.156
2024-02-05 01:00:00+00:00,5954.415
2024-02-05 02:00:00+00:00,5855.747
2024-02-05 03:00:00+00:00,5699.164
2024-02-05 04:00:00+00:00,5632.868
2024-02-05 05:00:00+00:00,5604.751
2024-02-05 06:00:00+00:00,5621.785
2024-02-05 07:00:00+00:00,5723.066
2024-02-05 08:00:00+00:00,5817.951
2024-02-05 09:00:00+00:00,6048.583
2024-02-05 10:00:00+00:00,6423.081
2024-02-05 11:00:00+00:00,6920.871
2024-02-05 12:00:00+00:00,7164.512
2024-02-05 13:00:00+00:00,6926.106
2024-02-05 14:00:00+00:00,6571.736
2024-02-05 15:00:00+00:00,6290.49
2024-02-05 16:00:00+00:00,6067.517
2024-02-05 17:00:00+00:00,5914.099
2024-02-05 18:00:00+00:00,5761.652
2024-02-05 19:00:00+00:00,5669.423
2024-02-05 20:00:00+00:00,5647.626
2024-02-05 21:00:00+00:00,5790.931
2024-02-05 22:00:00+00:00,6107.357
2024-02-05 23:00:00+00:00,6408.289
2024-02-06 00:00:00+00:00,6461.993
2024-02-06 01:00:00+00:00,6454.07
2024-02-06 02:00:00+00:00,6371.569
2024-02-06 03:00:00+00:00,6154.758
2024-02-06 04:00:00+00:00,6054.088
2024-02-06 05:00:00+00:00,6033.565
2024-02-06 06:00:00+00:00,5997.194
2024-02-06 07:00:00+00:00,6013.355
2024-02-06 08:00:00+00:00,6155.605
2024-02-06 09:00:00+00:00,6336.394
2024-02-06 10:00:00+00:00,6630.57
2024-02-06 11:00:00+00:00,7103.298
2024-02-06 12:00:00+00:00,7406.115
2024-02-06 13:00:00+00:00,7171.461
2024-02-06 14:00:00+00:00,6776.531
2024-02-06 15:00:00+00:00,6437.974
2024-02-06 16:00:00+00:00,6143.54
2024-02-06 17:00:00+00:00,6019.373
2024-02-06 18:00:00+00:00,5836.887
2024-02-06 19:00:00+00:00,5791.895
2024-02-06 20:00:00+00:00,5750.5
2024-02-06 21:00:00+00:00,5947.084
2024-02-06 22:00:00+00:00,6288.365
2024-02-06 23:00:00+00:00,6633.891
2024-02-07 00:00:00+00:00,6715.891
2024-02-07 01:00:00+00:00,6723.036
2024-02-07 02:00:00+00:00,6616.598
2024-02-07 03:00:00+00:00,6471.088
2024-02-07 04:00:00+00:00,6295.936
2024-02-07 05:00:00+00:00,6256.461
2024-02-07 06:00:00+00:00,6218.379
2024-02-07 07:00:00+00:00,6273.889
2024-02-07 08:00:00+00:00,6349.88
2024-02-07 09:00:00+00:00,6526.455
2024-02-07 10:00:00+00:00,6840.935
2024-02-07 11:00:00+00:00,7337.34
2024-02-07 12:00:00+00:00,7592.63
2024-02-07 13:00:00+00:00,7277.531
2024-02-07 14:00:00+00:00,6820.564
2024-02-07 15:00:00+00:00,6394.626
2024-02-07 16:00:00+00:00,6097.812
2024-02-07 17:00:00+00:00,5871.048
2024-02-07 18:00:00+00:00,5659.828
2024-02-07 19:00:00+00:00,5556.259
2024-02-07 20:00:00+00:00,5495.43
2024-02-07 21:00:00+00:00,5618.357
2024-02-07 22:00:00+00:00,5855.996
2024-02-07 23:00:00+00:00,6232.31
2024-02-08 00:00:00+00:00,6345.554
2024-02-08 01:00:00+00:00,6395.287
2024-02-08 02:00:00+00:00,6298.103
2024-02-08 03:00:00+00:00,6135.499
2024-02-08 04:00:00+00:00,5969.993
2024-02-08 05:00:00+00:00,5899.846
2024-02-08 06:00:00+00:00,5898.831
2024-02-08 07:00:00+00:00,5894.703
2024-02-08 08:00:00+00:00,5991.093
2024-02-08 09:00:00+00:00,6142.154
2024-02-08 10:00:00+00:00,6448.866
2024-02-08 11:00:00+00:00,6924.933
2024-02-08 12:00:00+00:00,7132.825
2024-02-08 13:00:00+00:00,6928.82
2024-02-08 14:00:00+00:00,6612.086
2024-02-08 15:00:00+00:00,6193.632
2024-02-08 16:00:00+00:00,5950.78
2024-02-08 17:00:00+00:00,5740.601
2024-02-08 18:00:00+00:00,5601.222
2024-02-08 19:00:00+00:00,5518.866
2024-02-08 20:00:00+00:00,5567.603
2024-02-08 21:00:00+00:00,5617.319
2024-02-08 22:00:00+00:00,5832.169
2024-02-08 23:00:00+00:00,6041.087
2024-02-09 00:00:00+00:00,6091.382
2024-02-09 01:00:00+00:00,6060.603
2024-02-09 02:00:00+00:00,5902.215
2024-02-09 03:00:00+00:00,5659.262
2024-02-09 04:00:00+00:00,5419.691
2024-02-09 05:00:00+00:00,5275.923
2024-02-09 06:00:00+00:00,5135.617
2024-02-09 07:00:00+00:00,5066.047
2024-02-09 08:00:00+00:00,5077.229
2024-02-09 09:00:00+00:00,5179.879
2024-02-09 10:00:00+00:00,5430.019
2024-02-09 11:00:00+00:00,5842.501
2024-02-09 12:00:00+00:00,6064.107
2024-02-09 13:00:00+00:00,6005.406
2024-02-09 14:00:00+00:00,5836.606
2024-02-09 15:00:00+00:00,5615.47
2024-02-09 16:00:00+00:00,5459.551
2024-02-09 17:00:00+00:00,5292.916
2024-02-09 18:00:00+00:00,5184.167
2024-02-09 19:00:00+00:00,5106.701
2024-02-09 20:00:00+00:00,5052.525
2024-02-09 21:00:00+00:00,5139.972
2024-02-09 22:00:00+00:00,5293.81
2024-02-09 23:00:00+00:00,5423.507
2024-02-10 00:00:00+00:00,5401.345
2024-02-10 01:00:00+00:00,5338.726
2024-02-10 02:00:00+00:00,5205.364
2024-02-10 03:00:00+00:00,5027.33
2024-02-10 04:00:00+00:00,4848.372
2024-02-10 05:00:00+00:00,4699.003
2024-02-10 06:00:00+00:00,4587.57
2024-02-10 07:00:00+00:00,4542.184
2024-02-10 08:00:00+00:00,4517.141
2024-02-10 09:00:00+00:00,4541.574
2024-02-10 10:00:00+00:00,4637.771
2024-02-10 11:00:00+00:00,4798.674
2024-02-10 12:00:00+00:00,4980.608
2024-02-10 13:00:00+00:00,5126.028
2024-02-10 14:00:00+00:00,5237.645
2024-02-10 15:00:00+00:00,5272.831
2024-02-10 16:00:00+00:00,5246.377
2024-02-10 17:00:00+00:00,5108.562
2024-02-10 18:00:00+00:00,4975.157
2024-02-10 19:00:00+00:00,4900.377
2024-02-10 20:00:00+00:00,4852.279
2024-02-10 21:00:00+00:00,4928.338
2024-02-10 22:00:00+00:00,5081.456
2024-02-10 23:00:00+00:00,5197.348
2024-02-11 00:00:00+00:00,5167.062
2024-02-11 01:00:00+00:00,5063.92
2024-02-11 02:00:00+00:00,4896.211
2024-02-11 03:00:00+00:00,4736.42
2024-02-11 04:00:00+00:00,4544.545
2024-02-11 05:00:00+00:00,4403.348
2024-02-11 06:00:00+00:00,4338.434
2024-02-11 07:00:00+00:00,4285.364
2024-02-11 08:00:00+00:00,4281.624
2024-02-11 09:00:00+00:00,4308.285
2024-02-11 10:00:00+00:00,4401.886
2024-02-11 11:00:00+00:00,4552.914
2024-02-11 12:00:00+00:00,4780.334
2024-02-11 13:00:00+00:00,5014.706
2024-02-11 14:00:00+00:00,5220.365
2024-02-11 15:00:00+00:00,5289.091
2024-02-11 16:00:00+00:00,5336.011
2024-02-11 17:00:00+00:00,5307.118
2024-02-11 18:00:00+00:00,5252.667
2024-02-11 19:00:00+00:00,5211.359
2024-02-11 20:00:00+00:00,5220.351
2024-02-11 21:00:00+00:00,5320.369
2024-02-11 22:00:00+00:00,5494.276
2024-02-11 23:00:00+00:00,5550.499
2024-02-12 00:00:00+00:00,5414.615
2024-02-12 01:00:00+00:00,5344.225
2024-02-12 02:00:00+00:00,5251.054
2024-02-12 03:00:00+00:00,5114.465
2024-02-12 04:00:00+00:00,5094.355
2024-02-12 05:00:00+00:00,4986.054
2024-02-12 06:00:00+00:00,4909.777
2024-02-12 07:00:00+00:00,4905.136
2024-02-12 08:00:00+00:00,4958.503
2024-02-12 09:00:00+00:00,5101.783
2024-02-12 10:00:00+00:00,5403.995
2024-02-12 11:00:00+00:00,5861.878
2024-02-12 12:00:00+00:00,6082.353
2024-02-12 13:00:00+00:00,6119.214
2024-02-12 14:00:00+00:00,6104.624
2024-02-12 15:00:00+00:00,6036.138
2024-02-12 16:00:00+00:00,5949.368
2024-02-12 17:00:00+00:00,5866.247
2024-02-12 18:00:00+00:00,5784.761
2024-02-12 19:00:00+00:00,5758.022
2024-02-12 20:00:00+00:00,5753.372
2024-02-12 21:00:00+00:00,5851.719
2024-02-12 22:00:00+00:00,6024.519
2024-02-12 23:00:00+00:00,6145.342
2024-02-13 00:00:00+00:00,6106.507
2024-02-13 01:00:00+00:00,6080.747
2024-02-13 02:00:00+00:00,5888.894
2024-02-13 03:00:00+00:00,5627.156
2024-02-13 04:00:00+00:00,5425.873
2024-02-13 05:00:00+00:00,5285.637
2024-02-13 06:00:00+00:00,5220.216
2024-02-13 07:00:00+00:00,5217.976
2024-02-13 08:00:00+00:00,5276.092
2024-02-13 09:00:00+00:00,5451.935
2024-02-13 10:00:00+00:00,5782.74
2024-02-13 11:00:00+00:00,6201.977
2024-02-13 12:00:00+00:00,6497.759
2024-02-13 13:00:00+00:00,6597.174
2024-02-13 14:00:00+00:00,6568.645
2024-02-13 15:00:00+00:00,6446.692
2024-02-13 16:00:00+00:00,6304.463
2024-02-13 17:00:00+00:00,6133.351
2024-02-13 18:00:00+00:00,6050.1
2024-02-13 19:00:00+00:00,6023.993
2024-02-13 20:00:00+00:00,6086.446
2024-02-13 21:00:00+00:00,6156.269
2024-02-13 22:00:00+00:00,6389.305
2024-02-13 23:00:00+00:00,6568.064
2024-02-14 00:00:00+00:00,6561.273
2024-02-14 01:00:00+00:00,6498.169
2024-02-14 02:00:00+00:00,6268.192
2024-02-14 03:00:00+00:00,6014.075
2024-02-14 04:00:00+00:00,5827.973
2024-02-14 05:00:00+00:00,5693.102
2024-02-14 06:00:00+00:00,5631.231
2024-02-14 07:00:00+00:00,5607.78
2024-02-14 08:00:00+00:00,5668.497
2024-02-14 09:00:00+00:00,5847.209
2024-02-14 10:00:00+00:00,6165.588
2024-02-14 11:00:00+00:00,6588.733
2024-02-14 12:00:00+00:00,6854.976
2024-02-14 13:00:00+00:00,6796.252
2024-02-14 14:00:00+00:00,6591.115
2024-02-14 15:00:00+00:00,6499.124
2024-02-14 16:00:00+00:00,6363.066
2024-02-14 17:00:00+00:00,6172.147
2024-02-14 18:00:00+00:00,5999.799
2024-02-14 19:00:00+00:00,5832.807
2024-02-14 20:00:00+00:00,5745.319
2024-02-14 21:00:00+00:00,5866.308
2024-02-14 22:00:00+00:00,6203.719
2024-02-14 23:00:00+00:00,6521.918
2024-02-15 00:00:00+00:00,6647.25
2024-02-15 01:00:00+00:00,6645.676
2024-02-15 02:00:00+00:00,6573.953
2024-02-15 03:00:00+00:00,6374.707
2024-02-15 04:00:00+00:00,6219.07
2024-02-15 05:00:00+00:00,6117.314
2024-02-15 06:00:00+00:00,6126.301
2024-02-15 07:00:00+00:00,6163.477
2024-02-15 08:00:00+00:00,6240.222
2024-02-15 09:00:00+00:00,6470.339
2024-02-15 10:00:00+00:00,6779.308
2024-02-15 11:00:00+00:00,7270.095
2024-02-15 12:00:00+00:00,7473.82
2024-02-15 13:00:00+00:00,7196.903
2024-02-15 14:00:00+00:00,6853.913
2024-02-15 15:00:00+00:00,6600.022
2024-02-15 16:00:00+00:00,6284.553
2024-02-15 17:00:00+00:00,6075.921
2024-02-15 18:00:00+00:00,5847.813
2024-02-15 19:00:00+00:00,5763.205
2024-02-15 20:00:00+00:00,5743.712
2024-02-15 21:00:00+00:00,5867.6
2024-02-15 22:00:00+00:00,6093.493
2024-02-15 23:00:00+00:00,6243.451
2024-02-16 00:00:00+00:00,6252.273
2024-02-16 01:00:00+00:00,6154.213
2024-02-16 02:00:00+00:00,5999.321
2024-02-16 03:00:00+00:00,5771.731
2024-02-16 04:00:00+00:00,5604.2
2024-02-16 05:00:00+00:00,5503.086
2024-02-16 06:00:00+00:00,5479.878
2024-02-16 07:00:00+00:00,5496.069
2024-02-16 08:00:00+00:00,5562.415
2024-02-16 09:00:00+00:00,5739.108
2024-02-16 10:00:00+00:00,6036.607
2024-02-16 11:00:00+00:00,6478.089
2024-02-16 12:00:00+00:00,6702.799
2024-02-16 13:00:00+00:00,6563.931
2024-02-16 14:00:00+00:00,6358.832
2024-02-16 15:00:00+00:00,6204.254
2024-02-16 16:00:00+00:00,6004.504
2024-02-16 17:00:00+00:00,5840.372
2024-02-16 18:00:00+00:00,5684.164
2024-02-16 19:00:00+00:00,5612.461
2024-02-16 20:00:00+00:00,5606.177
2024-02-16 21:00:00+00:00,5834.198
2024-02-16 22:00:00+00:00,6079.434
2024-02-16 23:00:00+00:00,6295.331
2024-02-17 00:00:00+00:00,6290.376
2024-02-17 01:00:00+00:00,6275.838
2024-02-17 02:00:00+00:00,6189.919
2024-02-17 03:00:00+00:00,6011.671
2024-02-17 04:00:00+00:00,5880.509
2024-02-17 05:00:00+00:00,5779.842
2024-02-17 06:00:00+00:00,5714.305
2024-02-17 07:00:00+00:00,5710.268
2024-02-17 08:00:00+00:00,5741.012
2024-02-17 09:00:00+00:00,5782.596
2024-02-17 10:00:00+00:00,5893.544
2024-02-17 11:00:00+00:00,6094.51
2024-02-17 12:00:00+00:00,6268.264
2024-02-17 13:00:00+00:00,6445.86
2024-02-17 14:00:00+00:00,6484.641
2024-02-17 15:00:00+00:00,6519.461
2024-02-17 16:00:00+00:00,6521.555
2024-02-17 17:00:00+00:00,6460.803
2024-02-17 18:00:00+00:00,6371.42
2024-02-17 19:00:00+00:00,6325.852
2024-02-17 20:00:00+00:00,6334.729
2024-02-17 21:00:00+00:00,6458.893
2024-02-17 22:00:00+00:00,6697.003
2024-02-17 23:00:00+00:00,6950.38
2024-02-18 00:00:00+00:00,6959.028
2024-02-18 01:00:00+00:00,6902.171
2024-02-18 02:00:00+00:00,6776.983
2024-02-18 03:00:00+00:00,6635.718
2024-02-18 04:00:00+00:00,6489.1
2024-02-18 05:00:00+00:00,6396.632
2024-02-18 06:00:00+00:00,6359.899
2024-02-18 07:00:00+00:00,6357.737
2024-02-18 08:00:00+00:00,6405.014
2024-02-18 09:00:00+00:00,6465.572
2024-02-18 10:00:00+00:00,6566.05
2024-02-18 11:00:00+00:00,6769.081
2024-02-18 12:00:00+00:00,6913.207
2024-02-18 13:00:00+00:00,6851.123
2024-02-18 14:00:00+00:00,6673.747
2024-02-18 15:00:00+00:00,6451.928
2024-02-18 16:00:00+00:00,6246.461
2024-02-18 17:00:00+00:00,6079.819
2024-02-18 18:00:00+00:00,5886.294
2024-02-18 19:00:00+00:00,5742.831
2024-02-18 20:00:00+00:00,5705.559
2024-02-18 21:00:00+00:00,5822.099
2024-02-18 22:00:00+00:00,6117.71
2024-02-18 23:00:00+00:00,6426.76
2024-02-19 00:00:00+00:00,6470.835
2024-02-19 01:00:00+00:00,6432.16
2024-02-19 02:00:00+00:00,6291.087
2024-02-19 03:00:00+00:00,6112.492
2024-02-19 04:00:00+00:00,5953.688
2024-02-19 05:00:00+00:00,5862.015
2024-02-19 06:00:00+00:00,5841.067
2024-02-19 07:00:00+00:00,5890.114
2024-02-19 08:00:00+00:00,5984.279
2024-02-19 09:00:00+00:00,6133.436
2024-02-19 10:00:00+00:00,6420.432
2024-02-19 11:00:00+00:00,6841.883
2024-02-19 12:00:00+00:00,7047.619
2024-02-19 13:00:00+00:00,6872.941
2024-02-19 14:00:00+00:00,6617.647
2024-02-19 15:00:00+00:00,6371.396
2024-02-19 16:00:00+00:00,6195.494
2024-02-19 17:00:00+00:00,5997.399
2024-02-19 18:00:00+00:00,5838.103
2024-02-19 19:00:00+00:00,5709.219
2024-02-19 20:00:00+00:00,5646.69
2024-02-19 21:00:00+00:00,5721.927
2024-02-19 22:00:00+00:00,5992.431
2024-02-19 23:00:00+00:00,6362.49
2024-02-20 00:00:00+00:00,6500.426
2024-02-20 01:00:00+00:00,6525.411
2024-02-20 02:00:00+00:00,6459.197
2024-02-20 03:00:00+00:00,6285.349
2024-02-20 04:00:00+00:00,6195.505
2024-02-20 05:00:00+00:00,6147.069
2024-02-20 06:00:00+00:00,6162.845
2024-02-20 07:00:00+00:00,6211.796
2024-02-20 08:00:00+00:00,6326.147
2024-02-20 09:00:00+00:00,6495.898
2024-02-20 10:00:00+00:00,6841.897
2024-02-20 11:00:00+00:00,7365.881
2024-02-20 12:00:00+00:00,7512.292
2024-02-20 13:00:00+00:00,7195.36
2024-02-20 14:00:00+00:00,6794.384
2024-02-20 15:00:00+00:00,6407.161
2024-02-20 16:00:00+00:00,6150.294
2024-02-20 17:00:00+00:00,5923.333
2024-02-20 18:00:00+00:00,5754.522
2024-02-20 19:00:00+00:00,5610.619
2024-02-20 20:00:00+00:00,5518.683
2024-02-20 21:00:00+00:00,5678.498
2024-02-20 22:00:00+00:00,5981.661
2024-02-20 23:00:00+00:00,6247.145
2024-02-21 00:00:00+00:00,6368.027
2024-02-21 01:00:00+00:00,6375.803
2024-02-21 02:00:00+00:00,6265.647
2024-02-21 03:00:00+00:00,6075.729
2024-02-21 04:00:00+00:00,5976.012
2024-02-21 05:00:00+00:00,5842.887
2024-02-21 06:00:00+00:00,5865.412
2024-02-21 07:00:00+00:00,5971.009
2024-02-21 08:00:00+00:00,6064.395
2024-02-21 09:00:00+00:00,6271.562
2024-02-21 10:00:00+00:00,6608.432
2024-02-21 11:00:00+00:00,7129.407
2024-02-21 12:00:00+00:00,7312.288
2024-02-21 13:00:00+00:00,6989.214
2024-02-21 14:00:00+00:00,6573.796
2024-02-21 15:00:00+00:00,6207.252
2024-02-21 16:00:00+00:00,5857.941
2024-02-21 17:00:00+00:00,5683.285
2024-02-21 18:00:00+00:00,5567.673
2024-02-21 19:00:00+00:00,5444.537
2024-02-21 20:00:00+00:00,5424.875
2024-02-21 21:00:00+00:00,5506.05
2024-02-21 22:00:00+00:00,5745.181
2024-02-21 23:00:00+00:00,6090.778
2024-02-22 00:00:00+00:00,6177.758
2024-02-22 01:00:00+00:00,6162.242
2024-02-22 02:00:00+00:00,6028.711
2024-02-22 03:00:00+00:00,5805.778
2024-02-22 04:00:00+00:00,5626.675
2024-02-22 05:00:00+00:00,5556.012
2024-02-22 06:00:00+00:00,5528.276
2024-02-22 07:00:00+00:00,5498.02
2024-02-22 08:00:00+00:00,5523.631
2024-02-22 09:00:00+00:00,5655.514
2024-02-22 10:00:00+00:00,5961.751
2024-02-22 11:00:00+00:00,6410.229
2024-02-22 12:00:00+00:00,6578.155
2024-02-22 13:00:00+00:00,6500.034
2024-02-22 14:00:00+00:00,6374.087
2024-02-22 15:00:00+00:00,6339.14
2024-02-22 16:00:00+00:00,6331.366
2024-02-22 17:00:00+00:00,6309.305
2024-02-22 18:00:00+00:00,6281.128
2024-02-22 19:00:00+00:00,6201.97
2024-02-22 20:00:00+00:00,6162.54
2024-02-22 21:00:00+00:00,6266.43
2024-02-22 22:00:00+00:00,6399.859
2024-02-22 23:00:00+00:00,6445.168
2024-02-23 00:00:00+00:00,6382.286
2024-02-23 01:00:00+00:00,6256.259
2024-02-23 02:00:00+00:00,6012.471
2024-02-23 03:00:00+00:00,5729.818
2024-02-23 04:00:00+00:00,5486.236
2024-02-23 05:00:00+00:00,5332.466
2024-02-23 06:00:00+00:00,5207.008
2024-02-23 07:00:00+00:00,5157.741
2024-02-23 08:00:00+00:00,5169.924
2024-02-23 09:00:00+00:00,5258.609
2024-02-23 10:00:00+00:00,5525.378
2024-02-23 11:00:00+00:00,5948.395
2024-02-23 12:00:00+00:00,6117.659
2024-02-23 13:00:00+00:00,6108.828
2024-02-23 14:00:00+00:00,6060.208
2024-02-23 15:00:00+00:00,6006.104
2024-02-23 16:00:00+00:00,5890.302
2024-02-23 17:00:00+00:00,5697.264
2024-02-23 18:00:00+00:00,5567.675
2024-02-23 19:00:00+00:00,5430.879
2024-02-23 20:00:00+00:00,5366.906
2024-02-23 21:00:00+00:00,5421.363
2024-02-23 22:00:00+00:00,5544.911
2024-02-23 23:00:00+00:00,5752.95
2024-02-24 00:00:00+00:00,5780.052
2024-02-24 01:00:00+00:00,5744.321
2024-02-24 02:00:00+00:00,5636.394
2024-02-24 03:00:00+00:00,5456.816
2024-02-24 04:00:00+00:00,5253.652
2024-02-24 05:00:00+00:00,5103.403
2024-02-24 06:00:00+00:00,5034.103
2024-02-24 07:00:00+00:00,4987.346
2024-02-24 08:00:00+00:00,5008.886
2024-02-24 09:00:00+00:00,5079.864
2024-02-24 10:00:00+00:00,5224.275
2024-02-24 11:00:00+00:00,5431.856
2024-02-24 12:00:00+00:00,5632.497
2024-02-24 13:00:00+00:00,5826.861
2024-02-24 14:00:00+00:00,5965.146
2024-02-24 15:00:00+00:00,6040.0
2024-02-24 16:00:00+00:00,6006.788
2024-02-24 17:00:00+00:00,5868.986
2024-02-24 18:00:00+00:00,5770.264
2024-02-24 19:00:00+00:00,5714.291
2024-02-24 20:00:00+00:00,5739.958
2024-02-24 21:00:00+00:00,5818.614
2024-02-24 22:00:00+00:00,5998.427
2024-02-24 23:00:00+00:00,6265.093
2024-02-25 00:00:00+00:00,6344.768
2024-02-25 01:00:00+00:00,6341.217
2024-02-25 02:00:00+00:00,6294.757
2024-02-25 03:00:00+00:00,6182.197
2024-02-25 04:00:00+00:00,6058.879
2024-02-25 05:00:00+00:00,5986.368
2024-02-25 06:00:00+00:00,5970.012
2024-02-25 07:00:00+00:00,5990.798
2024-02-25 08:00:00+00:00,6028.375
2024-02-25 09:00:00+00:00,6163.604
2024-02-25 10:00:00+00:00,6337.403
2024-02-25 11:00:00+00:00,6545.319
2024-02-25 12:00:00+00:00,6685.177
2024-02-25 13:00:00+00:00,6565.986
2024-02-25 14:00:00+00:00,6296.23
2024-02-25 15:00:00+00:00,6025.498
2024-02-25 16:00:00+00:00,5822.928
2024-02-25 17:00:00+00:00,5614.078
2024-02-25 18:00:00+00:00,5391.343
2024-02-25 19:00:00+00:00,5265.879
2024-02-25 20:00:00+00:00,5244.599
2024-02-25 21:00:00+00:00,5345.357
2024-02-25 22:00:00+00:00,5608.283
2024-02-25 23:00:00+00:00,6000.317
2024-02-26 00:00:00+00:00,6135.006
2024-02-26 01:00:00+00:00,6121.303
2024-02-26 02:00:00+00:00,6010.771
2024-02-26 03:00:00+00:00,5829.433
2024-02-26 04:00:00+00:00,5649.699
2024-02-26 05:00:00+00:00,5550.969
2024-02-26 06:00:00+00:00,5524.056
2024-02-26 07:00:00+00:00,5507.995
2024-02-26 08:00:00+00:00,5557.318
2024-02-26 09:00:00+00:00,5770.004
2024-02-26 10:00:00+00:00,6074.439
2024-02-26 11:00:00+00:00,6606.842
2024-02-26 12:00:00+00:00,6734.784
2024-02-26 13:00:00+00:00,6461.001
2024-02-26 14:00:00+00:00,6068.824
2024-02-26 15:00:00+00:00,5789.438
2024-02-26 16:00:00+00:00,5499.032
2024-02-26 17:00:00+00:00,5370.935
2024-02-26 18:00:00+00:00,5180.333
2024-02-26 19:00:00+00:00,5109.515
2024-02-26 20:00:00+00:00,5062.148
2024-02-26 21:00:00+00:00,5114.116
2024-02-26 22:00:00+00:00,5285.652
2024-02-26 23:00:00+00:00,5546.018
2024-02-27 00:00:00+00:00,5603.956
2024-02-27 01:00:00+00:00,5517.361
2024-02-27 02:00:00+00:00,5361.544
2024-02-27 03:00:00+00:00,5095.277
2024-02-27 04:00:00+00:00,4989.937
2024-02-27 05:00:00+00:00,4862.068
2024-02-27 06:00:00+00:00,4835.851
2024-02-27 07:00:00+00:00,4857.658
2024-02-27 08:00:00+00:00,4885.623
2024-02-27 09:00:00+00:00,5109.2
2024-02-27 10:00:00+00:00,5365.788
2024-02-27 11:00:00+00:00,5845.491
2024-02-27 12:00:00+00:00,6015.653
2024-02-27 13:00:00+00:00,5875.817
2024-02-27 14:00:00+00:00,5633.002
2024-02-27 15:00:00+00:00,5668.172
2024-02-27 16:00:00+00:00,5703.055
2024-02-27 17:00:00+00:00,5694.563
2024-02-27 18:00:00+00:00,5539.929
2024-02-27 19:00:00+00:00,5479.713
2024-02-27 20:00:00+00:00,5415.379
2024-02-27 21:00:00+00:00,5431.986
2024-02-27 22:00:00+00:00,5623.907
2024-02-27 23:00:00+00:00,5788.587
2024-02-28 00:00:00+00:00,5678.716
2024-02-28 01:00:00+00:00,5570.132
2024-02-28 02:00:00+00:00,5389.232
2024-02-28 03:00:00+00:00,5120.891
2024-02-28 04:00:00+00:00,4919.997
2024-02-28 05:00:00+00:00,4682.455
2024-02-28 06:00:00+00:00,4586.841
2024-02-28 07:00:00+00:00,4543.967
2024-02-28 08:00:00+00:00,4505.608
2024-02-28 09:00:00+00:00,4566.125
2024-02-28 10:00:00+00:00,4802.454
2024-02-28 11:00:00+00:00,5187.113
2024-02-28 12:00:00+00:00,5370.753
2024-02-28 13:00:00+00:00,5433.02
2024-02-28 14:00:00+00:00,5435.723
2024-02-28 15:00:00+00:00,5485.357
2024-02-28 16:00:00+00:00,5529.19
2024-02-28 17:00:00+00:00,5502.773
2024-02-28 18:00:00+00:00,5508.665
2024-02-28 19:00:00+00:00,5456.178
2024-02-28 20:00:00+00:00,5508.293
2024-02-28 21:00:00+00:00,5638.271
2024-02-28 22:00:00+00:00,5822.027
2024-02-28 23:00:00+00:00,5953.277
2024-02-29 00:00:00+00:00,6086.209
2024-02-29 01:00:00+00:00,6100.165
2024-02-29 02:00:00+00:00,6099.098
2024-02-29 03:00:00+00:00,5893.044
2024-02-29 04:00:00+00:00,5809.581
2024-02-29 05:00:00+00:00,5716.328
2024-02-29 06:00:00+00:00,5701.589
2024-02-29 07:00:00+00:00,5779.218
2024-02-29 08:00:00+00:00,5876.28
2024-02-29 09:00:00+00:00,6043.879
2024-02-29 10:00:00+00:00,6402.16
2024-02-29 11:00:00+00:00,6957.705
2024-02-29 12:00:00+00:00,7104.325
2024-02-29 13:00:00+00:00,6890.148
2024-02-29 14:00:00+00:00,6644.795
2024-02-29 15:00:00+00:00,6428.137
2024-02-29 16:00:00+00:00,6236.544
2024-02-29 17:00:00+00:00,6051.757
2024-02-29 18:00:00+00:00,5934.529
2024-02-29 19:00:00+00:00,5755.156
2024-02-29 20:00:00+00:00,5707.178
2024-02-29 21:00:00+00:00,5821.854
2024-02-29 22:00:00+00:00,6097.46
2024-02-29 23:00:00+00:00,6482.681
2024-03-01 00:00:00+00:00,6614.366
2024-03-01 01:00:00+00:00,6645.15
2024-03-01 02:00:00+00:00,6538.577
2024-03-01 03:00:00+00:00,6307.512
2024-03-01 04:00:00+00:00,6134.144
2024-03-01 05:00:00+00:00,6048.922
2024-03-01 06:00:00+00:00,6013.621
2024-03-01 07:00:00+00:00,6021.002
2024-03-01 08:00:00+00:00,6097.648
2024-03-01 09:00:00+00:00,6251.24
2024-03-01 10:00:00+00:00,6550.589
2024-03-01 11:00:00+00:00,7015.501
2024-03-01 12:00:00+00:00,7111.6
2024-03-01 13:00:00+00:00,6736.759
2024-03-01 14:00:00+00:00,6324.454
2024-03-01 15:00:00+00:00,6014.356
2024-03-01 16:00:00+00:00,5815.837
2024-03-01 17:00:00+00:00,5661.59
2024-03-01 18:00:00+00:00,5607.027
2024-03-01 19:00:00+00:00,5564.998
2024-03-01 20:00:00+00:00,5635.492
2024-03-01 21:00:00+00:00,5767.224
2024-03-01 22:00:00+00:00,5868.487
2024-03-01 23:00:00+00:00,5990.693
2024-03-02 00:00:00+00:00,5970.76
2024-03-02 01:00:00+00:00,5914.901
2024-03-02 02:00:00+00:00,5769.065
2024-03-02 03:00:00+00:00,5545.184
2024-03-02 04:00:00+00:00,5336.647
2024-03-02 05:00:00+00:00,5129.917
2024-03-02 06:00:00+00:00,5045.881
2024-03-02 07:00:00+00:00,4986.416
2024-03-02 08:00:00+00:00,4959.923
2024-03-02 09:00:00+00:00,5001.909
2024-03-02 10:00:00+00:00,5068.219
2024-03-02 11:00:00+00:00,5263.366
2024-03-02 12:00:00+00:00,5412.86
2024-03-02 13:00:00+00:00,5577.963
2024-03-02 14:00:00+00:00,5654.035
2024-03-02 15:00:00+00:00,5666.92
2024-03-02 16:00:00+00:00,5600.026
2024-03-02 17:00:00+00:00,5495.223
2024-03-02 18:00:00+00:00,5362.116
2024-03-02 19:00:00+00:00,5257.628
2024-03-02 20:00:00+00:00,5237.402
2024-03-02 21:00:00+00:00,5248.969
2024-03-02 22:00:00+00:00,5340.535
2024-03-02 23:00:00+00:00,5476.491
2024-03-03 00:00:00+00:00,5475.866
2024-03-03 01:00:00+00:00,5430.363
2024-03-03 02:00:00+00:00,5313.811
2024-03-03 03:00:00+00:00,5099.726
2024-03-03 04:00:00+00:00,4940.646
2024-03-03 05:00:00+00:00,4794.059
2024-03-03 06:00:00+00:00,4673.092
2024-03-03 07:00:00+00:00,4633.95
2024-03-03 08:00:00+00:00,4623.342
2024-03-03 09:00:00+00:00,4677.168
2024-03-03 10:00:00+00:00,4778.536
2024-03-03 11:00:00+00:00,4933.853
2024-03-03 12:00:00+00:00,5069.912
2024-03-03 13:00:00+00:00,5093.189
2024-03-03 14:00:00+00:00,4987.18
2024-03-03 15:00:00+00:00,4840.814
2024-03-03 16:00:00+00:00,4740.888
2024-03-03 17:00:00+00:00,4686.064
2024-03-03 18:00:00+00:00,4614.006
2024-03-03 19:00:00+00:00,4604.03
2024-03-03 20:00:00+00:00,4621.67
2024-03-03 21:00:00+00:00,4709.276
2024-03-03 22:00:00+00:00,4861.363
2024-03-03 23:00:00+00:00,5074.537
2024-03-04 00:00:00+00:00,5173.752
2024-03-04 01:00:00+00:00,5111.001
2024-03-04 02:00:00+00:00,4926.849
2024-03-04 03:00:00+00:00,4740.571
2024-03-04 04:00:00+00:00,4578.248
2024-03-04 05:00:00+00:00,4501.329
2024-03-04 06:00:00+00:00,4486.159
2024-03-04 07:00:00+00:00,4554.996
2024-03-04 08:00:00+00:00,4626.492
2024-03-04 09:00:00+00:00,4862.88
2024-03-04 10:00:00+00:00,5179.911
2024-03-04 11:00:00+00:00,5626.866
2024-03-04 12:00:00+00:00,5771.396
2024-03-04 13:00:00+00:00,5592.863
2024-03-04 14:00:00+00:00,5347.942
2024-03-04 15:00:00+00:00,5205.587
2024-03-04 16:00:00+00:00,5097.431
2024-03-04 17:00:00+00:00,5138.377
2024-03-04 18:00:00+00:00,5067.989
2024-03-04 19:00:00+00:00,5037.298
2024-03-04 20:00:00+00:00,5049.94
2024-03-04 21:00:00+00:00,5129.194
2024-03-04 22:00:00+00:00,5283.274
2024-03-04 23:00:00+00:00,5460.271
2024-03-05 00:00:00+00:00,5470.76
2024-03-05 01:00:00+00:00,5332.114
2024-03-05 02:00:00+00:00,5156.106
2024-03-05 03:00:00+00:00,4875.136
2024-03-05 04:00:00+00:00,4658.214
2024-03-05 05:00:00+00:00,4508.249
2024-03-05 06:00:00+00:00,4418.53
2024-03-05 07:00:00+00:00,4398.835
2024-03-05 08:00:00+00:00,4407.64
2024-03-05 09:00:00+00:00,4573.833
2024-03-05 10:00:00+00:00,4802.247
2024-03-05 11:00:00+00:00,5274.284
2024-03-05 12:00:00+00:00,5467.675
2024-03-05 13:00:00+00:00,5420.475
2024-03-05 14:00:00+00:00,5440.063
2024-03-05 15:00:00+00:00,5429.765
2024-03-05 16:00:00+00:00,5352.051
2024-03-05 17:00:00+00:00,5275.422
2024-03-05 18:00:00+00:00,5212.158
2024-03-05 19:00:00+00:00,5239.098
2024-03-05 20:00:00+00:00,5244.82
2024-03-05 21:00:00+00:00,5335.517
2024-03-05 22:00:00+00:00,5425.373
2024-03-05 23:00:00+00:00,5538.535
2024-03-06 00:00:00+00:00,5598.292
2024-03-06 01:00:00+00:00,5451.47
2024-03-06 02:00:00+00:00,5290.249
2024-03-06 03:00:00+00:00,4995.68
2024-03-06 04:00:00+00:00,4776.478
2024-03-06 05:00:00+00:00,4590.827
2024-03-06 06:00:00+00:00,4559.715
2024-03-06 07:00:00+00:00,4494.428
2024-03-06 08:00:00+00:00,4498.834
2024-03-06 09:00:00+00:00,4577.394
2024-03-06 10:00:00+00:00,4794.467
2024-03-06 11:00:00+00:00,5195.862
2024-03-06 12:00:00+00:00,5403.833
2024-03-06 13:00:00+00:00,5414.124
2024-03-06 14:00:00+00:00,5484.066
2024-03-06 15:00:00+00:00,5420.923
2024-03-06 16:00:00+00:00,5451.2
2024-03-06 17:00:00+00:00,5442.492
2024-03-06 18:00:00+00:00,5386.15
2024-03-06 19:00:00+00:00,5303.201
2024-03-06 20:00:00+00:00,5297.336
2024-03-06 21:00:00+00:00,5381.997
2024-03-06 22:00:00+00:00,5541.705
2024-03-06 23:00:00+00:00,5692.476
2024-03-07 00:00:00+00:00,5649.915
2024-03-07 01:00:00+00:00,5535.648
2024-03-07 02:00:00+00:00,5326.53
2024-03-07 03:00:00+00:00,5058.749
2024-03-07 04:00:00+00:00,4782.95
2024-03-07 05:00:00+00:00,4638.936
2024-03-07 06:00:00+00:00,4537.621
2024-03-07 07:00:00+00:00,4496.218
2024-03-07 08:00:00+00:00,4517.141
2024-03-07 09:00:00+00:00,4608.798
2024-03-07 10:00:00+00:00,4885.289
2024-03-07 11:00:00+00:00,5277.808
2024-03-07 12:00:00+00:00,5466.266
2024-03-07 13:00:00+00:00,5483.932
2024-03-07 14:00:00+00:00,5457.495
2024-03-07 15:00:00+00:00,5433.627
2024-03-07 16:00:00+00:00,5328.912
2024-03-07 17:00:00+00:00,5180.375
2024-03-07 18:00:00+00:00,5114.677
2024-03-07 19:00:00+00:00,5042.209
2024-03-07 20:00:00+00:00,5036.606
2024-03-07 21:00:00+00:00,5093.819
2024-03-07 22:00:00+00:00,5257.586
2024-03-07 23:00:00+00:00,5449.116
2024-03-08 00:00:00+00:00,5551.019
2024-03-08 01:00:00+00:00,5497.589
2024-03-08 02:00:00+00:00,5299.659
2024-03-08 03:00:00+00:00,5084.38
2024-03-08 04:00:00+00:00,4907.823
2024-03-08 05:00:00+00:00,4769.953
2024-03-08 06:00:00+00:00,4693.598
2024-03-08 07:00:00+00:00,4689.031
2024-03-08 08:00:00+00:00,4739.958
2024-03-08 09:00:00+00:00,4849.024
2024-03-08 10:00:00+00:00,5159.976
2024-03-08 11:00:00+00:00,5580.482
2024-03-08 12:00:00+00:00,5738.755
2024-03-08 13:00:00+00:00,5630.595
2024-03-08 14:00:00+00:00,5436.564
2024-03-08 15:00:00+00:00,5272.216
2024-03-08 16:00:00+00:00,5178.998
2024-03-08 17:00:00+00:00,5114.759
2024-03-08 18:00:00+00:00,5086.027
2024-03-08 19:00:00+00:00,5069.255
2024-03-08 20:00:00+00:00,5058.504
2024-03-08 21:00:00+00:00,5105.772
2024-03-08 22:00:00+00:00,5198.259
2024-03-08 23:00:00+00:00,5357.831
2024-03-09 00:00:00+00:00,5360.693
2024-03-09 01:00:00+00:00,5278.02
2024-03-09 02:00:00+00:00,5136.793
2024-03-09 03:00:00+00:00,4935.504
2024-03-09 04:00:00+00:00,4717.114
2024-03-09 05:00:00+00:00,4571.337
2024-03-09 06:00:00+00:00,4501.774
2024-03-09 07:00:00+00:00,4496.226
2024-03-09 08:00:00+00:00,4488.933
2024-03-09 09:00:00+00:00,4553.929
2024-03-09 10:00:00+00:00,4684.648
2024-03-09 11:00:00+00:00,4867.417
2024-03-09 12:00:00+00:00,5067.503
2024-03-09 13:00:00+00:00,5335.089
2024-03-09 14:00:00+00:00,5536.158
2024-03-09 15:00:00+00:00,5635.638
2024-03-09 16:00:00+00:00,5646.273
2024-03-09 17:00:00+00:00,5604.845
2024-03-09 18:00:00+00:00,5569.159
2024-03-09 19:00:00+00:00,5556.757
2024-03-09 20:00:00+00:00,5521.196
2024-03-09 21:00:00+00:00,5570.703
2024-03-09 22:00:00+00:00,5651.263
2024-03-09 23:00:00+00:00,5732.765
2024-03-10 00:00:00+00:00,5654.199
2024-03-10 01:00:00+00:00,5549.919
2024-03-10 02:00:00+00:00,5397.887
2024-03-10 03:00:00+00:00,5205.425
2024-03-10 04:00:00+00:00,5028.532
2024-03-10 05:00:00+00:00,4885.858
2024-03-10 06:00:00+00:00,4800.148
2024-03-10 07:00:00+00:00,4795.903
2024-03-10 08:00:00+00:00,4840.39
2024-03-10 09:00:00+00:00,4910.353
2024-03-10 10:00:00+00:00,5074.988
2024-03-10 11:00:00+00:00,5303.045
2024-03-10 12:00:00+00:00,5499.436
2024-03-10 13:00:00+00:00,5610.743
2024-03-10 14:00:00+00:00,5651.524
2024-03-10 15:00:00+00:00,5711.894
2024-03-10 16:00:00+00:00,5723.639
2024-03-10 17:00:00+00:00,5682.412
2024-03-10 18:00:00+00:00,5686.351
2024-03-10 19:00:00+00:00,5732.951
2024-03-10 20:00:00+00:00,5814.903
2024-03-10 21:00:00+00:00,6002.733
2024-03-10 22:00:00+00:00,6188.532
2024-03-10 23:00:00+00:00,6439.193
2024-03-11 00:00:00+00:00,6505.487
2024-03-11 01:00:00+00:00,6357.735
2024-03-11 02:00:00+00:00,6094.362
2024-03-11 03:00:00+00:00,5906.378
2024-03-11 04:00:00+00:00,5771.512
2024-03-11 05:00:00+00:00,5693.214
2024-03-11 06:00:00+00:00,5695.453
2024-03-11 07:00:00+00:00,5721.186
2024-03-11 08:00:00+00:00,5861.187
2024-03-11 09:00:00+00:00,6114.865
2024-03-11 10:00:00+00:00,6602.09
2024-03-11 11:00:00+00:00,6929.861
2024-03-11 12:00:00+00:00,6882.478
2024-03-11 13:00:00+00:00,6628.507
2024-03-11 14:00:00+00:00,6360.219
2024-03-11 15:00:00+00:00,6184.571
2024-03-11 16:00:00+00:00,6045.895
2024-03-11 17:00:00+00:00,5871.423
2024-03-11 18:00:00+00:00,5743.434
2024-03-11 19:00:00+00:00,5543.987
2024-03-11 20:00:00+00:00,5508.806
2024-03-11 21:00:00+00:00,5545.128
2024-03-11 22:00:00+00:00,5720.695
2024-03-11 23:00:00+00:00,6007.519
2024-03-12 00:00:00+00:00,6096.487
2024-03-12 01:00:00+00:00,6035.482
2024-03-12 02:00:00+00:00,5799.302
2024-03-12 03:00:00+00:00,5555.787
2024-03-12 04:00:00+00:00,5458.249
2024-03-12 05:00:00+00:00,5312.377
2024-03-12 06:00:00+00:00,5308.197
2024-03-12 07:00:00+00:00,5327.358
2024-03-12 08:00:00+00:00,5448.424
2024-03-12 09:00:00+00:00,5661.366
2024-03-12 10:00:00+00:00,6120.58
2024-03-12 11:00:00+00:00,6293.792
2024-03-12 12:00:00+00:00,6173.666
2024-03-12 13:00:00+00:00,5869.01
2024-03-12 14:00:00+00:00,5666.312
2024-03-12 15:00:00+00:00,5533.031
2024-03-12 16:00:00+00:00,5364.979
2024-03-12 17:00:00+00:00,5165.842
2024-03-12 18:00:00+00:00,5117.082
2024-03-12 19:00:00+00:00,4987.957
2024-03-12 20:00:00+00:00,4949.412
2024-03-12 21:00:00+00:00,5126.761
2024-03-12 22:00:00+00:00,5114.607
2024-03-12 23:00:00+00:00,5372.502
2024-03-13 00:00:00+00:00,5421.051
2024-03-13 01:00:00+00:00,5243.994
2024-03-13 02:00:00+00:00,4958.942
2024-03-13 03:00:00+00:00,4748.909
2024-03-13 04:00:00+00:00,4585.089
2024-03-13 05:00:00+00:00,4563.656
2024-03-13 06:00:00+00:00,4587.62
2024-03-13 07:00:00+00:00,4650.216
2024-03-13 08:00:00+00:00,4855.105
2024-03-13 09:00:00+00:00,5170.592
2024-03-13 10:00:00+00:00,5621.084
2024-03-13 11:00:00+00:00,5876.006
2024-03-13 12:00:00+00:00,5848.549
2024-03-13 13:00:00+00:00,5739.797
2024-03-13 14:00:00+00:00,5513.268
2024-03-13 15:00:00+00:00,5257.581
2024-03-13 16:00:00+00:00,5169.732
2024-03-13 17:00:00+00:00,5026.713
2024-03-13 18:00:00+00:00,5025.344
2024-03-13 19:00:00+00:00,4934.476
2024-03-13 20:00:00+00:00,5007.669
2024-03-13 21:00:00+00:00,5055.961
2024-03-13 22:00:00+00:00,5133.503
2024-03-13 23:00:00+00:00,5294.511
2024-03-14 00:00:00+00:00,5312.581
2024-03-14 01:00:00+00:00,5142.023
2024-03-14 02:00:00+00:00,4841.352
2024-03-14 03:00:00+00:00,4590.796
2024-03-14 04:00:00+00:00,4471.502
2024-03-14 05:00:00+00:00,4364.797
2024-03-14 06:00:00+00:00,4384.033
2024-03-14 07:00:00+00:00,4482.884
2024-03-14 08:00:00+00:00,4656.376
2024-03-14 09:00:00+00:00,4770.962
2024-03-14 10:00:00+00:00,5376.572
2024-03-14 11:00:00+00:00,5660.588
2024-03-14 12:00:00+00:00,5598.699
2024-03-14 13:00:00+00:00,5421.114
2024-03-14 14:00:00+00:00,5251.685
2024-03-14 15:00:00+00:00,5107.348
2024-03-14 16:00:00+00:00,4987.601
2024-03-14 17:00:00+00:00,4960.913
2024-03-14 18:00:00+00:00,4914.191
2024-03-14 19:00:00+00:00,4892.54
2024-03-14 20:00:00+00:00,4923.852
2024-03-14 21:00:00+00:00,5003.546
2024-03-14 22:00:00+00:00,5081.716
2024-03-14 23:00:00+00:00,5204.193
2024-03-15 00:00:00+00:00,5221.675
2024-03-15 01:00:00+00:00,5061.92
2024-03-15 02:00:00+00:00,4734.948
2024-03-15 03:00:00+00:00,4474.053
2024-03-15 04:00:00+00:00,4284.612
2024-03-15 05:00:00+00:00,4166.281
2024-03-15 06:00:00+00:00,4097.872
2024-03-15 07:00:00+00:00,4070.437
2024-03-15 08:00:00+00:00,4160.318
2024-03-15 09:00:00+00:00,4340.082
2024-03-15 10:00:00+00:00,4721.098
2024-03-15 11:00:00+00:00,4965.564
2024-03-15 12:00:00+00:00,5022.922
2024-03-15 13:00:00+00:00,5057.911
2024-03-15 14:00:00+00:00,5128.834
2024-03-15 15:00:00+00:00,5112.292
2024-03-15 16:00:00+00:00,5072.07
2024-03-15 17:00:00+00:00,5057.006
2024-03-15 18:00:00+00:00,5015.417
2024-03-15 19:00:00+00:00,4998.518
2024-03-15 20:00:00+00:00,5001.825
2024-03-15 21:00:00+00:00,5023.705
2024-03-15 22:00:00+00:00,5053.745
2024-03-15 23:00:00+00:00,5152.522
2024-03-16 00:00:00+00:00,5132.588
2024-03-16 01:00:00+00:00,4986.339
2024-03-16 02:00:00+00:00,4771.688
2024-03-16 03:00:00+00:00,4565.585
2024-03-16 04:00:00+00:00,4411.302
2024-03-16 05:00:00+00:00,4319.323
2024-03-16 06:00:00+00:00,4318.345
2024-03-16 07:00:00+00:00,4334.23
2024-03-16 08:00:00+00:00,4409.393
2024-03-16 09:00:00+00:00,4545.7
2024-03-16 10:00:00+00:00,4779.071
2024-03-16 11:00:00+00:00,5027.039
2024-03-16 12:00:00+00:00,5153.209
2024-03-16 13:00:00+00:00,5110.819
2024-03-16 14:00:00+00:00,4985.425
2024-03-16 15:00:00+00:00,4878.769
2024-03-16 16:00:00+00:00,4730.994
2024-03-16 17:00:00+00:00,4596.576
2024-03-16 18:00:00+00:00,4468.565
2024-03-16 19:00:00+00:00,4453.565
2024-03-16 20:00:00+00:00,4484.618
2024-03-16 21:00:00+00:00,4545.81
2024-03-16 22:00:00+00:00,4636.643
2024-03-16 23:00:00+00:00,4798.96
2024-03-17 00:00:00+00:00,4878.381
2024-03-17 01:00:00+00:00,4771.19
2024-03-17 02:00:00+00:00,4598.79
2024-03-17 03:00:00+00:00,4419.612
2024-03-17 04:00:00+00:00,4252.011
2024-03-17 05:00:00+00:00,4154.973
2024-03-17 06:00:00+00:00,4100.06
2024-03-17 07:00:00+00:00,4104.595
2024-03-17 08:00:00+00:00,4120.302
2024-03-17 09:00:00+00:00,4211.834
2024-03-17 10:00:00+00:00,4356.017
2024-03-17 11:00:00+00:00,4569.129
2024-03-17 12:00:00+00:00,4729.993
2024-03-17 13:00:00+00:00,4791.956
2024-03-17 14:00:00+00:00,4763.936
2024-03-17 15:00:00+00:00,4686.687
2024-03-17 16:00:00+00:00,4618.923
2024-03-17 17:00:00+00:00,4547.921
2024-03-17 18:00:00+00:00,4485.285
2024-03-17 19:00:00+00:00,4475.912
2024-03-17 20:00:00+00:00,4555.212
2024-03-17 21:00:00+00:00,4691.793
2024-03-17 22:00:00+00:00,4811.649
2024-03-17 23:00:00+00:00,5059.193
2024-03-18 00:00:00+00:00,5206.483
2024-03-18 01:00:00+00:00,5082.565
2024-03-18 02:00:00+00:00,4912.557
2024-03-18 03:00:00+00:00,4747.15
2024-03-18 04:00:00+00:00,4686.8
2024-03-18 05:00:00+00:00,4685.68
2024-03-18 06:00:00+00:00,4754.02
2024-03-18 07:00:00+00:00,4796.552
2024-03-18 08:00:00+00:00,5045.504
2024-03-18 09:00:00+00:00,5360.876
2024-03-18 10:00:00+00:00,5967.469
2024-03-18 11:00:00+00:00,6259.646
2024-03-18 12:00:00+00:00,6313.287
2024-03-18 13:00:00+00:00,6190.973
2024-03-18 14:00:00+00:00,6125.175
2024-03-18 15:00:00+00:00,6068.877
2024-03-18 16:00:00+00:00,5971.378
2024-03-18 17:00:00+00:00,5962.891
2024-03-18 18:00:00+00:00,5870.496
2024-03-18 19:00:00+00:00,5928.135
2024-03-18 20:00:00+00:00,6037.904
2024-03-18 21:00:00+00:00,6180.273
2024-03-18 22:00:00+00:00,6378.582
2024-03-18 23:00:00+00:00,6535.713
2024-03-19 00:00:00+00:00,6526.314
2024-03-19 01:00:00+00:00,6414.455
2024-03-19 02:00:00+00:00,6160.482
2024-03-19 03:00:00+00:00,5936.252
2024-03-19 04:00:00+00:00,5822.629
2024-03-19 05:00:00+00:00,5717.033
2024-03-19 06:00:00+00:00,5701.834
2024-03-19 07:00:00+00:00,5723.746
2024-03-19 08:00:00+00:00,5818.928
2024-03-19 09:00:00+00:00,6129.644
2024-03-19 10:00:00+00:00,6583.538
2024-03-19 11:00:00+00:00,6801.528
2024-03-19 12:00:00+00:00,6772.189
2024-03-19 13:00:00+00:00,6724.212
2024-03-19 14:00:00+00:00,6588.26
2024-03-19 15:00:00+00:00,6410.672
2024-03-19 16:00:00+00:00,6150.544
2024-03-19 17:00:00+00:00,5876.291
2024-03-19 18:00:00+00:00,5674.447
2024-03-19 19:00:00+00:00,5585.11
2024-03-19 20:00:00+00:00,5622.872
2024-03-19 21:00:00+00:00,5788.366
2024-03-19 22:00:00+00:00,5926.194
2024-03-19 23:00:00+00:00,6072.438
2024-03-20 00:00:00+00:00,6114.052
2024-03-20 01:00:00+00:00,5915.328
2024-03-20 02:00:00+00:00,5665.549
2024-03-20 03:00:00+00:00,5418.848
2024-03-20 04:00:00+00:00,5237.33
2024-03-20 05:00:00+00:00,5181.242
2024-03-20 06:00:00+00:00,5084.54
2024-03-20 07:00:00+00:00,5097.666
2024-03-20 08:00:00+00:00,5194.126
2024-03-20 09:00:00+00:00,5515.171
2024-03-20 10:00:00+00:00,5977.963
2024-03-20 11:00:00+00:00,6166.553
2024-03-20 12:00:00+00:00,6051.708
2024-03-20 13:00:00+00:00,5834.086
2024-03-20 14:00:00+00:00,5646.466
2024-03-20 15:00:00+00:00,5586.152
2024-03-20 16:00:00+00:00,5535.919
2024-03-20 17:00:00+00:00,5360.563
2024-03-20 18:00:00+00:00,5301.422
2024-03-20 19:00:00+00:00,5224.836
2024-03-20 20:00:00+00:00,5275.577
2024-03-20 21:00:00+00:00,5402.138
2024-03-20 22:00:00+00:00,5572.384
2024-03-20 23:00:00+00:00,5861.439
2024-03-21 00:00:00+00:00,5982.686
2024-03-21 01:00:00+00:00,5921.498
2024-03-21 02:00:00+00:00,5737.62
2024-03-21 03:00:00+00:00,5566.47
2024-03-21 04:00:00+00:00,5491.571
2024-03-21 05:00:00+00:00,5515.725
2024-03-21 06:00:00+00:00,5563.67
2024-03-21 07:00:00+00:00,5645.304
2024-03-21 08:00:00+00:00,5854.858
2024-03-21 09:00:00+00:00,6193.385
2024-03-21 10:00:00+00:00,6699.63
2024-03-21 11:00:00+00:00,6921.105
2024-03-21 12:00:00+00:00,6755.102
2024-03-21 13:00:00+00:00,6491.538
2024-03-21 14:00:00+00:00,6281.168
2024-03-21 15:00:00+00:00,6098.059
2024-03-21 16:00:00+00:00,5903.832
2024-03-21 17:00:00+00:00,5732.709
2024-03-21 18:00:00+00:00,5578.285
2024-03-21 19:00:00+00:00,5449.021
2024-03-21 20:00:00+00:00,5418.338
2024-03-21 21:00:00+00:00,5487.248
2024-03-21 22:00:00+00:00,5619.981
2024-03-21 23:00:00+00:00,5924.737
2024-03-22 00:00:00+00:00,6128.206
2024-03-22 01:00:00+00:00,6066.431
2024-03-22 02:00:00+00:00,5895.115
2024-03-22 03:00:00+00:00,5725.392
2024-03-22 04:00:00+00:00,5638.02
2024-03-22 05:00:00+00:00,5592.747
2024-03-22 06:00:00+00:00,5630.332
2024-03-22 07:00:00+00:00,5691.818
2024-03-22 08:00:00+00:00,5866.373
2024-03-22 09:00:00+00:00,6183.3
2024-03-22 10:00:00+00:00,6615.205
2024-03-22 11:00:00+00:00,6873.277
2024-03-22 12:00:00+00:00,6681.499
2024-03-22 13:00:00+00:00,6350.964
2024-03-22 14:00:00+00:00,6094.039
2024-03-22 15:00:00+00:00,5861.743
2024-03-22 16:00:00+00:00,5667.566
2024-03-22 17:00:00+00:00,5497.821
2024-03-22 18:00:00+00:00,5346.412
2024-03-22 19:00:00+00:00,5283.826
2024-03-22 20:00:00+00:00,5323.225
2024-03-22 21:00:00+00:00,5385.707
2024-03-22 22:00:00+00:00,5446.33
2024-03-22 23:00:00+00:00,5590.297
2024-03-23 00:00:00+00:00,5614.002
2024-03-23 01:00:00+00:00,5470.057
2024-03-23 02:00:00+00:00,5228.725
2024-03-23 03:00:00+00:00,5012.979
2024-03-23 04:00:00+00:00,4859.332
2024-03-23 05:00:00+00:00,4778.286
2024-03-23 06:00:00+00:00,4734.429
2024-03-23 07:00:00+00:00,4750.825
2024-03-23 08:00:00+00:00,4800.041
2024-03-23 09:00:00+00:00,4906.921
2024-03-23 10:00:00+00:00,5095.566
2024-03-23 11:00:00+00:00,5308.563
2024-03-23 12:00:00+00:00,5518.962
2024-03-23 13:00:00+00:00,5717.646
2024-03-23 14:00:00+00:00,5823.517
2024-03-23 15:00:00+00:00,5813.923
2024-03-23 16:00:00+00:00,5731.706
2024-03-23 17:00:00+00:00,5681.838
2024-03-23 18:00:00+00:00,5642.364
2024-03-23 19:00:00+00:00,5657.615
2024-03-23 20:00:00+00:00,5664.67
2024-03-23 21:00:00+00:00,5689.597
2024-03-23 22:00:00+00:00,5756.115
2024-03-23 23:00:00+00:00,5925.458
2024-03-24 00:00:00+00:00,6070.533
2024-03-24 01:00:00+00:00,5983.642
2024-03-24 02:00:00+00:00,5828.857
2024-03-24 03:00:00+00:00,5692.79
2024-03-24 04:00:00+00:00,5566.61
2024-03-24 05:00:00+00:00,5512.905
2024-03-24 06:00:00+00:00,5510.835
2024-03-24 07:00:00+00:00,5535.579
2024-03-24 08:00:00+00:00,5589.448
2024-03-24 09:00:00+00:00,5688.629
2024-03-24 10:00:00+00:00,5900.766
2024-03-24 11:00:00+00:00,6092.784
2024-03-24 12:00:00+00:00,6081.811
2024-03-24 13:00:00+00:00,5884.16
2024-03-24 14:00:00+00:00,5673.261
2024-03-24 15:00:00+00:00,5489.338
2024-03-24 16:00:00+00:00,5311.594
2024-03-24 17:00:00+00:00,5143.295
2024-03-24 18:00:00+00:00,4980.485
2024-03-24 19:00:00+00:00,4917.095
2024-03-24 20:00:00+00:00,4911.844
2024-03-24 21:00:00+00:00,4981.608
2024-03-24 22:00:00+00:00,5072.517
2024-03-24 23:00:00+00:00,5379.744
2024-03-25 00:00:00+00:00,5622.32
2024-03-25 01:00:00+00:00,5572.845
2024-03-25 02:00:00+00:00,5437.374
2024-03-25 03:00:00+00:00,5296.351
2024-03-25 04:00:00+00:00,5242.885
2024-03-25 05:00:00+00:00,5290.568
2024-03-25 06:00:00+00:00,5345.799
2024-03-25 07:00:00+00:00,5451.885
2024-03-25 08:00:00+00:00,5706.688
2024-03-25 09:00:00+00:00,6035.39
2024-03-25 10:00:00+00:00,6553.848
2024-03-25 11:00:00+00:00,6775.04
2024-03-25 12:00:00+00:00,6578.317
2024-03-25 13:00:00+00:00,6190.059
2024-03-25 14:00:00+00:00,5922.098
2024-03-25 15:00:00+00:00,5729.929
2024-03-25 16:00:00+00:00,5550.292
2024-03-25 17:00:00+00:00,5386.146
2024-03-25 18:00:00+00:00,5263.454
2024-03-25 19:00:00+00:00,5150.584
2024-03-25 20:00:00+00:00,5091.082
2024-03-25 21:00:00+00:00,5252.446
2024-03-25 22:00:00+00:00,5310.777
2024-03-25 23:00:00+00:00,5534.774
2024-03-26 00:00:00+00:00,5667.287
2024-03-26 01:00:00+00:00,5511.508
2024-03-26 02:00:00+00:00,5274.394
2024-03-26 03:00:00+00:00,5063.887
2024-03-26 04:00:00+00:00,4950.19
2024-03-26 05:00:00+00:00,4874.669
2024-03-26 06:00:00+00:00,4910.989
2024-03-26 07:00:00+00:00,4969.697
2024-03-26 08:00:00+00:00,5088.563
2024-03-26 09:00:00+00:00,5429.169
2024-03-26 10:00:00+00:00,5880.517
2024-03-26 11:00:00+00:00,6119.066
2024-03-26 12:00:00+00:00,6110.57
2024-03-26 13:00:00+00:00,5924.234
2024-03-26 14:00:00+00:00,5794.477
2024-03-26 15:00:00+00:00,5578.853
2024-03-26 16:00:00+00:00,5495.637
2024-03-26 17:00:00+00:00,5436.105
2024-03-26 18:00:00+00:00,5437.661
2024-03-26 19:00:00+00:00,5347.383
2024-03-26 20:00:00+00:00,5382.709
2024-03-26 21:00:00+00:00,5462.915
2024-03-26 22:00:00+00:00,5595.308
2024-03-26 23:00:00+00:00,5723.035
2024-03-27 00:00:00+00:00,5749.159
2024-03-27 01:00:00+00:00,5506.847
2024-03-27 02:00:00+00:00,5258.964
2024-03-27 03:00:00+00:00,5028.308
2024-03-27 04:00:00+00:00,4827.737
2024-03-27 05:00:00+00:00,4771.969
2024-03-27 06:00:00+00:00,4661.532
2024-03-27 07:00:00+00:00,4770.311
2024-03-27 08:00:00+00:00,4812.105
2024-03-27 09:00:00+00:00,5055.764
2024-03-27 10:00:00+00:00,5528.885
2024-03-27 11:00:00+00:00,5649.226
2024-03-27 12:00:00+00:00,5717.769
2024-03-27 13:00:00+00:00,5657.952
2024-03-27 14:00:00+00:00,5582.45
2024-03-27 15:00:00+00:00,5508.916
2024-03-27 16:00:00+00:00,5439.111
2024-03-27 17:00:00+00:00,5311.553
2024-03-27 18:00:00+00:00,5249.214
2024-03-27 19:00:00+00:00,5208.044
2024-03-27 20:00:00+00:00,5188.83
2024-03-27 21:00:00+00:00,5230.81
2024-03-27 22:00:00+00:00,5273.094
2024-03-27 23:00:00+00:00,5423.594
2024-03-28 00:00:00+00:00,5501.344
2024-03-28 01:00:00+00:00,5354.351
2024-03-28 02:00:00+00:00,5108.674
2024-03-28 03:00:00+00:00,4815.457
2024-03-28 04:00:00+00:00,4653.896
2024-03-28 05:00:00+00:00,4595.989
2024-03-28 06:00:00+00:00,4574.278
2024-03-28 07:00:00+00:00,4607.445
2024-03-28 08:00:00+00:00,4731.395
2024-03-28 09:00:00+00:00,4989.31
2024-03-28 10:00:00+00:00,5440.461
2024-03-28 11:00:00+00:00,5670.213
2024-03-28 12:00:00+00:00,5701.771
2024-03-28 13:00:00+00:00,5669.389
2024-03-28 14:00:00+00:00,5601.771
2024-03-28 15:00:00+00:00,5522.7
2024-03-28 16:00:00+00:00,5380.944
2024-03-28 17:00:00+00:00,5321.813
2024-03-28 18:00:00+00:00,5188.856
2024-03-28 19:00:00+00:00,5105.019
2024-03-28 20:00:00+00:00,5050.702
2024-03-28 21:00:00+00:00,5084.848
2024-03-28 22:00:00+00:00,5161.157
2024-03-28 23:00:00+00:00,5351.29
2024-03-29 00:00:00+00:00,5537.337
2024-03-29 01:00:00+00:00,5417.488
2024-03-29 02:00:00+00:00,5187.501
2024-03-29 03:00:00+00:00,4968.412
2024-03-29 04:00:00+00:00,4832.893
2024-03-29 05:00:00+00:00,4774.861
2024-03-29 06:00:00+00:00,4757.332
2024-03-29 07:00:00+00:00,4786.597
2024-03-29 08:00:00+00:00,4889.675
2024-03-29 09:00:00+00:00,5087.335
2024-03-29 10:00:00+00:00,5386.754
2024-03-29 11:00:00+00:00,5586.897
2024-03-29 12:00:00+00:00,5576.994
2024-03-29 13:00:00+00:00,5413.522
2024-03-29 14:00:00+00:00,5265.178
2024-03-29 15:00:00+00:00,5123.317
2024-03-29 16:00:00+00:00,4992.942
2024-03-29 17:00:00+00:00,4903.498
2024-03-29 18:00:00+00:00,4779.918
2024-03-29 19:00:00+00:00,4708.722
2024-03-29 20:00:00+00:00,4702.489
2024-03-29 21:00:00+00:00,4746.9
2024-03-29 22:00:00+00:00,4771.484
2024-03-29 23:00:00+00:00,4940.921
2024-03-30 00:00:00+00:00,5114.709
2024-03-30 01:00:00+00:00,5050.976
2024-03-30 02:00:00+00:00,4912.147
2024-03-30 03:00:00+00:00,4757.355
2024-03-30 04:00:00+00:00,4666.33
2024-03-30 05:00:00+00:00,4614.869
2024-03-30 06:00:00+00:00,4612.36
2024-03-30 07:00:00+00:00,4663.667
2024-03-30 08:00:00+00:00,4739.514
2024-03-30 09:00:00+00:00,4875.504
2024-03-30 10:00:00+00:00,5098.238
2024-03-30 11:00:00+00:00,5271.016
2024-03-30 12:00:00+00:00,5290.569
2024-03-30 13:00:00+00:00,5192.768
2024-03-30 14:00:00+00:00,5085.599
2024-03-30 15:00:00+00:00,5009.1
2024-03-30 16:00:00+00:00,4931.254
2024-03-30 17:00:00+00:00,4869.614
2024-03-30 18:00:00+00:00,4788.482
2024-03-30 19:00:00+00:00,4765.406
2024-03-30 20:00:00+00:00,4803.847
2024-03-30 21:00:00+00:00,4836.988
2024-03-30 22:00:00+00:00,4856.668
2024-03-30 23:00:00+00:00,4952.279
2024-03-31 00:00:00+00:00,4985.26
2024-03-31 01:00:00+00:00,4880.905
2024-03-31 02:00:00+00:00,4693.2
2024-03-31 03:00:00+00:00,4478.109
2024-03-31 04:00:00+00:00,4311.844
2024-03-31 05:00:00+00:00,4215.182
2024-03-31 06:00:00+00:00,4174.652
2024-03-31 07:00:00+00:00,4180.81
2024-03-31 08:00:00+00:00,4230.503
2024-03-31 09:00:00+00:00,4327.961
2024-03-31 10:00:00+00:00,4500.583
2024-03-31 11:00:00+00:00,4664.762
2024-03-31 12:00:00+00:00,4781.08
2024-03-31 13:00:00+00:00,4842.153
2024-03-31 14:00:00+00:00,4836.84
2024-03-31 15:00:00+00:00,4799.732
2024-03-31 16:00:00+00:00,4657.894
2024-03-31 17:00:00+00:00,4477.271
2024-03-31 18:00:00+00:00,4327.772
2024-03-31 19:00:00+00:00,4243.193
2024-03-31 20:00:00+00:00,4250.003
2024-03-31 21:00:00+00:00,4286.887
2024-03-31 22:00:00+00:00,4369.46
2024-03-31 23:00:00+00:00,4554.194
2024-04-01 00:00:00+00:00,4678.255
2024-04-01 01:00:00+00:00,4605.979
2024-04-01 02:00:00+00:00,4396.968
2024-04-01 03:00:00+00:00,4232.173
2024-04-01 04:00:00+00:00,4124.559
2024-04-01 05:00:00+00:00,4136.212
2024-04-01 06:00:00+00:00,4129.412
2024-04-01 07:00:00+00:00,4179.064
2024-04-01 08:00:00+00:00,4358.251
2024-04-01 09:00:00+00:00,4600.431
2024-04-01 10:00:00+00:00,4901.563
2024-04-01 11:00:00+00:00,5108.303
2024-04-01 12:00:00+00:00,5284.212
2024-04-01 13:00:00+00:00,5420.373
2024-04-01 14:00:00+00:00,5516.124
2024-04-01 15:00:00+00:00,5418.383
2024-04-01 16:00:00+00:00,5334.745
2024-04-01 17:00:00+00:00,5280.556
2024-04-01 18:00:00+00:00,5228.668
2024-04-01 19:00:00+00:00,5148.606
2024-04-01 20:00:00+00:00,5142.612
2024-04-01 21:00:00+00:00,5201.622
2024-04-01 22:00:00+00:00,5238.205
2024-04-01 23:00:00+00:00,5341.776
2024-04-02 00:00:00+00:00,5358.595
2024-04-02 01:00:00+00:00,5174.565
2024-04-02 02:00:00+00:00,4928.949
2024-04-02 03:00:00+00:00,4674.593
2024-04-02 04:00:00+00:00,4477.853
2024-04-02 05:00:00+00:00,4403.271
2024-04-02 06:00:00+00:00,4407.928
2024-04-02 07:00:00+00:00,4386.124
2024-04-02 08:00:00+00:00,4517.643
2024-04-02 09:00:00+00:00,4761.584
2024-04-02 10:00:00+00:00,5095.501
2024-04-02 11:00:00+00:00,5287.923
2024-04-02 12:00:00+00:00,5478.956
2024-04-02 13:00:00+00:00,5562.027
2024-04-02 14:00:00+00:00,5665.917
2024-04-02 15:00:00+00:00,5670.457
2024-04-02 16:00:00+00:00,5593.254
2024-04-02 17:00:00+00:00,5542.211
2024-04-02 18:00:00+00:00,5471.361
2024-04-02 19:00:00+00:00,5398.483
2024-04-02 20:00:00+00:00,5405.579
2024-04-02 21:00:00+00:00,5532.873
2024-04-02 22:00:00+00:00,5560.568
2024-04-02 23:00:00+00:00,5505.322
2024-04-03 00:00:00+00:00,5461.642
2024-04-03 01:00:00+00:00,5284.275
2024-04-03 02:00:00+00:00,5061.712
2024-04-03 03:00:00+00:00,4891.349
2024-04-03 04:00:00+00:00,4737.034
2024-04-03 05:00:00+00:00,4642.802
2024-04-03 06:00:00+00:00,4646.355
2024-04-03 07:00:00+00:00,4609.66
2024-04-03 08:00:00+00:00,4753.659
2024-04-03 09:00:00+00:00,4955.496
2024-04-03 10:00:00+00:00,5284.831
2024-04-03 11:00:00+00:00,5524.846
2024-04-03 12:00:00+00:00,5690.063
2024-04-03 13:00:00+00:00,5762.735
2024-04-03 14:00:00+00:00,5775.186
2024-04-03 15:00:00+00:00,5727.043
2024-04-03 16:00:00+00:00,5674.917
2024-04-03 17:00:00+00:00,5614.473
2024-04-03 18:00:00+00:00,5619.742
2024-04-03 19:00:00+00:00,5563.725
2024-04-03 20:00:00+00:00,5600.55
2024-04-03 21:00:00+00:00,5623.78
2024-04-03 22:00:00+00:00,5636.695
2024-04-03 23:00:00+00:00,5739.406
2024-04-04 00:00:00+00:00,5843.812
2024-04-04 01:00:00+00:00,5720.777
2024-04-04 02:00:00+00:00,5479.14
2024-04-04 03:00:00+00:00,5218.85
2024-04-04 04:00:00+00:00,5131.388
2024-04-04 05:00:00+00:00,5052.544
2024-04-04 06:00:00+00:00,5080.055
2024-04-04 07:00:00+00:00,5131.442
2024-04-04 08:00:00+00:00,5268.608
2024-04-04 09:00:00+00:00,5507.006
2024-04-04 10:00:00+00:00,5908.597
2024-04-04 11:00:00+00:00,6116.466
2024-04-04 12:00:00+00:00,6076.579
2024-04-04 13:00:00+00:00,5978.762
2024-04-04 14:00:00+00:00,5839.162
2024-04-04 15:00:00+00:00,5699.972
2024-04-04 16:00:00+00:00,5662.008
2024-04-04 17:00:00+00:00,5609.036
2024-04-04 18:00:00+00:00,5523.897
2024-04-04 19:00:00+00:00,5504.809
2024-04-04 20:00:00+00:00,5528.688
2024-04-04 21:00:00+00:00,5592.193
2024-04-04 22:00:00+00:00,5659.219
2024-04-04 23:00:00+00:00,5807.178
2024-04-05 00:00:00+00:00,5957.507
2024-04-05 01:00:00+00:00,5825.372
2024-04-05 02:00:00+00:00,5588.748
2024-04-05 03:00:00+00:00,5335.889
2024-04-05 04:00:00+00:00,5195.913
2024-04-05 05:00:00+00:00,5117.157
2024-04-05 06:00:00+00:00,5074.53
2024-04-05 07:00:00+00:00,5104.32
2024-04-05 08:00:00+00:00,5191.126
2024-04-05 09:00:00+00:00,5419.048
2024-04-05 10:00:00+00:00,5783.427
2024-04-05 11:00:00+00:00,5982.714
2024-04-05 12:00:00+00:00,6009.52
2024-04-05 13:00:00+00:00,6004.379
2024-04-05 14:00:00+00:00,5972.884
2024-04-05 15:00:00+00:00,5866.588
2024-04-05 16:00:00+00:00,5786.166
2024-04-05 17:00:00+00:00,5745.768
2024-04-05 18:00:00+00:00,5643.761
2024-04-05 19:00:00+00:00,5623.858
2024-04-05 20:00:00+00:00,5638.838
2024-04-05 21:00:00+00:00,5681.726
2024-04-05 22:00:00+00:00,5733.209
2024-04-05 23:00:00+00:00,5867.583
2024-04-06 00:00:00+00:00,5958.607
2024-04-06 01:00:00+00:00,5841.18
2024-04-06 02:00:00+00:00,5620.741
2024-04-06 03:00:00+00:00,5401.861
2024-04-06 04:00:00+00:00,5247.039
2024-04-06 05:00:00+00:00,5157.04
2024-04-06 06:00:00+00:00,5111.49
2024-04-06 07:00:00+00:00,5108.536
2024-04-06 08:00:00+00:00,5140.656
2024-04-06 09:00:00+00:00,5240.688
2024-04-06 10:00:00+00:00,5416.69
2024-04-06 11:00:00+00:00,5552.004
2024-04-06 12:00:00+00:00,5631.489
2024-04-06 13:00:00+00:00,5600.675
2024-04-06 14:00:00+00:00,5505.431
2024-04-06 15:00:00+00:00,5408.462
2024-04-06 16:00:00+00:00,5301.328
2024-04-06 17:00:00+00:00,5254.427
2024-04-06 18:00:00+00:00,5135.844
2024-04-06 19:00:00+00:00,5048.932
2024-04-06 20:00:00+00:00,5032.665
2024-04-06 21:00:00+00:00,5027.86
2024-04-06 22:00:00+00:00,5064.79
2024-04-06 23:00:00+00:00,5184.604
2024-04-07 00:00:00+00:00,5344.359
2024-04-07 01:00:00+00:00,5300.037
2024-04-07 02:00:00+00:00,5150.504
2024-04-07 03:00:00+00:00,5015.01
2024-04-07 04:00:00+00:00,4914.933
2024-04-07 05:00:00+00:00,4860.231
2024-04-07 06:00:00+00:00,4849.359
2024-04-07 07:00:00+00:00,4887.37
2024-04-07 08:00:00+00:00,4968.024
2024-04-07 09:00:00+00:00,5099.815
2024-04-07 10:00:00+00:00,5290.88
2024-04-07 11:00:00+00:00,5427.209
2024-04-07 12:00:00+00:00,5317.035
2024-04-07 13:00:00+00:00,5122.976
2024-04-07 14:00:00+00:00,4922.386
2024-04-07 15:00:00+00:00,4794.747
2024-04-07 16:00:00+00:00,4691.706
2024-04-07 17:00:00+00:00,4562.94
2024-04-07 18:00:00+00:00,4490.016
2024-04-07 19:00:00+00:00,4446.778
2024-04-07 20:00:00+00:00,4498.139
2024-04-07 21:00:00+00:00,4625.746
2024-04-07 22:00:00+00:00,4721.776
2024-04-07 23:00:00+00:00,4876.76
2024-04-08 00:00:00+00:00,5060.938
2024-04-08 01:00:00+00:00,4929.018
2024-04-08 02:00:00+00:00,4721.111
2024-04-08 03:00:00+00:00,4561.384
2024-04-08 04:00:00+00:00,4493.556
2024-04-08 05:00:00+00:00,4500.556
2024-04-08 06:00:00+00:00,4523.255
2024-04-08 07:00:00+00:00,4603.605
2024-04-08 08:00:00+00:00,4826.912
2024-04-08 09:00:00+00:00,5156.207
2024-04-08 10:00:00+00:00,5628.611
2024-04-08 11:00:00+00:00,5808.982
2024-04-08 12:00:00+00:00,5704.907
2024-04-08 13:00:00+00:00,5559.767
2024-04-08 14:00:00+00:00,5447.959
2024-04-08 15:00:00+00:00,5277.388
2024-04-08 16:00:00+00:00,5132.565
2024-04-08 17:00:00+00:00,5020.966
2024-04-08 18:00:00+00:00,5061.899
2024-04-08 19:00:00+00:00,5027.425
2024-04-08 20:00:00+00:00,5001.985
2024-04-08 21:00:00+00:00,5109.414
2024-04-08 22:00:00+00:00,5129.98
2024-04-08 23:00:00+00:00,5180.827
2024-04-09 00:00:00+00:00,5383.936
2024-04-09 01:00:00+00:00,5173.747
2024-04-09 02:00:00+00:00,4824.495
2024-04-09 03:00:00+00:00,4595.892
2024-04-09 04:00:00+00:00,4423.337
2024-04-09 05:00:00+00:00,4337.684
2024-04-09 06:00:00+00:00,4311.036
2024-04-09 07:00:00+00:00,4311.288
2024-04-09 08:00:00+00:00,4440.788
2024-04-09 09:00:00+00:00,4748.881
2024-04-09 10:00:00+00:00,5182.61
2024-04-09 11:00:00+00:00,5301.642
2024-04-09 12:00:00+00:00,5236.545
2024-04-09 13:00:00+00:00,5144.494
2024-04-09 14:00:00+00:00,5077.401
2024-04-09 15:00:00+00:00,5057.361
2024-04-09 16:00:00+00:00,5070.227
2024-04-09 17:00:00+00:00,4994.209
2024-04-09 18:00:00+00:00,5002.716
2024-04-09 19:00:00+00:00,4979.726
2024-04-09 20:00:00+00:00,5015.459
2024-04-09 21:00:00+00:00,5201.513
2024-04-09 22:00:00+00:00,5244.557
2024-04-09 23:00:00+00:00,5297.379
2024-04-10 00:00:00+00:00,5397.838
2024-04-10 01:00:00+00:00,5189.902
2024-04-10 02:00:00+00:00,4897.62
2024-04-10 03:00:00+00:00,4551.848
2024-04-10 04:00:00+00:00,4289.776
2024-04-10 05:00:00+00:00,4181.831
2024-04-10 06:00:00+00:00,4143.226
2024-04-10 07:00:00+00:00,4167.461
2024-04-10 08:00:00+00:00,4215.569
2024-04-10 09:00:00+00:00,4454.513
2024-04-10 10:00:00+00:00,4795.482
2024-04-10 11:00:00+00:00,5008.996
2024-04-10 12:00:00+00:00,5064.71
2024-04-10 13:00:00+00:00,5133.046
2024-04-10 14:00:00+00:00,5056.679
2024-04-10 15:00:00+00:00,5047.174
2024-04-10 16:00:00+00:00,5115.483
2024-04-10 17:00:00+00:00,5176.47
2024-04-10 18:00:00+00:00,5089.357
2024-04-10 19:00:00+00:00,5151.894
2024-04-10 20:00:00+00:00,5164.2
2024-04-10 21:00:00+00:00,5358.396
2024-04-10 22:00:00+00:00,5264.563
2024-04-10 23:00:00+00:00,5375.564
2024-04-11 00:00:00+00:00,5424.778
2024-04-11 01:00:00+00:00,5288.645
2024-04-11 02:00:00+00:00,4926.985
2024-04-11 03:00:00+00:00,4618.552
2024-04-11 04:00:00+00:00,4341.49
2024-04-11 05:00:00+00:00,4224.418
2024-04-11 06:00:00+00:00,4213.111
2024-04-11 07:00:00+00:00,4233.676
2024-04-11 08:00:00+00:00,4227.786
2024-04-11 09:00:00+00:00,4447.847
2024-04-11 10:00:00+00:00,4802.084
2024-04-11 11:00:00+00:00,4975.347
2024-04-11 12:00:00+00:00,5127.874
2024-04-11 13:00:00+00:00,5191.182
2024-04-11 14:00:00+00:00,5137.054
2024-04-11 15:00:00+00:00,5125.572
2024-04-11 16:00:00+00:00,5151.357
2024-04-11 17:00:00+00:00,5211.229
2024-04-11 18:00:00+00:00,5186.15
2024-04-11 19:00:00+00:00,5138.472
2024-04-11 20:00:00+00:00,5165.831
2024-04-11 21:00:00+00:00,5241.182
2024-04-11 22:00:00+00:00,5293.314
2024-04-11 23:00:00+00:00,5333.526
2024-04-12 00:00:00+00:00,5310.588
2024-04-12 01:00:00+00:00,5115.334
2024-04-12 02:00:00+00:00,4812.26
2024-04-12 03:00:00+00:00,4525.111
2024-04-12 04:00:00+00:00,4286.806
2024-04-12 05:00:00+00:00,4163.786
2024-04-12 06:00:00+00:00,4073.423
2024-04-12 07:00:00+00:00,4034.468
2024-04-12 08:00:00+00:00,4113.599
2024-04-12 09:00:00+00:00,4344.086
2024-04-12 10:00:00+00:00,4723.951
2024-04-12 11:00:00+00:00,4920.652
2024-04-12 12:00:00+00:00,5014.128
2024-04-12 13:00:00+00:00,5086.969
2024-04-12 14:00:00+00:00,5123.664
2024-04-12 15:00:00+00:00,5074.237
2024-04-12 16:00:00+00:00,5103.082
2024-04-12 17:00:00+00:00,5071.303
2024-04-12 18:00:00+00:00,4984.265
2024-04-12 19:00:00+00:00,4972.464
2024-04-12 20:00:00+00:00,5037.245
2024-04-12 21:00:00+00:00,5056.122
2024-04-12 22:00:00+00:00,5082.049
2024-04-12 23:00:00+00:00,5159.068
2024-04-13 00:00:00+00:00,5190.411
2024-04-13 01:00:00+00:00,5062.557
2024-04-13 02:00:00+00:00,4837.255
2024-04-13 03:00:00+00:00,4630.322
2024-04-13 04:00:00+00:00,4470.157
2024-04-13 05:00:00+00:00,4336.963
2024-04-13 06:00:00+00:00,4294.033
2024-04-13 07:00:00+00:00,4302.841
2024-04-13 08:00:00+00:00,4337.09
2024-04-13 09:00:00+00:00,4437.908
2024-04-13 10:00:00+00:00,4613.36
2024-04-13 11:00:00+00:00,4779.566
2024-04-13 12:00:00+00:00,4958.426
2024-04-13 13:00:00+00:00,4979.143
2024-04-13 14:00:00+00:00,4898.384
2024-04-13 15:00:00+00:00,4791.183
2024-04-13 16:00:00+00:00,4675.703
2024-04-13 17:00:00+00:00,4575.812
2024-04-13 18:00:00+00:00,4502.67
2024-04-13 19:00:00+00:00,4446.345
2024-04-13 20:00:00+00:00,4469.622
2024-04-13 21:00:00+00:00,4517.941
2024-04-13 22:00:00+00:00,4569.454
2024-04-13 23:00:00+00:00,4641.7
2024-04-14 00:00:00+00:00,4798.8
2024-04-14 01:00:00+00:00,4733.419
2024-04-14 02:00:00+00:00,4561.805
2024-04-14 03:00:00+00:00,4391.026
2024-04-14 04:00:00+00:00,4258.099
2024-04-14 05:00:00+00:00,4189.698
2024-04-14 06:00:00+00:00,4157.491
2024-04-14 07:00:00+00:00,4183.2
2024-04-14 08:00:00+00:00,4278.396
2024-04-14 09:00:00+00:00,4400.142
2024-04-14 10:00:00+00:00,4564.566
2024-04-14 11:00:00+00:00,4660.642
2024-04-14 12:00:00+00:00,4691.622
2024-04-14 13:00:00+00:00,4616.113
2024-04-14 14:00:00+00:00,4527.416
2024-04-14 15:00:00+00:00,4457.297
2024-04-14 16:00:00+00:00,4374.072
2024-04-14 17:00:00+00:00,4428.554
2024-04-14 18:00:00+00:00,4387.789
2024-04-14 19:00:00+00:00,4486.155
2024-04-14 20:00:00+00:00,4625.788
2024-04-14 21:00:00+00:00,4869.601
2024-04-14 22:00:00+00:00,4948.414
2024-04-14 23:00:00+00:00,5037.533
2024-04-15 00:00:00+00:00,5146.068
2024-04-15 01:00:00+00:00,4990.434
2024-04-15 02:00:00+00:00,4689.69
2024-04-15 03:00:00+00:00,4393.829
2024-04-15 04:00:00+00:00,4193.231
2024-04-15 05:00:00+00:00,4073.362
2024-04-15 06:00:00+00:00,4027.846
2024-04-15 07:00:00+00:00,4045.832
2024-04-15 08:00:00+00:00,4062.075
2024-04-15 09:00:00+00:00,4239.727
2024-04-15 10:00:00+00:00,4675.66
2024-04-15 11:00:00+00:00,4884.489
2024-04-15 12:00:00+00:00,5024.096
2024-04-15 13:00:00+00:00,5083.144
2024-04-15 14:00:00+00:00,5151.564
2024-04-15 15:00:00+00:00,5230.159
2024-04-15 16:00:00+00:00,5304.307
2024-04-15 17:00:00+00:00,5413.117
2024-04-15 18:00:00+00:00,5411.449
2024-04-15 19:00:00+00:00,5419.45
2024-04-15 20:00:00+00:00,5516.515
2024-04-15 21:00:00+00:00,5611.73
2024-04-15 22:00:00+00:00,5608.555
2024-04-15 23:00:00+00:00,5618.276
2024-04-16 00:00:00+00:00,5636.504
2024-04-16 01:00:00+00:00,5347.126
2024-04-16 02:00:00+00:00,4971.517
2024-04-16 03:00:00+00:00,4575.488
2024-04-16 04:00:00+00:00,4269.844
2024-04-16 05:00:00+00:00,4168.345
2024-04-16 06:00:00+00:00,4073.343
2024-04-16 07:00:00+00:00,4063.692
2024-04-16 08:00:00+00:00,4108.706
2024-04-16 09:00:00+00:00,4446.421
2024-04-16 10:00:00+00:00,4752.152
2024-04-16 11:00:00+00:00,4966.057
2024-04-16 12:00:00+00:00,4937.307
2024-04-16 13:00:00+00:00,4924.722
2024-04-16 14:00:00+00:00,4939.457
2024-04-16 15:00:00+00:00,4935.224
2024-04-16 16:00:00+00:00,4971.34
2024-04-16 17:00:00+00:00,5052.084
2024-04-16 18:00:00+00:00,5123.488
2024-04-16 19:00:00+00:00,5189.499
2024-04-16 20:00:00+00:00,5316.25
2024-04-16 21:00:00+00:00,5474.268
2024-04-16 22:00:00+00:00,5518.228
2024-04-16 23:00:00+00:00,5444.103
2024-04-17 00:00:00+00:00,5477.527
2024-04-17 01:00:00+00:00,5254.448
2024-04-17 02:00:00+00:00,4836.339
2024-04-17 03:00:00+00:00,4448.951
2024-04-17 04:00:00+00:00,4229.11
2024-04-17 05:00:00+00:00,4076.206
2024-04-17 06:00:00+00:00,3997.326
2024-04-17 07:00:00+00:00,3991.462
2024-04-17 08:00:00+00:00,4068.739
2024-04-17 09:00:00+00:00,4308.025
2024-04-17 10:00:00+00:00,4690.583
2024-04-17 11:00:00+00:00,4882.005
2024-04-17 12:00:00+00:00,4976.883
2024-04-17 13:00:00+00:00,5050.982
2024-04-17 14:00:00+00:00,5068.241
2024-04-17 15:00:00+00:00,5067.792
2024-04-17 16:00:00+00:00,5111.505
2024-04-17 17:00:00+00:00,5141.663
2024-04-17 18:00:00+00:00,5165.07
2024-04-17 19:00:00+00:00,5146.294
2024-04-17 20:00:00+00:00,5273.115
2024-04-17 21:00:00+00:00,5336.201
2024-04-17 22:00:00+00:00,5360.876
2024-04-17 23:00:00+00:00,5359.598
2024-04-18 00:00:00+00:00,5097.015
2024-04-18 01:00:00+00:00,4761.105
2024-04-18 02:00:00+00:00,4671.735
2024-04-18 03:00:00+00:00,4417.663
2024-04-18 04:00:00+00:00,4202.635
2024-04-18 05:00:00+00:00,4071.753
2024-04-18 06:00:00+00:00,4002.24
2024-04-18 07:00:00+00:00,3981.615
2024-04-18 08:00:00+00:00,4050.944
2024-04-18 09:00:00+00:00,4283.912
2024-04-18 10:00:00+00:00,4652.668
2024-04-18 11:00:00+00:00,4819.92
2024-04-18 12:00:00+00:00,4902.192
2024-04-18 13:00:00+00:00,4948.832
2024-04-18 14:00:00+00:00,4969.547
2024-04-18 15:00:00+00:00,4969.499
2024-04-18 16:00:00+00:00,4972.724
2024-04-18 17:00:00+00:00,4965.625
2024-04-18 18:00:00+00:00,4982.226
2024-04-18 19:00:00+00:00,5032.731
2024-04-18 20:00:00+00:00,5182.707
2024-04-18 21:00:00+00:00,5277.037
2024-04-18 22:00:00+00:00,5279.438
2024-04-18 23:00:00+00:00,5232.358
2024-04-19 00:00:00+00:00,5272.13
2024-04-19 01:00:00+00:00,5048.847
2024-04-19 02:00:00+00:00,4710.859
2024-04-19 03:00:00+00:00,4340.493
2024-04-19 04:00:00+00:00,4122.123
2024-04-19 05:00:00+00:00,3980.654
2024-04-19 06:00:00+00:00,3930.327
2024-04-19 07:00:00+00:00,3951.892
2024-04-19 08:00:00+00:00,4038.603
2024-04-19 09:00:00+00:00,4231.065
2024-04-19 10:00:00+00:00,4583.323
2024-04-19 11:00:00+00:00,4811.454
2024-04-19 12:00:00+00:00,4905.818
2024-04-19 13:00:00+00:00,4971.251
2024-04-19 14:00:00+00:00,5023.105
2024-04-19 15:00:00+00:00,5022.359
2024-04-19 16:00:00+00:00,5020.529
2024-04-19 17:00:00+00:00,4993.939
2024-04-19 18:00:00+00:00,4931.038
2024-04-19 19:00:00+00:00,4902.113
2024-04-19 20:00:00+00:00,4931.413
2024-04-19 21:00:00+00:00,4925.166
2024-04-19 22:00:00+00:00,4925.286
2024-04-19 23:00:00+00:00,4896.541
2024-04-20 00:00:00+00:00,4925.485
2024-04-20 01:00:00+00:00,4802.296
2024-04-20 02:00:00+00:00,4541.3
2024-04-20 03:00:00+00:00,4308.434
2024-04-20 04:00:00+00:00,4102.109
2024-04-20 05:00:00+00:00,4004.795
2024-04-20 06:00:00+00:00,3930.847
2024-04-20 07:00:00+00:00,3904.865
2024-04-20 08:00:00+00:00,3944.632
2024-04-20 09:00:00+00:00,4035.543
2024-04-20 10:00:00+00:00,4167.711
2024-04-20 11:00:00+00:00,4309.927
2024-04-20 12:00:00+00:00,4436.956
2024-04-20 13:00:00+00:00,4456.244
2024-04-20 14:00:00+00:00,4438.313
2024-04-20 15:00:00+00:00,4415.629
2024-04-20 16:00:00+00:00,4368.297
2024-04-20 17:00:00+00:00,4336.554
2024-04-20 18:00:00+00:00,4308.712
2024-04-20 19:00:00+00:00,4303.976
2024-04-20 20:00:00+00:00,4374.428
2024-04-20 21:00:00+00:00,4443.309
2024-04-20 22:00:00+00:00,4458.166
2024-04-20 23:00:00+00:00,4507.916
2024-04-21 00:00:00+00:00,4658.924
2024-04-21 01:00:00+00:00,4610.288
2024-04-21 02:00:00+00:00,4457.479
2024-04-21 03:00:00+00:00,4280.831
2024-04-21 04:00:00+00:00,4161.637
2024-04-21 05:00:00+00:00,4095.596
2024-04-21 06:00:00+00:00,4080.635
2024-04-21 07:00:00+00:00,4097.788
2024-04-21 08:00:00+00:00,4151.218
2024-04-21 09:00:00+00:00,4257.365
2024-04-21 10:00:00+00:00,4401.676
2024-04-21 11:00:00+00:00,4594.032
2024-04-21 12:00:00+00:00,4820.31
2024-04-21 13:00:00+00:00,4926.811
2024-04-21 14:00:00+00:00,4912.71
2024-04-21 15:00:00+00:00,4840.04
2024-04-21 16:00:00+00:00,4813.963
2024-04-21 17:00:00+00:00,4749.562
2024-04-21 18:00:00+00:00,4717.303
2024-04-21 19:00:00+00:00,4725.353
2024-04-21 20:00:00+00:00,4791.463
2024-04-21 21:00:00+00:00,4851.847
2024-04-21 22:00:00+00:00,4879.417
2024-04-21 23:00:00+00:00,5017.391
2024-04-22 00:00:00+00:00,5232.913
2024-04-22 01:00:00+00:00,5152.651
2024-04-22 02:00:00+00:00,4963.506
2024-04-22 03:00:00+00:00,4769.905
2024-04-22 04:00:00+00:00,4689.358
2024-04-22 05:00:00+00:00,4669.53
2024-04-22 06:00:00+00:00,4692.05
2024-04-22 07:00:00+00:00,4763.761
2024-04-22 08:00:00+00:00,4997.394
2024-04-22 09:00:00+00:00,5314.671
2024-04-22 10:00:00+00:00,5800.656
2024-04-22 11:00:00+00:00,5948.257
2024-04-22 12:00:00+00:00,5769.051
2024-04-22 13:00:00+00:00,5539.908
2024-04-22 14:00:00+00:00,5351.358
2024-04-22 15:00:00+00:00,5228.408
2024-04-22 16:00:00+00:00,5112.921
2024-04-22 17:00:00+00:00,5042.965
2024-04-22 18:00:00+00:00,4955.924
2024-04-22 19:00:00+00:00,4874.962
2024-04-22 20:00:00+00:00,4927.718
2024-04-22 21:00:00+00:00,5016.411
2024-04-22 22:00:00+00:00,5080.105
2024-04-22 23:00:00+00:00,5160.017
2024-04-23 00:00:00+00:00,5331.001
2024-04-23 01:00:00+00:00,5208.89
2024-04-23 02:00:00+00:00,4948.444
2024-04-23 03:00:00+00:00,4730.711
2024-04-23 04:00:00+00:00,4661.43
2024-04-23 05:00:00+00:00,4626.471
2024-04-23 06:00:00+00:00,4676.06
2024-04-23 07:00:00+00:00,4629.402
2024-04-23 08:00:00+00:00,4804.552
2024-04-23 09:00:00+00:00,5118.574
2024-04-23 10:00:00+00:00,5638.601
2024-04-23 11:00:00+00:00,5739.051
2024-04-23 12:00:00+00:00,5579.191
2024-04-23 13:00:00+00:00,5339.782
2024-04-23 14:00:00+00:00,5168.47
2024-04-23 15:00:00+00:00,5091.77
2024-04-23 16:00:00+00:00,5028.952
2024-04-23 17:00:00+00:00,4999.819
2024-04-23 18:00:00+00:00,4958.62
2024-04-23 19:00:00+00:00,4973.119
2024-04-23 20:00:00+00:00,5055.804
2024-04-23 21:00:00+00:00,5031.114
2024-04-23 22:00:00+00:00,5124.084
2024-04-23 23:00:00+00:00,5205.595
2024-04-24 00:00:00+00:00,5302.993
2024-04-24 01:00:00+00:00,5119.121
2024-04-24 02:00:00+00:00,4815.203
2024-04-24 03:00:00+00:00,4537.366
2024-04-24 04:00:00+00:00,4332.156
2024-04-24 05:00:00+00:00,4253.586
2024-04-24 06:00:00+00:00,4129.453
2024-04-24 07:00:00+00:00,4188.702
2024-04-24 08:00:00+00:00,4273.37
2024-04-24 09:00:00+00:00,4467.669
2024-04-24 10:00:00+00:00,4879.997
2024-04-24 11:00:00+00:00,5080.719
2024-04-24 12:00:00+00:00,5060.211
2024-04-24 13:00:00+00:00,5045.99
2024-04-24 14:00:00+00:00,5053.43
2024-04-24 15:00:00+00:00,5000.368
2024-04-24 16:00:00+00:00,4981.073
2024-04-24 17:00:00+00:00,5017.149
2024-04-24 18:00:00+00:00,4914.286
2024-04-24 19:00:00+00:00,4935.589
2024-04-24 20:00:00+00:00,4858.933
2024-04-24 21:00:00+00:00,4934.444
2024-04-24 22:00:00+00:00,5020.681
2024-04-24 23:00:00+00:00,5102.423
2024-04-25 00:00:00+00:00,5289.993
2024-04-25 01:00:00+00:00,5175.509
2024-04-25 02:00:00+00:00,4811.328
2024-04-25 03:00:00+00:00,4620.95
2024-04-25 04:00:00+00:00,4404.497
2024-04-25 05:00:00+00:00,4316.756
2024-04-25 06:00:00+00:00,4307.716
2024-04-25 07:00:00+00:00,4333.083
2024-04-25 08:00:00+00:00,4438.323
2024-04-25 09:00:00+00:00,4728.634
2024-04-25 10:00:00+00:00,5117.117
2024-04-25 11:00:00+00:00,5282.058
2024-04-25 12:00:00+00:00,5373.988
2024-04-25 13:00:00+00:00,5307.303
2024-04-25 14:00:00+00:00,5213.68
2024-04-25 15:00:00+00:00,5112.497
2024-04-25 16:00:00+00:00,5061.606
2024-04-25 17:00:00+00:00,4973.149
2024-04-25 18:00:00+00:00,4900.996
2024-04-25 19:00:00+00:00,4846.527
2024-04-25 20:00:00+00:00,4897.016
2024-04-25 21:00:00+00:00,4933.843
2024-04-25 22:00:00+00:00,4958.105
2024-04-25 23:00:00+00:00,5057.09
2024-04-26 00:00:00+00:00,5153.801
2024-04-26 01:00:00+00:00,5057.718
2024-04-26 02:00:00+00:00,4825.29
2024-04-26 03:00:00+00:00,4563.004
2024-04-26 04:00:00+00:00,4419.391
2024-04-26 05:00:00+00:00,4355.608
2024-04-26 06:00:00+00:00,4334.094
2024-04-26 07:00:00+00:00,4392.878
2024-04-26 08:00:00+00:00,4537.386
2024-04-26 09:00:00+00:00,4807.378
2024-04-26 10:00:00+00:00,5172.554
2024-04-26 11:00:00+00:00,5308.236
2024-04-26 12:00:00+00:00,5229.472
2024-04-26 13:00:00+00:00,5117.302
2024-04-26 14:00:00+00:00,5030.128
2024-04-26 15:00:00+00:00,4930.921
2024-04-26 16:00:00+00:00,4845.569
2024-04-26 17:00:00+00:00,4777.78
2024-04-26 18:00:00+00:00,4724.172
2024-04-26 19:00:00+00:00,4696.725
2024-04-26 20:00:00+00:00,4750.131
2024-04-26 21:00:00+00:00,4792.166
2024-04-26 22:00:00+00:00,4775.595
2024-04-26 23:00:00+00:00,4776.103
2024-04-27 00:00:00+00:00,4876.469
2024-04-27 01:00:00+00:00,4794.239
2024-04-27 02:00:00+00:00,4537.809
2024-04-27 03:00:00+00:00,4302.751
2024-04-27 04:00:00+00:00,4113.713
2024-04-27 05:00:00+00:00,3986.566
2024-04-27 06:00:00+00:00,3929.706
2024-04-27 07:00:00+00:00,3917.122
2024-04-27 08:00:00+00:00,3954.329
2024-04-27 09:00:00+00:00,4040.219
2024-04-27 10:00:00+00:00,4199.291
2024-04-27 11:00:00+00:00,4373.898
2024-04-27 12:00:00+00:00,4592.089
2024-04-27 13:00:00+00:00,4760.754
2024-04-27 14:00:00+00:00,4825.627
2024-04-27 15:00:00+00:00,4874.871
2024-04-27 16:00:00+00:00,4865.344
2024-04-27 17:00:00+00:00,4881.991
2024-04-27 18:00:00+00:00,4852.279
2024-04-27 19:00:00+00:00,4861.372
2024-04-27 20:00:00+00:00,4903.913
2024-04-27 21:00:00+00:00,4949.695
2024-04-27 22:00:00+00:00,4932.028
2024-04-27 23:00:00+00:00,4921.122
2024-04-28 00:00:00+00:00,4956.633
2024-04-28 01:00:00+00:00,4821.242
2024-04-28 02:00:00+00:00,4581.227
2024-04-28 03:00:00+00:00,4329.796
2024-04-28 04:00:00+00:00,4122.085
2024-04-28 05:00:00+00:00,3989.678
2024-04-28 06:00:00+00:00,3908.857
2024-04-28 07:00:00+00:00,3861.857
2024-04-28 08:00:00+00:00,3873.793
2024-04-28 09:00:00+00:00,3932.001
2024-04-28 10:00:00+00:00,4006.507
2024-04-28 11:00:00+00:00,4152.384
2024-04-28 12:00:00+00:00,4366.57
2024-04-28 13:00:00+00:00,4485.529
2024-04-28 14:00:00+00:00,4506.103
2024-04-28 15:00:00+00:00,4574.719
2024-04-28 16:00:00+00:00,4682.132
2024-04-28 17:00:00+00:00,4767.163
2024-04-28 18:00:00+00:00,4889.892
2024-04-28 19:00:00+00:00,5061.92
2024-04-28 20:00:00+00:00,5279.505
2024-04-28 21:00:00+00:00,5469.784
2024-04-28 22:00:00+00:00,5547.347
2024-04-28 23:00:00+00:00,5541.85
2024-04-29 00:00:00+00:00,5533.11
2024-04-29 01:00:00+00:00,5330.871
2024-04-29 02:00:00+00:00,4923.947
2024-04-29 03:00:00+00:00,4560.573
2024-04-29 04:00:00+00:00,4291.131
2024-04-29 05:00:00+00:00,4142.891
2024-04-29 06:00:00+00:00,4026.473
2024-04-29 07:00:00+00:00,3975.302
2024-04-29 08:00:00+00:00,4107.27
2024-04-29 09:00:00+00:00,4292.164
2024-04-29 10:00:00+00:00,4696.746
2024-04-29 11:00:00+00:00,4924.98
2024-04-29 12:00:00+00:00,5104.176
2024-04-29 13:00:00+00:00,5283.686
2024-04-29 14:00:00+00:00,5467.156
2024-04-29 15:00:00+00:00,5652.902
2024-04-29 16:00:00+00:00,5846.834
2024-04-29 17:00:00+00:00,6113.523
2024-04-29 18:00:00+00:00,6157.316
2024-04-29 19:00:00+00:00,6353.546
2024-04-29 20:00:00+00:00,6558.972
2024-04-29 21:00:00+00:00,6668.159
2024-04-29 22:00:00+00:00,6638.238
2024-04-29 23:00:00+00:00,6570.842
2024-04-30 00:00:00+00:00,6425.972
2024-04-30 01:00:00+00:00,6083.154
2024-04-30 02:00:00+00:00,5571.919
2024-04-30 03:00:00+00:00,5092.185
2024-04-30 04:00:00+00:00,4750.563
2024-04-30 05:00:00+00:00,4554.598
2024-04-30 06:00:00+00:00,4329.797
2024-04-30 07:00:00+00:00,4303.083
2024-04-30 08:00:00+00:00,4279.49
2024-04-30 09:00:00+00:00,4427.006
2024-04-30 10:00:00+00:00,4807.889
2024-04-30 11:00:00+00:00,4965.409
2024-04-30 12:00:00+00:00,5070.078
2024-04-30 13:00:00+00:00,5202.739
2024-04-30 14:00:00+00:00,5375.616
2024-04-30 15:00:00+00:00,5531.594
2024-04-30 16:00:00+00:00,5568.076
2024-04-30 17:00:00+00:00,5663.497
2024-04-30 18:00:00+00:00,5668.633
2024-04-30 19:00:00+00:00,5710.224
2024-04-30 20:00:00+00:00,5750.688
2024-04-30 21:00:00+00:00,5822.217
2024-04-30 22:00:00+00:00,5791.107
2024-04-30 23:00:00+00:00,5725.767
2024-05-01 00:00:00+00:00,5660.291
2024-05-01 01:00:00+00:00,5459.817
2024-05-01 02:00:00+00:00,5077.943
2024-05-01 03:00:00+00:00,4705.597
2024-05-01 04:00:00+00:00,4443.217
2024-05-01 05:00:00+00:00,4246.744
2024-05-01 06:00:00+00:00,4122.656
2024-05-01 07:00:00+00:00,4077.398
2024-05-01 08:00:00+00:00,4180.499
2024-05-01 09:00:00+00:00,4368.915
2024-05-01 10:00:00+00:00,4694.212
2024-05-01 11:00:00+00:00,4865.05
2024-05-01 12:00:00+00:00,4968.218
2024-05-01 13:00:00+00:00,5141.511
2024-05-01 14:00:00+00:00,5154.052
2024-05-01 15:00:00+00:00,5255.346
2024-05-01 16:00:00+00:00,5413.871
2024-05-01 17:00:00+00:00,5540.671
2024-05-01 18:00:00+00:00,5626.935
2024-05-01 19:00:00+00:00,5814.831
2024-05-01 20:00:00+00:00,6003.991
2024-05-01 21:00:00+00:00,6135.661
2024-05-01 22:00:00+00:00,6180.96
2024-05-01 23:00:00+00:00,5974.296
2024-05-02 00:00:00+00:00,5914.055
2024-05-02 01:00:00+00:00,5634.654
2024-05-02 02:00:00+00:00,5143.191
2024-05-02 03:00:00+00:00,4691.483
2024-05-02 04:00:00+00:00,4449.794
2024-05-02 05:00:00+00:00,4224.521
2024-05-02 06:00:00+00:00,4109.716
2024-05-02 07:00:00+00:00,4100.498
2024-05-02 08:00:00+00:00,4083.154
2024-05-02 09:00:00+00:00,4347.011
2024-05-02 10:00:00+00:00,4635.522
2024-05-02 11:00:00+00:00,4882.288
2024-05-02 12:00:00+00:00,5057.156
2024-05-02 13:00:00+00:00,5142.896
2024-05-02 14:00:00+00:00,5284.428
2024-05-02 15:00:00+00:00,5484.971
2024-05-02 16:00:00+00:00,5696.412
2024-05-02 17:00:00+00:00,5919.068
2024-05-02 18:00:00+00:00,6152.58
2024-05-02 19:00:00+00:00,6331.727
2024-05-02 20:00:00+00:00,6536.364
2024-05-02 21:00:00+00:00,6699.765
2024-05-02 22:00:00+00:00,6676.553
2024-05-02 23:00:00+00:00,6492.626
2024-05-03 00:00:00+00:00,6267.894
2024-05-03 01:00:00+00:00,5880.355
2024-05-03 02:00:00+00:00,5335.365
2024-05-03 03:00:00+00:00,4838.298
2024-05-03 04:00:00+00:00,4448.588
2024-05-03 05:00:00+00:00,4212.366
2024-05-03 06:00:00+00:00,4093.517
2024-05-03 07:00:00+00:00,4029.806
2024-05-03 08:00:00+00:00,4053.864
2024-05-03 09:00:00+00:00,4195.433
2024-05-03 10:00:00+00:00,4471.002
2024-05-03 11:00:00+00:00,4691.831
2024-05-03 12:00:00+00:00,4843.748
2024-05-03 13:00:00+00:00,4956.972
2024-05-03 14:00:00+00:00,5096.675
2024-05-03 15:00:00+00:00,5275.036
2024-05-03 16:00:00+00:00,5482.016
2024-05-03 17:00:00+00:00,5650.93
2024-05-03 18:00:00+00:00,5786.718
2024-05-03 19:00:00+00:00,5911.59
2024-05-03 20:00:00+00:00,5943.217
2024-05-03 21:00:00+00:00,5833.495
2024-05-03 22:00:00+00:00,5650.384
2024-05-03 23:00:00+00:00,5436.639
2024-05-04 00:00:00+00:00,5319.55
2024-05-04 01:00:00+00:00,5117.388
2024-05-04 02:00:00+00:00,4816.211
2024-05-04 03:00:00+00:00,4446.398
2024-05-04 04:00:00+00:00,4168.111
2024-05-04 05:00:00+00:00,3996.183
2024-05-04 06:00:00+00:00,3880.169
2024-05-04 07:00:00+00:00,3820.798
2024-05-04 08:00:00+00:00,3804.078
2024-05-04 09:00:00+00:00,3847.227
2024-05-04 10:00:00+00:00,3955.769
2024-05-04 11:00:00+00:00,4098.557
2024-05-04 12:00:00+00:00,4318.291
2024-05-04 13:00:00+00:00,4494.115
2024-05-04 14:00:00+00:00,4586.857
2024-05-04 15:00:00+00:00,4657.036
2024-05-04 16:00:00+00:00,4659.242
2024-05-04 17:00:00+00:00,4638.886
2024-05-04 18:00:00+00:00,4624.504
2024-05-04 19:00:00+00:00,4622.889
2024-05-04 20:00:00+00:00,4655.987
2024-05-04 21:00:00+00:00,4701.27
2024-05-04 22:00:00+00:00,4676.584
2024-05-04 23:00:00+00:00,4648.324
2024-05-05 00:00:00+00:00,4680.099
2024-05-05 01:00:00+00:00,4537.475
2024-05-05 02:00:00+00:00,4322.709
2024-05-05 03:00:00+00:00,4083.111
2024-05-05 04:00:00+00:00,3927.033
2024-05-05 05:00:00+00:00,3807.816
2024-05-05 06:00:00+00:00,3741.975
2024-05-05 07:00:00+00:00,3712.809
2024-05-05 08:00:00+00:00,3720.559
2024-05-05 09:00:00+00:00,3762.077
2024-05-05 10:00:00+00:00,3860.42
2024-05-05 11:00:00+00:00,4021.059
2024-05-05 12:00:00+00:00,4265.254
2024-05-05 13:00:00+00:00,4438.289
2024-05-05 14:00:00+00:00,4539.726
2024-05-05 15:00:00+00:00,4602.616
2024-05-05 16:00:00+00:00,4688.705
2024-05-05 17:00:00+00:00,4720.002
2024-05-05 18:00:00+00:00,4770.537
2024-05-05 19:00:00+00:00,4879.695
2024-05-05 20:00:00+00:00,5025.186
2024-05-05 21:00:00+00:00,5162.32
2024-05-05 22:00:00+00:00,5171.509
2024-05-05 23:00:00+00:00,5160.332
2024-05-06 00:00:00+00:00,5159.281
2024-05-06 01:00:00+00:00,5000.416
2024-05-06 02:00:00+00:00,4682.875
2024-05-06 03:00:00+00:00,4417.922
2024-05-06 04:00:00+00:00,4213.914
2024-05-06 05:00:00+00:00,3985.8
2024-05-06 06:00:00+00:00,3934.458
2024-05-06 07:00:00+00:00,3994.253
2024-05-06 08:00:00+00:00,4004.53
2024-05-06 09:00:00+00:00,4231.902
2024-05-06 10:00:00+00:00,4631.7
2024-05-06 11:00:00+00:00,4804.741
2024-05-06 12:00:00+00:00,4959.259
2024-05-06 13:00:00+00:00,5053.224
2024-05-06 14:00:00+00:00,5144.756
2024-05-06 15:00:00+00:00,5212.314
2024-05-06 16:00:00+00:00,5306.6
2024-05-06 17:00:00+00:00,5396.799
2024-05-06 18:00:00+00:00,5392.083
2024-05-06 19:00:00+00:00,5401.412
2024-05-06 20:00:00+00:00,5467.882
2024-05-06 21:00:00+00:00,5532.663
2024-05-06 22:00:00+00:00,5540.78
2024-05-06 23:00:00+00:00,5530.5
2024-05-07 00:00:00+00:00,5547.404
2024-05-07 01:00:00+00:00,5367.86
2024-05-07 02:00:00+00:00,5032.577
2024-05-07 03:00:00+00:00,4695.028
2024-05-07 04:00:00+00:00,4377.22
2024-05-07 05:00:00+00:00,4256.099
2024-05-07 06:00:00+00:00,4161.769
2024-05-07 07:00:00+00:00,4118.599
2024-05-07 08:00:00+00:00,4196.988
2024-05-07 09:00:00+00:00,4413.143
2024-05-07 10:00:00+00:00,4739.93
2024-05-07 11:00:00+00:00,4995.943
2024-05-07 12:00:00+00:00,5067.939
2024-05-07 13:00:00+00:00,5141.726
2024-05-07 14:00:00+00:00,5230.611
2024-05-07 15:00:00+00:00,5386.785
2024-05-07 16:00:00+00:00,5497.98
2024-05-07 17:00:00+00:00,5645.265
2024-05-07 18:00:00+00:00,5768.932
2024-05-07 19:00:00+00:00,5861.243
2024-05-07 20:00:00+00:00,6018.098
2024-05-07 21:00:00+00:00,6022.975
2024-05-07 22:00:00+00:00,5996.11
2024-05-07 23:00:00+00:00,5937.293
2024-05-08 00:00:00+00:00,5929.039
2024-05-08 01:00:00+00:00,5681.134
2024-05-08 02:00:00+00:00,5311.185
2024-05-08 03:00:00+00:00,4945.906
2024-05-08 04:00:00+00:00,4558.747
2024-05-08 05:00:00+00:00,4460.535
2024-05-08 06:00:00+00:00,4344.702
2024-05-08 07:00:00+00:00,4284.599
2024-05-08 08:00:00+00:00,4336.7
2024-05-08 09:00:00+00:00,4503.308
2024-05-08 10:00:00+00:00,4883.279
2024-05-08 11:00:00+00:00,5072.771
2024-05-08 12:00:00+00:00,5225.254
2024-05-08 13:00:00+00:00,5382.663
2024-05-08 14:00:00+00:00,5541.481
2024-05-08 15:00:00+00:00,5639.212
2024-05-08 16:00:00+00:00,5779.796
2024-05-08 17:00:00+00:00,5980.716
2024-05-08 18:00:00+00:00,6097.515
2024-05-08 19:00:00+00:00,6277.92
2024-05-08 20:00:00+00:00,6420.541
2024-05-08 21:00:00+00:00,6428.797
2024-05-08 22:00:00+00:00,6326.867
2024-05-08 23:00:00+00:00,6173.072
2024-05-09 00:00:00+00:00,5994.523
2024-05-09 01:00:00+00:00,5782.388
2024-05-09 02:00:00+00:00,5260.108
2024-05-09 03:00:00+00:00,4863.112
2024-05-09 04:00:00+00:00,4496.217
2024-05-09 05:00:00+00:00,4320.846
2024-05-09 06:00:00+00:00,4194.742
2024-05-09 07:00:00+00:00,4153.496
2024-05-09 08:00:00+00:00,4156.706
2024-05-09 09:00:00+00:00,4345.768
2024-05-09 10:00:00+00:00,4720.8
2024-05-09 11:00:00+00:00,4911.499
2024-05-09 12:00:00+00:00,5002.907
2024-05-09 13:00:00+00:00,5130.183
2024-05-09 14:00:00+00:00,5200.729
2024-05-09 15:00:00+00:00,5226.22
2024-05-09 16:00:00+00:00,5199.521
2024-05-09 17:00:00+00:00,5253.202
2024-05-09 18:00:00+00:00,5273.728
2024-05-09 19:00:00+00:00,5198.784
2024-05-09 20:00:00+00:00,5311.463
2024-05-09 21:00:00+00:00,5343.873
2024-05-09 22:00:00+00:00,5308.55
2024-05-09 23:00:00+00:00,5313.039
2024-05-10 00:00:00+00:00,5273.369
2024-05-10 01:00:00+00:00,5185.229
2024-05-10 02:00:00+00:00,4838.339
2024-05-10 03:00:00+00:00,4445.417
2024-05-10 04:00:00+00:00,4216.284
2024-05-10 05:00:00+00:00,4057.459
2024-05-10 06:00:00+00:00,3977.998
2024-05-10 07:00:00+00:00,3961.239
2024-05-10 08:00:00+00:00,4020.758
2024-05-10 09:00:00+00:00,4211.44
2024-05-10 10:00:00+00:00,4546.63
2024-05-10 11:00:00+00:00,4766.329
2024-05-10 12:00:00+00:00,4902.357
2024-05-10 13:00:00+00:00,4921.82
2024-05-10 14:00:00+00:00,4956.215
2024-05-10 15:00:00+00:00,4973.393
2024-05-10 16:00:00+00:00,4971.262
2024-05-10 17:00:00+00:00,4977.29
2024-05-10 18:00:00+00:00,4920.961
2024-05-10 19:00:00+00:00,4859.585
2024-05-10 20:00:00+00:00,4894.881
2024-05-10 21:00:00+00:00,4909.699
2024-05-10 22:00:00+00:00,4871.811
2024-05-10 23:00:00+00:00,4858.171
2024-05-11 00:00:00+00:00,4902.305
2024-05-11 01:00:00+00:00,4817.354
2024-05-11 02:00:00+00:00,4575.782
2024-05-11 03:00:00+00:00,4352.432
2024-05-11 04:00:00+00:00,4180.667
2024-05-11 05:00:00+00:00,4060.197
2024-05-11 06:00:00+00:00,3987.549
2024-05-11 07:00:00+00:00,3963.272
2024-05-11 08:00:00+00:00,3980.256
2024-05-11 09:00:00+00:00,4074.957
2024-05-11 10:00:00+00:00,4209.824
2024-05-11 11:00:00+00:00,4379.434
2024-05-11 12:00:00+00:00,4480.937
2024-05-11 13:00:00+00:00,4506.325
2024-05-11 14:00:00+00:00,4497.225
2024-05-11 15:00:00+00:00,4499.584
2024-05-11 16:00:00+00:00,4476.898
2024-05-11 17:00:00+00:00,4480.895
2024-05-11 18:00:00+00:00,4484.254
2024-05-11 19:00:00+00:00,4522.091
2024-05-11 20:00:00+00:00,4590.385
2024-05-11 21:00:00+00:00,4628.051
2024-05-11 22:00:00+00:00,4578.371
2024-05-11 23:00:00+00:00,4591.552
2024-05-12 00:00:00+00:00,4677.161
2024-05-12 01:00:00+00:00,4639.215
2024-05-12 02:00:00+00:00,4432.568
2024-05-12 03:00:00+00:00,4225.238
2024-05-12 04:00:00+00:00,4079.248
2024-05-12 05:00:00+00:00,3974.747
2024-05-12 06:00:00+00:00,3926.383
2024-05-12 07:00:00+00:00,3909.339
2024-05-12 08:00:00+00:00,3903.308
2024-05-12 09:00:00+00:00,3971.776
2024-05-12 10:00:00+00:00,4083.451
2024-05-12 11:00:00+00:00,4232.313
2024-05-12 12:00:00+00:00,4375.009
2024-05-12 13:00:00+00:00,4491.678
2024-05-12 14:00:00+00:00,4527.842
2024-05-12 15:00:00+00:00,4492.23
2024-05-12 16:00:00+00:00,4451.553
2024-05-12 17:00:00+00:00,4378.501
2024-05-12 18:00:00+00:00,4354.687
2024-05-12 19:00:00+00:00,4333.621
2024-05-12 20:00:00+00:00,4391.228
2024-05-12 21:00:00+00:00,4457.786
2024-05-12 22:00:00+00:00,4513.2
2024-05-12 23:00:00+00:00,4626.284
2024-05-13 00:00:00+00:00,4749.688
2024-05-13 01:00:00+00:00,4716.646
2024-05-13 02:00:00+00:00,4465.522
2024-05-13 03:00:00+00:00,4245.24
2024-05-13 04:00:00+00:00,4115.561
2024-05-13 05:00:00+00:00,4111.136
2024-05-13 06:00:00+00:00,4105.127
2024-05-13 07:00:00+00:00,4130.734
2024-05-13 08:00:00+00:00,4309.678
2024-05-13 09:00:00+00:00,4581.364
2024-05-13 10:00:00+00:00,4939.955
2024-05-13 11:00:00+00:00,5073.766
2024-05-13 12:00:00+00:00,5043.812
2024-05-13 13:00:00+00:00,5032.295
2024-05-13 14:00:00+00:00,5028.9
2024-05-13 15:00:00+00:00,5046.574
2024-05-13 16:00:00+00:00,5045.493
2024-05-13 17:00:00+00:00,5115.467
2024-05-13 18:00:00+00:00,5166.119
2024-05-13 19:00:00+00:00,5261.553
2024-05-13 20:00:00+00:00,5455.122
2024-05-13 21:00:00+00:00,5542.274
2024-05-13 22:00:00+00:00,5565.208
2024-05-13 23:00:00+00:00,5446.566
2024-05-14 00:00:00+00:00,5531.137
2024-05-14 01:00:00+00:00,5325.745
2024-05-14 02:00:00+00:00,5021.469
2024-05-14 03:00:00+00:00,4612.192
2024-05-14 04:00:00+00:00,4370.045
2024-05-14 05:00:00+00:00,4206.967
2024-05-14 06:00:00+00:00,4124.5
2024-05-14 07:00:00+00:00,4076.404
2024-05-14 08:00:00+00:00,4140.918
2024-05-14 09:00:00+00:00,4394.837
2024-05-14 10:00:00+00:00,4706.655
2024-05-14 11:00:00+00:00,4930.136
2024-05-14 12:00:00+00:00,5038.708
2024-05-14 13:00:00+00:00,5076.434
2024-05-14 14:00:00+00:00,5183.254
2024-05-14 15:00:00+00:00,5199.119
2024-05-14 16:00:00+00:00,5267.239
2024-05-14 17:00:00+00:00,5210.443
2024-05-14 18:00:00+00:00,5254.777
2024-05-14 19:00:00+00:00,5269.504
2024-05-14 20:00:00+00:00,5269.119
2024-05-14 21:00:00+00:00,5383.668
2024-05-14 22:00:00+00:00,5353.459
2024-05-14 23:00:00+00:00,5336.73
2024-05-15 00:00:00+00:00,5364.667
2024-05-15 01:00:00+00:00,5224.116
2024-05-15 02:00:00+00:00,4906.418
2024-05-15 03:00:00+00:00,4617.265
2024-05-15 04:00:00+00:00,4394.767
2024-05-15 05:00:00+00:00,4285.388
2024-05-15 06:00:00+00:00,4108.003
2024-05-15 07:00:00+00:00,4121.048
2024-05-15 08:00:00+00:00,4189.329
2024-05-15 09:00:00+00:00,4463.395
2024-05-15 10:00:00+00:00,4749.379
2024-05-15 11:00:00+00:00,5009.13
2024-05-15 12:00:00+00:00,5099.371
2024-05-15 13:00:00+00:00,5240.627
2024-05-15 14:00:00+00:00,5339.752
2024-05-15 15:00:00+00:00,5270.817
2024-05-15 16:00:00+00:00,5325.597
2024-05-15 17:00:00+00:00,5336.921
2024-05-15 18:00:00+00:00,5381.008
2024-05-15 19:00:00+00:00,5445.279
2024-05-15 20:00:00+00:00,5562.978
2024-05-15 21:00:00+00:00,5652.277
2024-05-15 22:00:00+00:00,5502.848
2024-05-15 23:00:00+00:00,5540.039
2024-05-16 00:00:00+00:00,5495.975
2024-05-16 01:00:00+00:00,5379.534
2024-05-16 02:00:00+00:00,5037.546
2024-05-16 03:00:00+00:00,4686.345
2024-05-16 04:00:00+00:00,4388.224
2024-05-16 05:00:00+00:00,4277.052
2024-05-16 06:00:00+00:00,4207.208
2024-05-16 07:00:00+00:00,4173.325
2024-05-16 08:00:00+00:00,4188.348
2024-05-16 09:00:00+00:00,4440.978
2024-05-16 10:00:00+00:00,4763.206
2024-05-16 11:00:00+00:00,4907.799
2024-05-16 12:00:00+00:00,5082.312
2024-05-16 13:00:00+00:00,5147.152
2024-05-16 14:00:00+00:00,5191.899
2024-05-16 15:00:00+00:00,5254.066
2024-05-16 16:00:00+00:00,5340.399
2024-05-16 17:00:00+00:00,5442.988
2024-05-16 18:00:00+00:00,5543.323
2024-05-16 19:00:00+00:00,5612.729
2024-05-16 20:00:00+00:00,5764.333
2024-05-16 21:00:00+00:00,5863.027
2024-05-16 22:00:00+00:00,5839.179
2024-05-16 23:00:00+00:00,5767.32
2024-05-17 00:00:00+00:00,5684.922
2024-05-17 01:00:00+00:00,5507.729
2024-05-17 02:00:00+00:00,5119.923
2024-05-17 03:00:00+00:00,4698.167
2024-05-17 04:00:00+00:00,4395.065
2024-05-17 05:00:00+00:00,4213.005
2024-05-17 06:00:00+00:00,4098.616
2024-05-17 07:00:00+00:00,4057.877
2024-05-17 08:00:00+00:00,4098.712
2024-05-17 09:00:00+00:00,4257.278
2024-05-17 10:00:00+00:00,4556.611
2024-05-17 11:00:00+00:00,4770.846
2024-05-17 12:00:00+00:00,4899.68
2024-05-17 13:00:00+00:00,5001.06
2024-05-17 14:00:00+00:00,5086.39
2024-05-17 15:00:00+00:00,5111.626
2024-05-17 16:00:00+00:00,5125.789
2024-05-17 17:00:00+00:00,5167.102
2024-05-17 18:00:00+00:00,5149.938
2024-05-17 19:00:00+00:00,5095.993
2024-05-17 20:00:00+00:00,5132.907
2024-05-17 21:00:00+00:00,5165.993
2024-05-17 22:00:00+00:00,5129.05
2024-05-17 23:00:00+00:00,5083.809
2024-05-18 00:00:00+00:00,5074.444
2024-05-18 01:00:00+00:00,4992.985
2024-05-18 02:00:00+00:00,4709.04
2024-05-18 03:00:00+00:00,4459.971
2024-05-18 04:00:00+00:00,4218.897
2024-05-18 05:00:00+00:00,4090.741
2024-05-18 06:00:00+00:00,3972.959
2024-05-18 07:00:00+00:00,3926.373
2024-05-18 08:00:00+00:00,3940.366
2024-05-18 09:00:00+00:00,3974.723
2024-05-18 10:00:00+00:00,4059.18
2024-05-18 11:00:00+00:00,4232.734
2024-05-18 12:00:00+00:00,4465.528
2024-05-18 13:00:00+00:00,4674.82
2024-05-18 14:00:00+00:00,4810.848
2024-05-18 15:00:00+00:00,4887.976
2024-05-18 16:00:00+00:00,4966.895
2024-05-18 17:00:00+00:00,5025.671
2024-05-18 18:00:00+00:00,5080.893
2024-05-18 19:00:00+00:00,5169.632
2024-05-18 20:00:00+00:00,5287.418
2024-05-18 21:00:00+00:00,5364.027
2024-05-18 22:00:00+00:00,5350.6
2024-05-18 23:00:00+00:00,5272.379
2024-05-19 00:00:00+00:00,5185.308
2024-05-19 01:00:00+00:00,5046.535
2024-05-19 02:00:00+00:00,4767.494
2024-05-19 03:00:00+00:00,4449.721
2024-05-19 04:00:00+00:00,4188.219
2024-05-19 05:00:00+00:00,4005.899
2024-05-19 06:00:00+00:00,3879.739
2024-05-19 07:00:00+00:00,3828.991
2024-05-19 08:00:00+00:00,3801.282
2024-05-19 09:00:00+00:00,3834.533
2024-05-19 10:00:00+00:00,3874.535
2024-05-19 11:00:00+00:00,4044.361
2024-05-19 12:00:00+00:00,4333.068
2024-05-19 13:00:00+00:00,4566.912
2024-05-19 14:00:00+00:00,4739.921
2024-05-19 15:00:00+00:00,4941.057
2024-05-19 16:00:00+00:00,5094.175
2024-05-19 17:00:00+00:00,5217.693
2024-05-19 18:00:00+00:00,5326.304
2024-05-19 19:00:00+00:00,5469.872
2024-05-19 20:00:00+00:00,5665.647
2024-05-19 21:00:00+00:00,5850.136
2024-05-19 22:00:00+00:00,5938.925
2024-05-19 23:00:00+00:00,5867.589
2024-05-20 00:00:00+00:00,5699.013
2024-05-20 01:00:00+00:00,5500.265
2024-05-20 02:00:00+00:00,5089.622
2024-05-20 03:00:00+00:00,4677.478
2024-05-20 04:00:00+00:00,4375.489
2024-05-20 05:00:00+00:00,4235.261
2024-05-20 06:00:00+00:00,4151.455
2024-05-20 07:00:00+00:00,4086.433
2024-05-20 08:00:00+00:00,4140.268
2024-05-20 09:00:00+00:00,4338.064
2024-05-20 10:00:00+00:00,4657.724
2024-05-20 11:00:00+00:00,4952.272
2024-05-20 12:00:00+00:00,5131.938
2024-05-20 13:00:00+00:00,5286.285
2024-05-20 14:00:00+00:00,5477.858
2024-05-20 15:00:00+00:00,5698.891
2024-05-20 16:00:00+00:00,5880.825
2024-05-20 17:00:00+00:00,6128.187
2024-05-20 18:00:00+00:00,6323.024
2024-05-20 19:00:00+00:00,6539.839
2024-05-20 20:00:00+00:00,6737.347
2024-05-20 21:00:00+00:00,6825.357
2024-05-20 22:00:00+00:00,6811.731
2024-05-20 23:00:00+00:00,6637.996
2024-05-21 00:00:00+00:00,6442.706
2024-05-21 01:00:00+00:00,6174.196
2024-05-21 02:00:00+00:00,5631.663
2024-05-21 03:00:00+00:00,5204.398
2024-05-21 04:00:00+00:00,4786.672
2024-05-21 05:00:00+00:00,4607.011
2024-05-21 06:00:00+00:00,4400.549
2024-05-21 07:00:00+00:00,4411.245
2024-05-21 08:00:00+00:00,4388.317
2024-05-21 09:00:00+00:00,4577.964
2024-05-21 10:00:00+00:00,4804.294
2024-05-21 11:00:00+00:00,5030.767
2024-05-21 12:00:00+00:00,5317.903
2024-05-21 13:00:00+00:00,5499.302
2024-05-21 14:00:00+00:00,5772.597
2024-05-21 15:00:00+00:00,6081.204
2024-05-21 16:00:00+00:00,6318.251
2024-05-21 17:00:00+00:00,6589.34
2024-05-21 18:00:00+00:00,6736.447
2024-05-21 19:00:00+00:00,6911.074
2024-05-21 20:00:00+00:00,7119.908
2024-05-21 21:00:00+00:00,7241.184
2024-05-21 22:00:00+00:00,7161.902
2024-05-21 23:00:00+00:00,6962.208
2024-05-22 00:00:00+00:00,6640.776
2024-05-22 01:00:00+00:00,6368.76
2024-05-22 02:00:00+00:00,5888.955
2024-05-22 03:00:00+00:00,5356.913
2024-05-22 04:00:00+00:00,4977.152
2024-05-22 05:00:00+00:00,4722.223
2024-05-22 06:00:00+00:00,4496.573
2024-05-22 07:00:00+00:00,4401.748
2024-05-22 08:00:00+00:00,4411.121
2024-05-22 09:00:00+00:00,4566.661
2024-05-22 10:00:00+00:00,4935.437
2024-05-22 11:00:00+00:00,5191.783
2024-05-22 12:00:00+00:00,5452.401
2024-05-22 13:00:00+00:00,5767.917
2024-05-22 14:00:00+00:00,6062.518
2024-05-22 15:00:00+00:00,6398.97
2024-05-22 16:00:00+00:00,6573.931
2024-05-22 17:00:00+00:00,6876.379
2024-05-22 18:00:00+00:00,6930.168
2024-05-22 19:00:00+00:00,6987.153
2024-05-22 20:00:00+00:00,7039.398
2024-05-22 21:00:00+00:00,7113.977
2024-05-22 22:00:00+00:00,7082.385
2024-05-22 23:00:00+00:00,6911.84
2024-05-23 00:00:00+00:00,6693.902
2024-05-23 01:00:00+00:00,6538.955
2024-05-23 02:00:00+00:00,6077.34
2024-05-23 03:00:00+00:00,5537.338
2024-05-23 04:00:00+00:00,5172.628
2024-05-23 05:00:00+00:00,4983.573
2024-05-23 06:00:00+00:00,4783.872
2024-05-23 07:00:00+00:00,4794.901
2024-05-23 08:00:00+00:00,4690.408
2024-05-23 09:00:00+00:00,4874.103
2024-05-23 10:00:00+00:00,5211.461
2024-05-23 11:00:00+00:00,5462.335
2024-05-23 12:00:00+00:00,5602.549
2024-05-23 13:00:00+00:00,5827.099
2024-05-23 14:00:00+00:00,5906.694
2024-05-23 15:00:00+00:00,6037.188
2024-05-23 16:00:00+00:00,6211.018
2024-05-23 17:00:00+00:00,6401.048
2024-05-23 18:00:00+00:00,6483.422
2024-05-23 19:00:00+00:00,6665.692
2024-05-23 20:00:00+00:00,6748.081
2024-05-23 21:00:00+00:00,6794.83
2024-05-23 22:00:00+00:00,6628.422
2024-05-23 23:00:00+00:00,6491.57
2024-05-24 00:00:00+00:00,6256.684
2024-05-24 01:00:00+00:00,5983.693
2024-05-24 02:00:00+00:00,5512.451
2024-05-24 03:00:00+00:00,5082.525
2024-05-24 04:00:00+00:00,4754.76
2024-05-24 05:00:00+00:00,4573.586
2024-05-24 06:00:00+00:00,4453.567
2024-05-24 07:00:00+00:00,4392.613
2024-05-24 08:00:00+00:00,4444.474
2024-05-24 09:00:00+00:00,4571.139
2024-05-24 10:00:00+00:00,4877.781
2024-05-24 11:00:00+00:00,5135.649
2024-05-24 12:00:00+00:00,5361.523
2024-05-24 13:00:00+00:00,5585.136
2024-05-24 14:00:00+00:00,5825.535
2024-05-24 15:00:00+00:00,6045.562
2024-05-24 16:00:00+00:00,6156.8
2024-05-24 17:00:00+00:00,6369.543
2024-05-24 18:00:00+00:00,6501.965
2024-05-24 19:00:00+00:00,6690.998
2024-05-24 20:00:00+00:00,6795.493
2024-05-24 21:00:00+00:00,6862.506
2024-05-24 22:00:00+00:00,6766.795
2024-05-24 23:00:00+00:00,6512.334
2024-05-25 00:00:00+00:00,6223.712
2024-05-25 01:00:00+00:00,5950.537
2024-05-25 02:00:00+00:00,5512.906
2024-05-25 03:00:00+00:00,5045.819
2024-05-25 04:00:00+00:00,4705.784
2024-05-25 05:00:00+00:00,4441.718
2024-05-25 06:00:00+00:00,4238.307
2024-05-25 07:00:00+00:00,4113.412
2024-05-25 08:00:00+00:00,4058.759
2024-05-25 09:00:00+00:00,4041.247
2024-05-25 10:00:00+00:00,4075.056
2024-05-25 11:00:00+00:00,4304.58
2024-05-25 12:00:00+00:00,4648.92
2024-05-25 13:00:00+00:00,4992.31
2024-05-25 14:00:00+00:00,5348.188
2024-05-25 15:00:00+00:00,5689.2
2024-05-25 16:00:00+00:00,5964.384
2024-05-25 17:00:00+00:00,6158.026
2024-05-25 18:00:00+00:00,6249.723
2024-05-25 19:00:00+00:00,6224.679
2024-05-25 20:00:00+00:00,6208.522
2024-05-25 21:00:00+00:00,6244.422
2024-05-25 22:00:00+00:00,6096.071
2024-05-25 23:00:00+00:00,5849.956
2024-05-26 00:00:00+00:00,5617.917
2024-05-26 01:00:00+00:00,5455.911
2024-05-26 02:00:00+00:00,5136.772
2024-05-26 03:00:00+00:00,4784.883
2024-05-26 04:00:00+00:00,4483.961
2024-05-26 05:00:00+00:00,4265.581
2024-05-26 06:00:00+00:00,4108.949
2024-05-26 07:00:00+00:00,4010.684
2024-05-26 08:00:00+00:00,3976.33
2024-05-26 09:00:00+00:00,3947.25
2024-05-26 10:00:00+00:00,3961.684
2024-05-26 11:00:00+00:00,4165.179
2024-05-26 12:00:00+00:00,4489.013
2024-05-26 13:00:00+00:00,4803.1
2024-05-26 14:00:00+00:00,5098.964
2024-05-26 15:00:00+00:00,5409.31
2024-05-26 16:00:00+00:00,5657.498
2024-05-26 17:00:00+00:00,5929.167
2024-05-26 18:00:00+00:00,6131.7
2024-05-26 19:00:00+00:00,6301.343
2024-05-26 20:00:00+00:00,6418.12
2024-05-26 21:00:00+00:00,6399.735
2024-05-26 22:00:00+00:00,6191.469
2024-05-26 23:00:00+00:00,5923.057
2024-05-27 00:00:00+00:00,5670.458
2024-05-27 01:00:00+00:00,5439.527
2024-05-27 02:00:00+00:00,5064.724
2024-05-27 03:00:00+00:00,4693.319
2024-05-27 04:00:00+00:00,4397.453
2024-05-27 05:00:00+00:00,4195.585
2024-05-27 06:00:00+00:00,4059.465
2024-05-27 07:00:00+00:00,3967.864
2024-05-27 08:00:00+00:00,4023.686
2024-05-27 09:00:00+00:00,4043.654
2024-05-27 10:00:00+00:00,4090.867
2024-05-27 11:00:00+00:00,4262.642
2024-05-27 12:00:00+00:00,4521.011
2024-05-27 13:00:00+00:00,4755.879
2024-05-27 14:00:00+00:00,5024.122
2024-05-27 15:00:00+00:00,5250.636
2024-05-27 16:00:00+00:00,5379.477
2024-05-27 17:00:00+00:00,5505.205
2024-05-27 18:00:00+00:00,5598.275
2024-05-27 19:00:00+00:00,5710.776
2024-05-27 20:00:00+00:00,5882.554
2024-05-27 21:00:00+00:00,6004.942
2024-05-27 22:00:00+00:00,6031.706
2024-05-27 23:00:00+00:00,5945.156
2024-05-28 00:00:00+00:00,5776.078
2024-05-28 01:00:00+00:00,5572.814
2024-05-28 02:00:00+00:00,5172.251
2024-05-28 03:00:00+00:00,4732.22
2024-05-28 04:00:00+00:00,4465.524
2024-05-28 05:00:00+00:00,4281.689
2024-05-28 06:00:00+00:00,4176.754
2024-05-28 07:00:00+00:00,4159.589
2024-05-28 08:00:00+00:00,4192.531
2024-05-28 09:00:00+00:00,4363.62
2024-05-28 10:00:00+00:00,4639.552
2024-05-28 11:00:00+00:00,4936.825
2024-05-28 12:00:00+00:00,5137.588
2024-05-28 13:00:00+00:00,5300.037
2024-05-28 14:00:00+00:00,5453.136
2024-05-28 15:00:00+00:00,5606.329
2024-05-28 16:00:00+00:00,5646.694
2024-05-28 17:00:00+00:00,5751.165
2024-05-28 18:00:00+00:00,5800.47
2024-05-28 19:00:00+00:00,5914.652
2024-05-28 20:00:00+00:00,5977.089
2024-05-28 21:00:00+00:00,5993.799
2024-05-28 22:00:00+00:00,5925.138
2024-05-28 23:00:00+00:00,5775.675
2024-05-29 00:00:00+00:00,5624.143
2024-05-29 01:00:00+00:00,5455.648
2024-05-29 02:00:00+00:00,5061.783
2024-05-29 03:00:00+00:00,4724.286
2024-05-29 04:00:00+00:00,4463.194
2024-05-29 05:00:00+00:00,4283.595
2024-05-29 06:00:00+00:00,4135.268
2024-05-29 07:00:00+00:00,4141.074
2024-05-29 08:00:00+00:00,4199.659
2024-05-29 09:00:00+00:00,4347.641
2024-05-29 10:00:00+00:00,4644.093
2024-05-29 11:00:00+00:00,4923.817
2024-05-29 12:00:00+00:00,5026.51
2024-05-29 13:00:00+00:00,5136.231
2024-05-29 14:00:00+00:00,5170.545
2024-05-29 15:00:00+00:00,5371.931
2024-05-29 16:00:00+00:00,5369.077
2024-05-29 17:00:00+00:00,5403.389
2024-05-29 18:00:00+00:00,5405.237
2024-05-29 19:00:00+00:00,5318.272
2024-05-29 20:00:00+00:00,5341.874
2024-05-29 21:00:00+00:00,5378.383
2024-05-29 22:00:00+00:00,5317.439
2024-05-29 23:00:00+00:00,5250.958
2024-05-30 00:00:00+00:00,5210.62
2024-05-30 01:00:00+00:00,5098.139
2024-05-30 02:00:00+00:00,4797.336
2024-05-30 03:00:00+00:00,4521.039
2024-05-30 04:00:00+00:00,4277.765
2024-05-30 05:00:00+00:00,4126.769
2024-05-30 06:00:00+00:00,4058.542
2024-05-30 07:00:00+00:00,4039.469
2024-05-30 08:00:00+00:00,4114.436
2024-05-30 09:00:00+00:00,4301.876
2024-05-30 10:00:00+00:00,4566.061
2024-05-30 11:00:00+00:00,4772.228
2024-05-30 12:00:00+00:00,4885.568
2024-05-30 13:00:00+00:00,4934.415
2024-05-30 14:00:00+00:00,4997.255
2024-05-30 15:00:00+00:00,5040.161
2024-05-30 16:00:00+00:00,5078.348
2024-05-30 17:00:00+00:00,5137.422
2024-05-30 18:00:00+00:00,5175.742
2024-05-30 19:00:00+00:00,5215.376
2024-05-30 20:00:00+00:00,5247.755
2024-05-30 21:00:00+00:00,5312.439
2024-05-30 22:00:00+00:00,5308.189
2024-05-30 23:00:00+00:00,5265.835
2024-05-31 00:00:00+00:00,5212.629
2024-05-31 01:00:00+00:00,5139.171
2024-05-31 02:00:00+00:00,4812.607
2024-05-31 03:00:00+00:00,4480.304
2024-05-31 04:00:00+00:00,4253.401
2024-05-31 05:00:00+00:00,4102.923
2024-05-31 06:00:00+00:00,4046.399
2024-05-31 07:00:00+00:00,4034.037
2024-05-31 08:00:00+00:00,4104.206
2024-05-31 09:00:00+00:00,4268.879
2024-05-31 10:00:00+00:00,4540.732
2024-05-31 11:00:00+00:00,4741.616
2024-05-31 12:00:00+00:00,4840.302
2024-05-31 13:00:00+00:00,4871.786
2024-05-31 14:00:00+00:00,4870.659
2024-05-31 15:00:00+00:00,4880.104
2024-05-31 16:00:00+00:00,4918.065
2024-05-31 17:00:00+00:00,4945.156
2024-05-31 18:00:00+00:00,4996.691
2024-05-31 19:00:00+00:00,5075.999
2024-05-31 20:00:00+00:00,5229.67
2024-05-31 21:00:00+00:00,5365.788
2024-05-31 22:00:00+00:00,5406.634
2024-05-31 23:00:00+00:00,5343.575
2024-06-01 00:00:00+00:00,5204.09
2024-06-01 01:00:00+00:00,5050.324
2024-06-01 02:00:00+00:00,4721.206
2024-06-01 03:00:00+00:00,4417.657
2024-06-01 04:00:00+00:00,4151.473
2024-06-01 05:00:00+00:00,3984.966
2024-06-01 06:00:00+00:00,3880.37
2024-06-01 07:00:00+00:00,3813.974
2024-06-01 08:00:00+00:00,3812.037
2024-06-01 09:00:00+00:00,3868.885
2024-06-01 10:00:00+00:00,3946.457
2024-06-01 11:00:00+00:00,4104.637
2024-06-01 12:00:00+00:00,4291.418
2024-06-01 13:00:00+00:00,4404.145
2024-06-01 14:00:00+00:00,4506.378
2024-06-01 15:00:00+00:00,4636.619
2024-06-01 16:00:00+00:00,4739.881
2024-06-01 17:00:00+00:00,4867.478
2024-06-01 18:00:00+00:00,5018.89
2024-06-01 19:00:00+00:00,5228.465
2024-06-01 20:00:00+00:00,5452.405
2024-06-01 21:00:00+00:00,5610.992
2024-06-01 22:00:00+00:00,5599.846
2024-06-01 23:00:00+00:00,5453.624
2024-06-02 00:00:00+00:00,5286.322
2024-06-02 01:00:00+00:00,5124.685
2024-06-02 02:00:00+00:00,4806.496
2024-06-02 03:00:00+00:00,4476.86
2024-06-02 04:00:00+00:00,4199.679
2024-06-02 05:00:00+00:00,3993.28
2024-06-02 06:00:00+00:00,3879.812
2024-06-02 07:00:00+00:00,3797.327
2024-06-02 08:00:00+00:00,3790.48
2024-06-02 09:00:00+00:00,3806.7
2024-06-02 10:00:00+00:00,3826.419
2024-06-02 11:00:00+00:00,3962.446
2024-06-02 12:00:00+00:00,4192.924
2024-06-02 13:00:00+00:00,4362.504
2024-06-02 14:00:00+00:00,4511.675
2024-06-02 15:00:00+00:00,4608.876
2024-06-02 16:00:00+00:00,4750.593
2024-06-02 17:00:00+00:00,4848.586
2024-06-02 18:00:00+00:00,4941.013
2024-06-02 19:00:00+00:00,5008.805
2024-06-02 20:00:00+00:00,5104.507
2024-06-02 21:00:00+00:00,5187.537
2024-06-02 22:00:00+00:00,5206.341
2024-06-02 23:00:00+00:00,5190.457
2024-06-03 00:00:00+00:00,5199.409
2024-06-03 01:00:00+00:00,5141.803
2024-06-03 02:00:00+00:00,4887.624
2024-06-03 03:00:00+00:00,4623.52
2024-06-03 04:00:00+00:00,4392.118
2024-06-03 05:00:00+00:00,4278.677
2024-06-03 06:00:00+00:00,4195.668
2024-06-03 07:00:00+00:00,4151.278
2024-06-03 08:00:00+00:00,4212.389
2024-06-03 09:00:00+00:00,4369.265
2024-06-03 10:00:00+00:00,4669.032
2024-06-03 11:00:00+00:00,5035.911
2024-06-03 12:00:00+00:00,5214.944
2024-06-03 13:00:00+00:00,5405.189
2024-06-03 14:00:00+00:00,5552.545
2024-06-03 15:00:00+00:00,5755.934
2024-06-03 16:00:00+00:00,6002.032
2024-06-03 17:00:00+00:00,6229.82
2024-06-03 18:00:00+00:00,6397.901
2024-06-03 19:00:00+00:00,6531.655
2024-06-03 20:00:00+00:00,6748.461
2024-06-03 21:00:00+00:00,6875.699
2024-06-03 22:00:00+00:00,6881.86
2024-06-03 23:00:00+00:00,6773.247
2024-06-04 00:00:00+00:00,6511.325
2024-06-04 01:00:00+00:00,6237.972
2024-06-04 02:00:00+00:00,5712.548
2024-06-04 03:00:00+00:00,5257.503
2024-06-04 04:00:00+00:00,4857.524
2024-06-04 05:00:00+00:00,4639.348
2024-06-04 06:00:00+00:00,4444.34
2024-06-04 07:00:00+00:00,4379.373
2024-06-04 08:00:00+00:00,4350.847
2024-06-04 09:00:00+00:00,4529.031
2024-06-04 10:00:00+00:00,4766.29
2024-06-04 11:00:00+00:00,5081.527
2024-06-04 12:00:00+00:00,5363.605
2024-06-04 13:00:00+00:00,5681.041
2024-06-04 14:00:00+00:00,6032.493
2024-06-04 15:00:00+00:00,6440.529
2024-06-04 16:00:00+00:00,6750.157
2024-06-04 17:00:00+00:00,7012.79
2024-06-04 18:00:00+00:00,7225.64
2024-06-04 19:00:00+00:00,7340.088
2024-06-04 20:00:00+00:00,7362.897
2024-06-04 21:00:00+00:00,7372.767
2024-06-04 22:00:00+00:00,7182.496
2024-06-04 23:00:00+00:00,6946.124
2024-06-05 00:00:00+00:00,6696.693
2024-06-05 01:00:00+00:00,6455.984
2024-06-05 02:00:00+00:00,5976.454
2024-06-05 03:00:00+00:00,5558.341
2024-06-05 04:00:00+00:00,5144.173
2024-06-05 05:00:00+00:00,4886.581
2024-06-05 06:00:00+00:00,4701.177
2024-06-05 07:00:00+00:00,4575.702
2024-06-05 08:00:00+00:00,4616.94
2024-06-05 09:00:00+00:00,4740.289
2024-06-05 10:00:00+00:00,5009.565
2024-06-05 11:00:00+00:00,5325.583
2024-06-05 12:00:00+00:00,5541.633
2024-06-05 13:00:00+00:00,5727.58
2024-06-05 14:00:00+00:00,5933.671
2024-06-05 15:00:00+00:00,6122.297
2024-06-05 16:00:00+00:00,6295.044
2024-06-05 17:00:00+00:00,6385.449
2024-06-05 18:00:00+00:00,6421.608
2024-06-05 19:00:00+00:00,6415.951
2024-06-05 20:00:00+00:00,6428.049
2024-06-05 21:00:00+00:00,6422.554
2024-06-05 22:00:00+00:00,6328.652
2024-06-05 23:00:00+00:00,6237.613
2024-06-06 00:00:00+00:00,6121.424
2024-06-06 01:00:00+00:00,6012.987
2024-06-06 02:00:00+00:00,5666.175
2024-06-06 03:00:00+00:00,5277.514
2024-06-06 04:00:00+00:00,4979.13
2024-06-06 05:00:00+00:00,4788.521
2024-06-06 06:00:00+00:00,4669.454
2024-06-06 07:00:00+00:00,4614.477
2024-06-06 08:00:00+00:00,4623.818
2024-06-06 09:00:00+00:00,4773.751
2024-06-06 10:00:00+00:00,5061.619
2024-06-06 11:00:00+00:00,5325.266
2024-06-06 12:00:00+00:00,5526.661
2024-06-06 13:00:00+00:00,5749.98
2024-06-06 14:00:00+00:00,6001.774
2024-06-06 15:00:00+00:00,6269.234
2024-06-06 16:00:00+00:00,6426.98
2024-06-06 17:00:00+00:00,6595.265
2024-06-06 18:00:00+00:00,6712.728
2024-06-06 19:00:00+00:00,6807.711
2024-06-06 20:00:00+00:00,6811.588
2024-06-06 21:00:00+00:00,6853.372
2024-06-06 22:00:00+00:00,6763.481
2024-06-06 23:00:00+00:00,6598.669
2024-06-07 00:00:00+00:00,6343.504
2024-06-07 01:00:00+00:00,6098.719
2024-06-07 02:00:00+00:00,5661.722
2024-06-07 03:00:00+00:00,5191.382
2024-06-07 04:00:00+00:00,4834.608
2024-06-07 05:00:00+00:00,4593.677
2024-06-07 06:00:00+00:00,4478.837
2024-06-07 07:00:00+00:00,4374.571
2024-06-07 08:00:00+00:00,4375.535
2024-06-07 09:00:00+00:00,4454.278
2024-06-07 10:00:00+00:00,4685.344
2024-06-07 11:00:00+00:00,4991.318
2024-06-07 12:00:00+00:00,5278.873
2024-06-07 13:00:00+00:00,5465.824
2024-06-07 14:00:00+00:00,5619.96
2024-06-07 15:00:00+00:00,5731.238
2024-06-07 16:00:00+00:00,5794.506
2024-06-07 17:00:00+00:00,5819.035
2024-06-07 18:00:00+00:00,5860.859
2024-06-07 19:00:00+00:00,5909.723
2024-06-07 20:00:00+00:00,5930.907
2024-06-07 21:00:00+00:00,5886.027
2024-06-07 22:00:00+00:00,5788.566
2024-06-07 23:00:00+00:00,5592.851
2024-06-08 00:00:00+00:00,5379.152
2024-06-08 01:00:00+00:00,5241.95
2024-06-08 02:00:00+00:00,4940.427
2024-06-08 03:00:00+00:00,4601.673
2024-06-08 04:00:00+00:00,4316.348
2024-06-08 05:00:00+00:00,4131.642
2024-06-08 06:00:00+00:00,3983.219
2024-06-08 07:00:00+00:00,3918.936
2024-06-08 08:00:00+00:00,3908.889
2024-06-08 09:00:00+00:00,3923.614
2024-06-08 10:00:00+00:00,3994.523
2024-06-08 11:00:00+00:00,4191.004
2024-06-08 12:00:00+00:00,4427.534
2024-06-08 13:00:00+00:00,4614.414
2024-06-08 14:00:00+00:00,4767.721
2024-06-08 15:00:00+00:00,4900.609
2024-06-08 16:00:00+00:00,5014.087
2024-06-08 17:00:00+00:00,5150.027
2024-06-08 18:00:00+00:00,5297.066
2024-06-08 19:00:00+00:00,5474.8
2024-06-08 20:00:00+00:00,5678.826
2024-06-08 21:00:00+00:00,5822.929
2024-06-08 22:00:00+00:00,5852.349
2024-06-08 23:00:00+00:00,5734.288
2024-06-09 00:00:00+00:00,5490.045
2024-06-09 01:00:00+00:00,5308.134
2024-06-09 02:00:00+00:00,4988.757
2024-06-09 03:00:00+00:00,4639.329
2024-06-09 04:00:00+00:00,4358.053
2024-06-09 05:00:00+00:00,4137.039
2024-06-09 06:00:00+00:00,4017.34
2024-06-09 07:00:00+00:00,3940.635
2024-06-09 08:00:00+00:00,3927.162
2024-06-09 09:00:00+00:00,3954.94
2024-06-09 10:00:00+00:00,4002.386
2024-06-09 11:00:00+00:00,4105.281
2024-06-09 12:00:00+00:00,4358.343
2024-06-09 13:00:00+00:00,4588.73
2024-06-09 14:00:00+00:00,4752.734
2024-06-09 15:00:00+00:00,4916.807
2024-06-09 16:00:00+00:00,5003.539
2024-06-09 17:00:00+00:00,5105.883
2024-06-09 18:00:00+00:00,5202.024
2024-06-09 19:00:00+00:00,5319.453
2024-06-09 20:00:00+00:00,5481.678
2024-06-09 21:00:00+00:00,5598.219
2024-06-09 22:00:00+00:00,5609.604
2024-06-09 23:00:00+00:00,5496.496
2024-06-10 00:00:00+00:00,5315.101
2024-06-10 01:00:00+00:00,5175.126
2024-06-10 02:00:00+00:00,4873.98
2024-06-10 03:00:00+00:00,4543.071
2024-06-10 04:00:00+00:00,4283.916
2024-06-10 05:00:00+00:00,4128.471
2024-06-10 06:00:00+00:00,4029.331
2024-06-10 07:00:00+00:00,4005.843
2024-06-10 08:00:00+00:00,4064.589
2024-06-10 09:00:00+00:00,4222.458
2024-06-10 10:00:00+00:00,4443.447
2024-06-10 11:00:00+00:00,4691.132
2024-06-10 12:00:00+00:00,4867.377
2024-06-10 13:00:00+00:00,5016.164
2024-06-10 14:00:00+00:00,5147.624
2024-06-10 15:00:00+00:00,5294.646
2024-06-10 16:00:00+00:00,5406.605
2024-06-10 17:00:00+00:00,5529.686
2024-06-10 18:00:00+00:00,5554.411
2024-06-10 19:00:00+00:00,5541.183
2024-06-10 20:00:00+00:00,5530.606
2024-06-10 21:00:00+00:00,5508.955
2024-06-10 22:00:00+00:00,5417.54
2024-06-10 23:00:00+00:00,5344.077
2024-06-11 00:00:00+00:00,5297.157
2024-06-11 01:00:00+00:00,5184.217
2024-06-11 02:00:00+00:00,4859.603
2024-06-11 03:00:00+00:00,4555.451
2024-06-11 04:00:00+00:00,4339.354
2024-06-11 05:00:00+00:00,4158.546
2024-06-11 06:00:00+00:00,4086.545
2024-06-11 07:00:00+00:00,4040.528
2024-06-11 08:00:00+00:00,4095.947
2024-06-11 09:00:00+00:00,4243.008
2024-06-11 10:00:00+00:00,4495.937
2024-06-11 11:00:00+00:00,4692.284
2024-06-11 12:00:00+00:00,4850.502
2024-06-11 13:00:00+00:00,4948.323
2024-06-11 14:00:00+00:00,5047.341
2024-06-11 15:00:00+00:00,5106.518
2024-06-11 16:00:00+00:00,5159.156
2024-06-11 17:00:00+00:00,5197.649
2024-06-11 18:00:00+00:00,5248.303
2024-06-11 19:00:00+00:00,5316.724
2024-06-11 20:00:00+00:00,5425.312
2024-06-11 21:00:00+00:00,5560.129
2024-06-11 22:00:00+00:00,5554.258
2024-06-11 23:00:00+00:00,5457.756
2024-06-12 00:00:00+00:00,5357.963
2024-06-12 01:00:00+00:00,5225.811
2024-06-12 02:00:00+00:00,4884.962
2024-06-12 03:00:00+00:00,4545.502
2024-06-12 04:00:00+00:00,4292.092
2024-06-12 05:00:00+00:00,4148.222
2024-06-12 06:00:00+00:00,4035.811
2024-06-12 07:00:00+00:00,4032.538
2024-06-12 08:00:00+00:00,4078.035
2024-06-12 09:00:00+00:00,4236.025
2024-06-12 10:00:00+00:00,4451.941
2024-06-12 11:00:00+00:00,4641.471
2024-06-12 12:00:00+00:00,4820.337
2024-06-12 13:00:00+00:00,4949.531
2024-06-12 14:00:00+00:00,5068.913
2024-06-12 15:00:00+00:00,5207.334
2024-06-12 16:00:00+00:00,5357.627
2024-06-12 17:00:00+00:00,5530.21
2024-06-12 18:00:00+00:00,5702.091
2024-06-12 19:00:00+00:00,5888.347
2024-06-12 20:00:00+00:00,6135.641
2024-06-12 21:00:00+00:00,6331.568
2024-06-12 22:00:00+00:00,6347.848
2024-06-12 23:00:00+00:00,6276.712
2024-06-13 00:00:00+00:00,6003.867
2024-06-13 01:00:00+00:00,5705.482
2024-06-13 02:00:00+00:00,5237.932
2024-06-13 03:00:00+00:00,4785.367
2024-06-13 04:00:00+00:00,4466.155
2024-06-13 05:00:00+00:00,4258.65
2024-06-13 06:00:00+00:00,4129.2
2024-06-13 07:00:00+00:00,4084.739
2024-06-13 08:00:00+00:00,4138.605
2024-06-13 09:00:00+00:00,4299.086
2024-06-13 10:00:00+00:00,4561.888
2024-06-13 11:00:00+00:00,4797.216
2024-06-13 12:00:00+00:00,5074.193
2024-06-13 13:00:00+00:00,5318.106
2024-06-13 14:00:00+00:00,5578.525
2024-06-13 15:00:00+00:00,5903.896
2024-06-13 16:00:00+00:00,6221.109
2024-06-13 17:00:00+00:00,6523.202
2024-06-13 18:00:00+00:00,6758.71
2024-06-13 19:00:00+00:00,6974.326
2024-06-13 20:00:00+00:00,7190.916
2024-06-13 21:00:00+00:00,7320.166
2024-06-13 22:00:00+00:00,7284.229
2024-06-13 23:00:00+00:00,7098.053
2024-06-14 00:00:00+00:00,6790.387
2024-06-14 01:00:00+00:00,6497.513
2024-06-14 02:00:00+00:00,5997.081
2024-06-14 03:00:00+00:00,5487.711
2024-06-14 04:00:00+00:00,5054.359
2024-06-14 05:00:00+00:00,4802.705
2024-06-14 06:00:00+00:00,4595.415
2024-06-14 07:00:00+00:00,4483.472
2024-06-14 08:00:00+00:00,4451.42
2024-06-14 09:00:00+00:00,4549.308
2024-06-14 10:00:00+00:00,4748.952
2024-06-14 11:00:00+00:00,5042.068
2024-06-14 12:00:00+00:00,5357.378
2024-06-14 13:00:00+00:00,5652.139
2024-06-14 14:00:00+00:00,5885.398
2024-06-14 15:00:00+00:00,6135.573
2024-06-14 16:00:00+00:00,6374.832
2024-06-14 17:00:00+00:00,6568.101
2024-06-14 18:00:00+00:00,6665.743
2024-06-14 19:00:00+00:00,6706.414
2024-06-14 20:00:00+00:00,6708.676
2024-06-14 21:00:00+00:00,6575.736
2024-06-14 22:00:00+00:00,6410.168
2024-06-14 23:00:00+00:00,6171.244
2024-06-15 00:00:00+00:00,5941.292
2024-06-15 01:00:00+00:00,5712.366
2024-06-15 02:00:00+00:00,5339.462
2024-06-15 03:00:00+00:00,4926.328
2024-06-15 04:00:00+00:00,4615.911
2024-06-15 05:00:00+00:00,4349.587
2024-06-15 06:00:00+00:00,4181.1
2024-06-15 07:00:00+00:00,4064.476
2024-06-15 08:00:00+00:00,4021.638
2024-06-15 09:00:00+00:00,4020.723
2024-06-15 10:00:00+00:00,4080.127
2024-06-15 11:00:00+00:00,4281.417
2024-06-15 12:00:00+00:00,4538.833
2024-06-15 13:00:00+00:00,4778.913
2024-06-15 14:00:00+00:00,4988.042
2024-06-15 15:00:00+00:00,5134.441
2024-06-15 16:00:00+00:00,5283.734
2024-06-15 17:00:00+00:00,5415.567
2024-06-15 18:00:00+00:00,5570.294
2024-06-15 19:00:00+00:00,5752.659
2024-06-15 20:00:00+00:00,5952.884
2024-06-15 21:00:00+00:00,6104.447
2024-06-15 22:00:00+00:00,6102.555
2024-06-15 23:00:00+00:00,5932.271
2024-06-16 00:00:00+00:00,5617.062
2024-06-16 01:00:00+00:00,5350.49
2024-06-16 02:00:00+00:00,4977.105
2024-06-16 03:00:00+00:00,4574.883
2024-06-16 04:00:00+00:00,4237.835
2024-06-16 05:00:00+00:00,4046.637
2024-06-16 06:00:00+00:00,3893.502
2024-06-16 07:00:00+00:00,3828.665
2024-06-16 08:00:00+00:00,3781.021
2024-06-16 09:00:00+00:00,3724.537
2024-06-16 10:00:00+00:00,3755.739
2024-06-16 11:00:00+00:00,3950.075
2024-06-16 12:00:00+00:00,4258.224
2024-06-16 13:00:00+00:00,4532.474
2024-06-16 14:00:00+00:00,4781.267
2024-06-16 15:00:00+00:00,5087.103
2024-06-16 16:00:00+00:00,5421.962
2024-06-16 17:00:00+00:00,5734.233
2024-06-16 18:00:00+00:00,6060.77
2024-06-16 19:00:00+00:00,6349.645
2024-06-16 20:00:00+00:00,6603.328
2024-06-16 21:00:00+00:00,6784.841
2024-06-16 22:00:00+00:00,6764.263
2024-06-16 23:00:00+00:00,6654.818
2024-06-17 00:00:00+00:00,6412.603
2024-06-17 01:00:00+00:00,6201.14
2024-06-17 02:00:00+00:00,5777.899
2024-06-17 03:00:00+00:00,5330.823
2024-06-17 04:00:00+00:00,4973.892
2024-06-17 05:00:00+00:00,4708.548
2024-06-17 06:00:00+00:00,4545.798
2024-06-17 07:00:00+00:00,4464.18
2024-06-17 08:00:00+00:00,4456.198
2024-06-17 09:00:00+00:00,4593.105
2024-06-17 10:00:00+00:00,4807.382
2024-06-17 11:00:00+00:00,5210.035
2024-06-17 12:00:00+00:00,5582.704
2024-06-17 13:00:00+00:00,6005.997
2024-06-17 14:00:00+00:00,6447.313
2024-06-17 15:00:00+00:00,6901.454
2024-06-17 16:00:00+00:00,7321.396
2024-06-17 17:00:00+00:00,7668.762
2024-06-17 18:00:00+00:00,7926.044
2024-06-17 19:00:00+00:00,8108.339
2024-06-17 20:00:00+00:00,8168.929
2024-06-17 21:00:00+00:00,8119.098
2024-06-17 22:00:00+00:00,7896.24
2024-06-17 23:00:00+00:00,7617.455
2024-06-18 00:00:00+00:00,7283.067
2024-06-18 01:00:00+00:00,6958.32
2024-06-18 02:00:00+00:00,6465.438
2024-06-18 03:00:00+00:00,5943.95
2024-06-18 04:00:00+00:00,5510.393
2024-06-18 05:00:00+00:00,5200.01
2024-06-18 06:00:00+00:00,4956.026
2024-06-18 07:00:00+00:00,4849.623
2024-06-18 08:00:00+00:00,4839.427
2024-06-18 09:00:00+00:00,4936.896
2024-06-18 10:00:00+00:00,5156.147
2024-06-18 11:00:00+00:00,5540.645
2024-06-18 12:00:00+00:00,5925.028
2024-06-18 13:00:00+00:00,6379.321
2024-06-18 14:00:00+00:00,6897.955
2024-06-18 15:00:00+00:00,7385.413
2024-06-18 16:00:00+00:00,7769.387
2024-06-18 17:00:00+00:00,8066.089
2024-06-18 18:00:00+00:00,8220.397
2024-06-18 19:00:00+00:00,8241.864
2024-06-18 20:00:00+00:00,8189.087
2024-06-18 21:00:00+00:00,8104.089
2024-06-18 22:00:00+00:00,8009.144
2024-06-18 23:00:00+00:00,7810.459
2024-06-19 00:00:00+00:00,7511.715
2024-06-19 01:00:00+00:00,7249.154
2024-06-19 02:00:00+00:00,6759.149
2024-06-19 03:00:00+00:00,6196.655
2024-06-19 04:00:00+00:00,5739.392
2024-06-19 05:00:00+00:00,5437.454
2024-06-19 06:00:00+00:00,5198.387
2024-06-19 07:00:00+00:00,5069.786
2024-06-19 08:00:00+00:00,5043.701
2024-06-19 09:00:00+00:00,5134.618
2024-06-19 10:00:00+00:00,5229.949
2024-06-19 11:00:00+00:00,5627.056
2024-06-19 12:00:00+00:00,6042.722
2024-06-19 13:00:00+00:00,6537.212
2024-06-19 14:00:00+00:00,6952.308
2024-06-19 15:00:00+00:00,7347.244
2024-06-19 16:00:00+00:00,7643.427
2024-06-19 17:00:00+00:00,7880.585
2024-06-19 18:00:00+00:00,7988.041
2024-06-19 19:00:00+00:00,8072.972
2024-06-19 20:00:00+00:00,8155.583
2024-06-19 21:00:00+00:00,8202.618
2024-06-19 22:00:00+00:00,8121.11
2024-06-19 23:00:00+00:00,7880.813
2024-06-20 00:00:00+00:00,7511.614
2024-06-20 01:00:00+00:00,7174.796
2024-06-20 02:00:00+00:00,6658.443
2024-06-20 03:00:00+00:00,6074.559
2024-06-20 04:00:00+00:00,5675.071
2024-06-20 05:00:00+00:00,5365.084
2024-06-20 06:00:00+00:00,5110.574
2024-06-20 07:00:00+00:00,4901.781
2024-06-20 08:00:00+00:00,4854.847
2024-06-20 09:00:00+00:00,4951.353
2024-06-20 10:00:00+00:00,5150.47
2024-06-20 11:00:00+00:00,5508.069
2024-06-20 12:00:00+00:00,5898.589
2024-06-20 13:00:00+00:00,6304.698
2024-06-20 14:00:00+00:00,6745.996
2024-06-20 15:00:00+00:00,7232.728
2024-06-20 16:00:00+00:00,7483.356
2024-06-20 17:00:00+00:00,7855.779
2024-06-20 18:00:00+00:00,8030.961
2024-06-20 19:00:00+00:00,8192.652
2024-06-20 20:00:00+00:00,8234.899
2024-06-20 21:00:00+00:00,8350.454
2024-06-20 22:00:00+00:00,8274.451
2024-06-20 23:00:00+00:00,8093.229
2024-06-21 00:00:00+00:00,7745.405
2024-06-21 01:00:00+00:00,7395.264
2024-06-21 02:00:00+00:00,6859.24
2024-06-21 03:00:00+00:00,6282.222
2024-06-21 04:00:00+00:00,5814.217
2024-06-21 05:00:00+00:00,5449.584
2024-06-21 06:00:00+00:00,5182.953
2024-06-21 07:00:00+00:00,5021.349
2024-06-21 08:00:00+00:00,4988.119
2024-06-21 09:00:00+00:00,5052.026
2024-06-21 10:00:00+00:00,5205.533
2024-06-21 11:00:00+00:00,5576.654
2024-06-21 12:00:00+00:00,6019.354
2024-06-21 13:00:00+00:00,6516.586
2024-06-21 14:00:00+00:00,7016.502
2024-06-21 15:00:00+00:00,7460.127
2024-06-21 16:00:00+00:00,7782.845
2024-06-21 17:00:00+00:00,8056.008
2024-06-21 18:00:00+00:00,8258.386
2024-06-21 19:00:00+00:00,8355.178
2024-06-21 20:00:00+00:00,8467.995
2024-06-21 21:00:00+00:00,8500.982
2024-06-21 22:00:00+00:00,8358.816
2024-06-21 23:00:00+00:00,8112.54
2024-06-22 00:00:00+00:00,7727.939
2024-06-22 01:00:00+00:00,7411.386
2024-06-22 02:00:00+00:00,6937.841
2024-06-22 03:00:00+00:00,6393.246
2024-06-22 04:00:00+00:00,5948.354
2024-06-22 05:00:00+00:00,5573.312
2024-06-22 06:00:00+00:00,5297.335
2024-06-22 07:00:00+00:00,5095.611
2024-06-22 08:00:00+00:00,4968.671
2024-06-22 09:00:00+00:00,4929.633
2024-06-22 10:00:00+00:00,4948.322
2024-06-22 11:00:00+00:00,5259.019
2024-06-22 12:00:00+00:00,5769.473
2024-06-22 13:00:00+00:00,6353.715
2024-06-22 14:00:00+00:00,6933.727
2024-06-22 15:00:00+00:00,7427.407
2024-06-22 16:00:00+00:00,7760.681
2024-06-22 17:00:00+00:00,7993.776
2024-06-22 18:00:00+00:00,8131.481
2024-06-22 19:00:00+00:00,8244.481
2024-06-22 20:00:00+00:00,8335.122
2024-06-22 21:00:00+00:00,8348.868
2024-06-22 22:00:00+00:00,8276.615
2024-06-22 23:00:00+00:00,8053.835
2024-06-23 00:00:00+00:00,7748.693
2024-06-23 01:00:00+00:00,7433.517
2024-06-23 02:00:00+00:00,6953.465
2024-06-23 03:00:00+00:00,6437.948
2024-06-23 04:00:00+00:00,5976.811
2024-06-23 05:00:00+00:00,5620.425
2024-06-23 06:00:00+00:00,5376.637
2024-06-23 07:00:00+00:00,5214.742
2024-06-23 08:00:00+00:00,5100.249
2024-06-23 09:00:00+00:00,5058.177
2024-06-23 10:00:00+00:00,5056.082
2024-06-23 11:00:00+00:00,5270.95
2024-06-23 12:00:00+00:00,5701.767
2024-06-23 13:00:00+00:00,6167.562
2024-06-23 14:00:00+00:00,6573.811
2024-06-23 15:00:00+00:00,6924.683
2024-06-23 16:00:00+00:00,7107.117
2024-06-23 17:00:00+00:00,7211.553
2024-06-23 18:00:00+00:00,7282.806
2024-06-23 19:00:00+00:00,7306.593
2024-06-23 20:00:00+00:00,7286.994
2024-06-23 21:00:00+00:00,7263.886
2024-06-23 22:00:00+00:00,7159.541
2024-06-23 23:00:00+00:00,6979.069
2024-06-24 00:00:00+00:00,6783.45
2024-06-24 01:00:00+00:00,6603.065
2024-06-24 02:00:00+00:00,6206.7
2024-06-24 03:00:00+00:00,5785.19
2024-06-24 04:00:00+00:00,5450.713
2024-06-24 05:00:00+00:00,5218.341
2024-06-24 06:00:00+00:00,5015.2
2024-06-24 07:00:00+00:00,4907.338
2024-06-24 08:00:00+00:00,4959.893
2024-06-24 09:00:00+00:00,5058.967
2024-06-24 10:00:00+00:00,5280.12
2024-06-24 11:00:00+00:00,5578.79
2024-06-24 12:00:00+00:00,5831.057
2024-06-24 13:00:00+00:00,6079.831
2024-06-24 14:00:00+00:00,6275.374
2024-06-24 15:00:00+00:00,6477.884
2024-06-24 16:00:00+00:00,6634.274
2024-06-24 17:00:00+00:00,6788.875
2024-06-24 18:00:00+00:00,6976.34
2024-06-24 19:00:00+00:00,7035.784
2024-06-24 20:00:00+00:00,7101.866
2024-06-24 21:00:00+00:00,7216.956
2024-06-24 22:00:00+00:00,7199.309
2024-06-24 23:00:00+00:00,7027.659
2024-06-25 00:00:00+00:00,6611.141
2024-06-25 01:00:00+00:00,6348.07
2024-06-25 02:00:00+00:00,5838.672
2024-06-25 03:00:00+00:00,5351.688
2024-06-25 04:00:00+00:00,4972.73
2024-06-25 05:00:00+00:00,4689.048
2024-06-25 06:00:00+00:00,4485.618
2024-06-25 07:00:00+00:00,4363.203
2024-06-25 08:00:00+00:00,4347.536
2024-06-25 09:00:00+00:00,4565.765
2024-06-25 10:00:00+00:00,4777.658
2024-06-25 11:00:00+00:00,5058.213
2024-06-25 12:00:00+00:00,5296.296
2024-06-25 13:00:00+00:00,5634.332
2024-06-25 14:00:00+00:00,5922.835
2024-06-25 15:00:00+00:00,6245.878
2024-06-25 16:00:00+00:00,6552.021
2024-06-25 17:00:00+00:00,6782.509
2024-06-25 18:00:00+00:00,6996.222
2024-06-25 19:00:00+00:00,7144.586
2024-06-25 20:00:00+00:00,7231.19
2024-06-25 21:00:00+00:00,7342.963
2024-06-25 22:00:00+00:00,7288.642
2024-06-25 23:00:00+00:00,7171.353
2024-06-26 00:00:00+00:00,6906.551
2024-06-26 01:00:00+00:00,6641.951
2024-06-26 02:00:00+00:00,6119.071
2024-06-26 03:00:00+00:00,5650.042
2024-06-26 04:00:00+00:00,5262.979
2024-06-26 05:00:00+00:00,5007.965
2024-06-26 06:00:00+00:00,4832.975
2024-06-26 07:00:00+00:00,4696.979
2024-06-26 08:00:00+00:00,4748.133
2024-06-26 09:00:00+00:00,4938.09
2024-06-26 10:00:00+00:00,5132.797
2024-06-26 11:00:00+00:00,5482.553
2024-06-26 12:00:00+00:00,5829.111
2024-06-26 13:00:00+00:00,6262.146
2024-06-26 14:00:00+00:00,6743.025
2024-06-26 15:00:00+00:00,7143.036
2024-06-26 16:00:00+00:00,7458.138
2024-06-26 17:00:00+00:00,7636.854
2024-06-26 18:00:00+00:00,7703.41
2024-06-26 19:00:00+00:00,7684.138
2024-06-26 20:00:00+00:00,7624.867
2024-06-26 21:00:00+00:00,7629.037
2024-06-26 22:00:00+00:00,7501.014
2024-06-26 23:00:00+00:00,7293.181
2024-06-27 00:00:00+00:00,6938.126
2024-06-27 01:00:00+00:00,6444.037
2024-06-27 02:00:00+00:00,5971.443
2024-06-27 03:00:00+00:00,5523.907
2024-06-27 04:00:00+00:00,5274.177
2024-06-27 05:00:00+00:00,5028.355
2024-06-27 06:00:00+00:00,4824.345
2024-06-27 07:00:00+00:00,4731.523
2024-06-27 08:00:00+00:00,4744.329
2024-06-27 09:00:00+00:00,4821.689
2024-06-27 10:00:00+00:00,5019.149
2024-06-27 11:00:00+00:00,5260.057
2024-06-27 12:00:00+00:00,5469.766
2024-06-27 13:00:00+00:00,5743.259
2024-06-27 14:00:00+00:00,5991.808
2024-06-27 15:00:00+00:00,6237.017
2024-06-27 16:00:00+00:00,6445.843
2024-06-27 17:00:00+00:00,6686.442
2024-06-27 18:00:00+00:00,6805.823
2024-06-27 19:00:00+00:00,7000.115
2024-06-27 20:00:00+00:00,7128.367
2024-06-27 21:00:00+00:00,7220.017
2024-06-27 22:00:00+00:00,7134.424
2024-06-27 23:00:00+00:00,6953.438
2024-06-28 00:00:00+00:00,6586.832
2024-06-28 01:00:00+00:00,6255.102
2024-06-28 02:00:00+00:00,5777.005
2024-06-28 03:00:00+00:00,5304.779
2024-06-28 04:00:00+00:00,4914.152
2024-06-28 05:00:00+00:00,4617.781
2024-06-28 06:00:00+00:00,4424.705
2024-06-28 07:00:00+00:00,4330.464
2024-06-28 08:00:00+00:00,4294.367
2024-06-28 09:00:00+00:00,4394.038
2024-06-28 10:00:00+00:00,4568.162
2024-06-28 11:00:00+00:00,4817.229
2024-06-28 12:00:00+00:00,5087.464
2024-06-28 13:00:00+00:00,5320.296
2024-06-28 14:00:00+00:00,5551.173
2024-06-28 15:00:00+00:00,5856.603
2024-06-28 16:00:00+00:00,6101.691
2024-06-28 17:00:00+00:00,6403.461
2024-06-28 18:00:00+00:00,6685.422
2024-06-28 19:00:00+00:00,6958.394
2024-06-28 20:00:00+00:00,7144.852
2024-06-28 21:00:00+00:00,7267.228
2024-06-28 22:00:00+00:00,7238.569
2024-06-28 23:00:00+00:00,7039.797
2024-06-29 00:00:00+00:00,6731.26
2024-06-29 01:00:00+00:00,6502.505
2024-06-29 02:00:00+00:00,6131.678
2024-06-29 03:00:00+00:00,5699.336
2024-06-29 04:00:00+00:00,5333.016
2024-06-29 05:00:00+00:00,5089.02
2024-06-29 06:00:00+00:00,4897.336
2024-06-29 07:00:00+00:00,4779.889
2024-06-29 08:00:00+00:00,4735.39
2024-06-29 09:00:00+00:00,4741.096
2024-06-29 10:00:00+00:00,4788.135
2024-06-29 11:00:00+00:00,5002.23
2024-06-29 12:00:00+00:00,5327.326
2024-06-29 13:00:00+00:00,5719.572
2024-06-29 14:00:00+00:00,6053.169
2024-06-29 15:00:00+00:00,6348.35
2024-06-29 16:00:00+00:00,6654.849
2024-06-29 17:00:00+00:00,6933.503
2024-06-29 18:00:00+00:00,7064.985
2024-06-29 19:00:00+00:00,7110.852
2024-06-29 20:00:00+00:00,7175.752
2024-06-29 21:00:00+00:00,7258.896
2024-06-29 22:00:00+00:00,7190.533
2024-06-29 23:00:00+00:00,7019.805
2024-06-30 00:00:00+00:00,6837.381
2024-06-30 01:00:00+00:00,6596.645
2024-06-30 02:00:00+00:00,6205.221
2024-06-30 03:00:00+00:00,5832.77
2024-06-30 04:00:00+00:00,5532.931
2024-06-30 05:00:00+00:00,5245.858
2024-06-30 06:00:00+00:00,5070.737
2024-06-30 07:00:00+00:00,4980.587
2024-06-30 08:00:00+00:00,4862.902
2024-06-30 09:00:00+00:00,4892.234
2024-06-30 10:00:00+00:00,4964.187
2024-06-30 11:00:00+00:00,5142.888
2024-06-30 12:00:00+00:00,5451.74
2024-06-30 13:00:00+00:00,5800.648
2024-06-30 14:00:00+00:00,6165.945
2024-06-30 15:00:00+00:00,6547.296
2024-06-30 16:00:00+00:00,6824.084
2024-06-30 17:00:00+00:00,7119.615
2024-06-30 18:00:00+00:00,7310.374
2024-06-30 19:00:00+00:00,7492.255
2024-06-30 20:00:00+00:00,7614.162
2024-06-30 21:00:00+00:00,7637.735
2024-06-30 22:00:00+00:00,7457.374
2024-06-30 23:00:00+00:00,7064.434
2024-07-01 00:00:00+00:00,6642.366
2024-07-01 01:00:00+00:00,6267.121
2024-07-01 02:00:00+00:00,5751.188
2024-07-01 03:00:00+00:00,5205.878
2024-07-01 04:00:00+00:00,4786.857
2024-07-01 05:00:00+00:00,4530.261
2024-07-01 06:00:00+00:00,4289.263
2024-07-01 07:00:00+00:00,4211.781
2024-07-01 08:00:00+00:00,4217.173
2024-07-01 09:00:00+00:00,4337.125
2024-07-01 10:00:00+00:00,4506.49
2024-07-01 11:00:00+00:00,4722.461
2024-07-01 12:00:00+00:00,4885.376
2024-07-01 13:00:00+00:00,5064.535
2024-07-01 14:00:00+00:00,5176.596
2024-07-01 15:00:00+00:00,5243.363
2024-07-01 16:00:00+00:00,5291.535
2024-07-01 17:00:00+00:00,5487.923
2024-07-01 18:00:00+00:00,5670.169
2024-07-01 19:00:00+00:00,5816.565
2024-07-01 20:00:00+00:00,5969.735
2024-07-01 21:00:00+00:00,6225.421
2024-07-01 22:00:00+00:00,6199.594
2024-07-01 23:00:00+00:00,6151.804
2024-07-02 00:00:00+00:00,5781.205
2024-07-02 01:00:00+00:00,5569.185
2024-07-02 02:00:00+00:00,5167.689
2024-07-02 03:00:00+00:00,4756.781
2024-07-02 04:00:00+00:00,4471.773
2024-07-02 05:00:00+00:00,4248.391
2024-07-02 06:00:00+00:00,4167.343
2024-07-02 07:00:00+00:00,4112.888
2024-07-02 08:00:00+00:00,4090.796
2024-07-02 09:00:00+00:00,4210.287
2024-07-02 10:00:00+00:00,4363.062
2024-07-02 11:00:00+00:00,4706.543
2024-07-02 12:00:00+00:00,4933.041
2024-07-02 13:00:00+00:00,5076.391
2024-07-02 14:00:00+00:00,5340.819
2024-07-02 15:00:00+00:00,5598.448
2024-07-02 16:00:00+00:00,5798.454
2024-07-02 17:00:00+00:00,6048.78
2024-07-02 18:00:00+00:00,6289.956
2024-07-02 19:00:00+00:00,6507.339
2024-07-02 20:00:00+00:00,6760.342
2024-07-02 21:00:00+00:00,6958.235
2024-07-02 22:00:00+00:00,6958.043
2024-07-02 23:00:00+00:00,6779.678
2024-07-03 00:00:00+00:00,6414.24
2024-07-03 01:00:00+00:00,6150.366
2024-07-03 02:00:00+00:00,5725.827
2024-07-03 03:00:00+00:00,5213.995
2024-07-03 04:00:00+00:00,4869.723
2024-07-03 05:00:00+00:00,4640.396
2024-07-03 06:00:00+00:00,4481.178
2024-07-03 07:00:00+00:00,4378.281
2024-07-03 08:00:00+00:00,4398.552
2024-07-03 09:00:00+00:00,4495.082
2024-07-03 10:00:00+00:00,4671.706
2024-07-03 11:00:00+00:00,4985.376
2024-07-03 12:00:00+00:00,5324.473
2024-07-03 13:00:00+00:00,5686.299
2024-07-03 14:00:00+00:00,6058.738
2024-07-03 15:00:00+00:00,6447.039
2024-07-03 16:00:00+00:00,6820.175
2024-07-03 17:00:00+00:00,7163.213
2024-07-03 18:00:00+00:00,7418.617
2024-07-03 19:00:00+00:00,7603.417
2024-07-03 20:00:00+00:00,7751.276
2024-07-03 21:00:00+00:00,7854.205
2024-07-03 22:00:00+00:00,7766.868
2024-07-03 23:00:00+00:00,7531.837
2024-07-04 00:00:00+00:00,7158.62
2024-07-04 01:00:00+00:00,6854.579
2024-07-04 02:00:00+00:00,6445.674
2024-07-04 03:00:00+00:00,5954.495
2024-07-04 04:00:00+00:00,5559.468
2024-07-04 05:00:00+00:00,5248.565
2024-07-04 06:00:00+00:00,5016.273
2024-07-04 07:00:00+00:00,4865.242
2024-07-04 08:00:00+00:00,4767.511
2024-07-04 09:00:00+00:00,4755.055
2024-07-04 10:00:00+00:00,4772.386
2024-07-04 11:00:00+00:00,4945.765
2024-07-04 12:00:00+00:00,5313.215
2024-07-04 13:00:00+00:00,5790.876
2024-07-04 14:00:00+00:00,6227.908
2024-07-04 15:00:00+00:00,6641.344
2024-07-04 16:00:00+00:00,6977.948
2024-07-04 17:00:00+00:00,7224.356
2024-07-04 18:00:00+00:00,7362.166
2024-07-04 19:00:00+00:00,7372.117
2024-07-04 20:00:00+00:00,7365.858
2024-07-04 21:00:00+00:00,7229.598
2024-07-04 22:00:00+00:00,6983.046
2024-07-04 23:00:00+00:00,6739.509
2024-07-05 00:00:00+00:00,6476.593
2024-07-05 01:00:00+00:00,6232.524
2024-07-05 02:00:00+00:00,5988.86
2024-07-05 03:00:00+00:00,5704.727
2024-07-05 04:00:00+00:00,5353.551
2024-07-05 05:00:00+00:00,5068.65
2024-07-05 06:00:00+00:00,4896.403
2024-07-05 07:00:00+00:00,4791.81
2024-07-05 08:00:00+00:00,4781.527
2024-07-05 09:00:00+00:00,4861.075
2024-07-05 10:00:00+00:00,4986.401
2024-07-05 11:00:00+00:00,5246.446
2024-07-05 12:00:00+00:00,5602.759
2024-07-05 13:00:00+00:00,6015.197
2024-07-05 14:00:00+00:00,6459.017
2024-07-05 15:00:00+00:00,6894.336
2024-07-05 16:00:00+00:00,7209.52
2024-07-05 17:00:00+00:00,7500.183
2024-07-05 18:00:00+00:00,7689.231
2024-07-05 19:00:00+00:00,7840.467
2024-07-05 20:00:00+00:00,7882.122
2024-07-05 21:00:00+00:00,7876.581
2024-07-05 22:00:00+00:00,7732.021
2024-07-05 23:00:00+00:00,7451.364
2024-07-06 00:00:00+00:00,7176.352
2024-07-06 01:00:00+00:00,6939.675
2024-07-06 02:00:00+00:00,6527.385
2024-07-06 03:00:00+00:00,6086.091
2024-07-06 04:00:00+00:00,5705.554
2024-07-06 05:00:00+00:00,5389.611
2024-07-06 06:00:00+00:00,5163.318
2024-07-06 07:00:00+00:00,4996.249
2024-07-06 08:00:00+00:00,4894.701
2024-07-06 09:00:00+00:00,4837.558
2024-07-06 10:00:00+00:00,4874.162
2024-07-06 11:00:00+00:00,5136.212
2024-07-06 12:00:00+00:00,5551.194
2024-07-06 13:00:00+00:00,6023.62
2024-07-06 14:00:00+00:00,6474.524
2024-07-06 15:00:00+00:00,6840.539
2024-07-06 16:00:00+00:00,7059.918
2024-07-06 17:00:00+00:00,7192.614
2024-07-06 18:00:00+00:00,7357.303
2024-07-06 19:00:00+00:00,7472.229
2024-07-06 20:00:00+00:00,7622.909
2024-07-06 21:00:00+00:00,7665.418
2024-07-06 22:00:00+00:00,7583.723
2024-07-06 23:00:00+00:00,7360.936
2024-07-07 00:00:00+00:00,6964.785
2024-07-07 01:00:00+00:00,6619.381
2024-07-07 02:00:00+00:00,6206.987
2024-07-07 03:00:00+00:00,5765.138
2024-07-07 04:00:00+00:00,5381.768
2024-07-07 05:00:00+00:00,5044.9
2024-07-07 06:00:00+00:00,4741.539
2024-07-07 07:00:00+00:00,4563.511
2024-07-07 08:00:00+00:00,4439.565
2024-07-07 09:00:00+00:00,4393.549
2024-07-07 10:00:00+00:00,4372.961
2024-07-07 11:00:00+00:00,4609.639
2024-07-07 12:00:00+00:00,5068.693
2024-07-07 13:00:00+00:00,5533.478
2024-07-07 14:00:00+00:00,5949.216
2024-07-07 15:00:00+00:00,6303.88
2024-07-07 16:00:00+00:00,6650.434
2024-07-07 17:00:00+00:00,6923.701
2024-07-07 18:00:00+00:00,7139.376
2024-07-07 19:00:00+00:00,7389.099
2024-07-07 20:00:00+00:00,7594.542
2024-07-07 21:00:00+00:00,7743.618
2024-07-07 22:00:00+00:00,7724.805
2024-07-07 23:00:00+00:00,7529.89
2024-07-08 00:00:00+00:00,7154.912
2024-07-08 01:00:00+00:00,6836.321
2024-07-08 02:00:00+00:00,6320.487
2024-07-08 03:00:00+00:00,5799.489
2024-07-08 04:00:00+00:00,5405.064
2024-07-08 05:00:00+00:00,5124.106
2024-07-08 06:00:00+00:00,4924.303
2024-07-08 07:00:00+00:00,4797.854
2024-07-08 08:00:00+00:00,4848.053
2024-07-08 09:00:00+00:00,4959.505
2024-07-08 10:00:00+00:00,5204.132
2024-07-08 11:00:00+00:00,5510.519
2024-07-08 12:00:00+00:00,5970.102
2024-07-08 13:00:00+00:00,6505.96
2024-07-08 14:00:00+00:00,6995.336
2024-07-08 15:00:00+00:00,7516.728
2024-07-08 16:00:00+00:00,7918.407
2024-07-08 17:00:00+00:00,8246.132
2024-07-08 18:00:00+00:00,8477.369
2024-07-08 19:00:00+00:00,8539.925
2024-07-08 20:00:00+00:00,8616.07
2024-07-08 21:00:00+00:00,8633.44
2024-07-08 22:00:00+00:00,8536.205
2024-07-08 23:00:00+00:00,8351.602
2024-07-09 00:00:00+00:00,7916.336
2024-07-09 01:00:00+00:00,7623.781
2024-07-09 02:00:00+00:00,7059.98
2024-07-09 03:00:00+00:00,6504.412
2024-07-09 04:00:00+00:00,6054.02
2024-07-09 05:00:00+00:00,5726.563
2024-07-09 06:00:00+00:00,5388.593
2024-07-09 07:00:00+00:00,5213.449
2024-07-09 08:00:00+00:00,5118.208
2024-07-09 09:00:00+00:00,5293.495
2024-07-09 10:00:00+00:00,5562.177
2024-07-09 11:00:00+00:00,5884.692
2024-07-09 12:00:00+00:00,6235.125
2024-07-09 13:00:00+00:00,6689.903
2024-07-09 14:00:00+00:00,7217.253
2024-07-09 15:00:00+00:00,7675.955
2024-07-09 16:00:00+00:00,8083.579
2024-07-09 17:00:00+00:00,8392.759
2024-07-09 18:00:00+00:00,8550.401
2024-07-09 19:00:00+00:00,8617.328
2024-07-09 20:00:00+00:00,8616.61
2024-07-09 21:00:00+00:00,8562.615
2024-07-09 22:00:00+00:00,8583.195
2024-07-09 23:00:00+00:00,8423.29
2024-07-10 00:00:00+00:00,8088.47
2024-07-10 01:00:00+00:00,7855.132
2024-07-10 02:00:00+00:00,7234.134
2024-07-10 03:00:00+00:00,6711.061
2024-07-10 04:00:00+00:00,6388.174
2024-07-10 05:00:00+00:00,5974.068
2024-07-10 06:00:00+00:00,5818.572
2024-07-10 07:00:00+00:00,5678.836
2024-07-10 08:00:00+00:00,5660.321
2024-07-10 09:00:00+00:00,5842.329
2024-07-10 10:00:00+00:00,6078.278
2024-07-10 11:00:00+00:00,6506.096
2024-07-10 12:00:00+00:00,7013.569
2024-07-10 13:00:00+00:00,7539.839
2024-07-10 14:00:00+00:00,7972.946
2024-07-10 15:00:00+00:00,8269.281
2024-07-10 16:00:00+00:00,8411.171
2024-07-10 17:00:00+00:00,8622.916
2024-07-10 18:00:00+00:00,8577.369
2024-07-10 19:00:00+00:00,8523.612
2024-07-10 20:00:00+00:00,8490.055
2024-07-10 21:00:00+00:00,8436.178
2024-07-10 22:00:00+00:00,8245.911
2024-07-10 23:00:00+00:00,7822.062
2024-07-11 00:00:00+00:00,7445.796
2024-07-11 01:00:00+00:00,7108.339
2024-07-11 02:00:00+00:00,6551.139
2024-07-11 03:00:00+00:00,6058.976
2024-07-11 04:00:00+00:00,5714.822
2024-07-11 05:00:00+00:00,5364.216
2024-07-11 06:00:00+00:00,5104.671
2024-07-11 07:00:00+00:00,4942.244
2024-07-11 08:00:00+00:00,4928.057
2024-07-11 09:00:00+00:00,5067.444
2024-07-11 10:00:00+00:00,5311.086
2024-07-11 11:00:00+00:00,5542.037
2024-07-11 12:00:00+00:00,5769.775
2024-07-11 13:00:00+00:00,5969.52
2024-07-11 14:00:00+00:00,6204.676
2024-07-11 15:00:00+00:00,6415.603
2024-07-11 16:00:00+00:00,6597.176
2024-07-11 17:00:00+00:00,6778.816
2024-07-11 18:00:00+00:00,6898.622
2024-07-11 19:00:00+00:00,6981.57
2024-07-11 20:00:00+00:00,7081.626
2024-07-11 21:00:00+00:00,7141.744
2024-07-11 22:00:00+00:00,7128.632
2024-07-11 23:00:00+00:00,6969.939
2024-07-12 00:00:00+00:00,6728.04
2024-07-12 01:00:00+00:00,6488.763
2024-07-12 02:00:00+00:00,6020.396
2024-07-12 03:00:00+00:00,5511.507
2024-07-12 04:00:00+00:00,5099.493
2024-07-12 05:00:00+00:00,4842.959
2024-07-12 06:00:00+00:00,4649.778
2024-07-12 07:00:00+00:00,4556.982
2024-07-12 08:00:00+00:00,4555.217
2024-07-12 09:00:00+00:00,4662.476
2024-07-12 10:00:00+00:00,4843.875
2024-07-12 11:00:00+00:00,5159.818
2024-07-12 12:00:00+00:00,5481.96
2024-07-12 13:00:00+00:00,5822.041
2024-07-12 14:00:00+00:00,6189.327
2024-07-12 15:00:00+00:00,6508.901
2024-07-12 16:00:00+00:00,6761.474
2024-07-12 17:00:00+00:00,7024.827
2024-07-12 18:00:00+00:00,7246.967
2024-07-12 19:00:00+00:00,7390.611
2024-07-12 20:00:00+00:00,7555.307
2024-07-12 21:00:00+00:00,7588.116
2024-07-12 22:00:00+00:00,7514.466
2024-07-12 23:00:00+00:00,7289.756
2024-07-13 00:00:00+00:00,6944.491
2024-07-13 01:00:00+00:00,6663.992
2024-07-13 02:00:00+00:00,6190.79
2024-07-13 03:00:00+00:00,5740.219
2024-07-13 04:00:00+00:00,5341.82
2024-07-13 05:00:00+00:00,5051.422
2024-07-13 06:00:00+00:00,4827.367
2024-07-13 07:00:00+00:00,4698.313
2024-07-13 08:00:00+00:00,4636.674
2024-07-13 09:00:00+00:00,4621.334
2024-07-13 10:00:00+00:00,4644.417
2024-07-13 11:00:00+00:00,4886.827
2024-07-13 12:00:00+00:00,5312.628
2024-07-13 13:00:00+00:00,5810.193
2024-07-13 14:00:00+00:00,6336.587
2024-07-13 15:00:00+00:00,6804.847
2024-07-13 16:00:00+00:00,7169.76
2024-07-13 17:00:00+00:00,7434.217
2024-07-13 18:00:00+00:00,7641.32
2024-07-13 19:00:00+00:00,7854.27
2024-07-13 20:00:00+00:00,7992.023
2024-07-13 21:00:00+00:00,8049.203
2024-07-13 22:00:00+00:00,7952.369
2024-07-13 23:00:00+00:00,7747.366
2024-07-14 00:00:00+00:00,7371.253
2024-07-14 01:00:00+00:00,7072.706
2024-07-14 02:00:00+00:00,6603.263
2024-07-14 03:00:00+00:00,6121.005
2024-07-14 04:00:00+00:00,5702.925
2024-07-14 05:00:00+00:00,5374.58
2024-07-14 06:00:00+00:00,5085.489
2024-07-14 07:00:00+00:00,4875.303
2024-07-14 08:00:00+00:00,4744.87
2024-07-14 09:00:00+00:00,4662.567
2024-07-14 10:00:00+00:00,4633.705
2024-07-14 11:00:00+00:00,4896.529
2024-07-14 12:00:00+00:00,5388.363
2024-07-14 13:00:00+00:00,5955.558
2024-07-14 14:00:00+00:00,6527.201
2024-07-14 15:00:00+00:00,7003.426
2024-07-14 16:00:00+00:00,7348.305
2024-07-14 17:00:00+00:00,7615.728
2024-07-14 18:00:00+00:00,7821.885
2024-07-14 19:00:00+00:00,7994.949
2024-07-14 20:00:00+00:00,8168.509
2024-07-14 21:00:00+00:00,8264.707
2024-07-14 22:00:00+00:00,8227.704
2024-07-14 23:00:00+00:00,7967.562
2024-07-15 00:00:00+00:00,7589.979
2024-07-15 01:00:00+00:00,7260.451
2024-07-15 02:00:00+00:00,6742.415
2024-07-15 03:00:00+00:00,6275.153
2024-07-15 04:00:00+00:00,5862.587
2024-07-15 05:00:00+00:00,5551.23
2024-07-15 06:00:00+00:00,5334.578
2024-07-15 07:00:00+00:00,5179.869
2024-07-15 08:00:00+00:00,5157.585
2024-07-15 09:00:00+00:00,5286.902
2024-07-15 10:00:00+00:00,5479.317
2024-07-15 11:00:00+00:00,5816.83
2024-07-15 12:00:00+00:00,6230.482
2024-07-15 13:00:00+00:00,6712.799
2024-07-15 14:00:00+00:00,7227.507
2024-07-15 15:00:00+00:00,7761.81
2024-07-15 16:00:00+00:00,8169.178
2024-07-15 17:00:00+00:00,8525.292
2024-07-15 18:00:00+00:00,8667.953
2024-07-15 19:00:00+00:00,8731.346
2024-07-15 20:00:00+00:00,8687.527
2024-07-15 21:00:00+00:00,8598.965
2024-07-15 22:00:00+00:00,8538.933
2024-07-15 23:00:00+00:00,8379.984
2024-07-16 00:00:00+00:00,7949.489
2024-07-16 01:00:00+00:00,7608.051
2024-07-16 02:00:00+00:00,7076.98
2024-07-16 03:00:00+00:00,6532.439
2024-07-16 04:00:00+00:00,6103.713
2024-07-16 05:00:00+00:00,5721.785
2024-07-16 06:00:00+00:00,5471.487
2024-07-16 07:00:00+00:00,5310.113
2024-07-16 08:00:00+00:00,5247.956
2024-07-16 09:00:00+00:00,5346.517
2024-07-16 10:00:00+00:00,5593.692
2024-07-16 11:00:00+00:00,5976.532
2024-07-16 12:00:00+00:00,6477.486
2024-07-16 13:00:00+00:00,7011.162
2024-07-16 14:00:00+00:00,7620.945
2024-07-16 15:00:00+00:00,8057.632
2024-07-16 16:00:00+00:00,8437.112
2024-07-16 17:00:00+00:00,8677.886
2024-07-16 18:00:00+00:00,8789.94
2024-07-16 19:00:00+00:00,8815.546
2024-07-16 20:00:00+00:00,8778.687
2024-07-16 21:00:00+00:00,8772.169
2024-07-16 22:00:00+00:00,8620.623
2024-07-16 23:00:00+00:00,8361.285
2024-07-17 00:00:00+00:00,7924.261
2024-07-17 01:00:00+00:00,7602.932
2024-07-17 02:00:00+00:00,7062.255
2024-07-17 03:00:00+00:00,6525.21
2024-07-17 04:00:00+00:00,6149.944
2024-07-17 05:00:00+00:00,5793.326
2024-07-17 06:00:00+00:00,5578.438
2024-07-17 07:00:00+00:00,5396.352
2024-07-17 08:00:00+00:00,5410.668
2024-07-17 09:00:00+00:00,5469.024
2024-07-17 10:00:00+00:00,5715.304
2024-07-17 11:00:00+00:00,5927.075
2024-07-17 12:00:00+00:00,6222.084
2024-07-17 13:00:00+00:00,6528.053
2024-07-17 14:00:00+00:00,6858.077
2024-07-17 15:00:00+00:00,7086.531
2024-07-17 16:00:00+00:00,7337.689
2024-07-17 17:00:00+00:00,7516.835
2024-07-17 18:00:00+00:00,7716.191
2024-07-17 19:00:00+00:00,7925.004
2024-07-17 20:00:00+00:00,7824.28
2024-07-17 21:00:00+00:00,7653.989
2024-07-17 22:00:00+00:00,7412.903
2024-07-17 23:00:00+00:00,7145.027
2024-07-18 00:00:00+00:00,6894.694
2024-07-18 01:00:00+00:00,6592.755
2024-07-18 02:00:00+00:00,6278.966
2024-07-18 03:00:00+00:00,5722.438
2024-07-18 04:00:00+00:00,5420.792
2024-07-18 05:00:00+00:00,5190.533
2024-07-18 06:00:00+00:00,4959.796
2024-07-18 07:00:00+00:00,4940.24
2024-07-18 08:00:00+00:00,4864.219
2024-07-18 09:00:00+00:00,5093.539
2024-07-18 10:00:00+00:00,5302.727
2024-07-18 11:00:00+00:00,5513.587
2024-07-18 12:00:00+00:00,5834.536
2024-07-18 13:00:00+00:00,5908.108
2024-07-18 14:00:00+00:00,6155.839
2024-07-18 15:00:00+00:00,6370.17
2024-07-18 16:00:00+00:00,6528.74
2024-07-18 17:00:00+00:00,6696.792
2024-07-18 18:00:00+00:00,6884.167
2024-07-18 19:00:00+00:00,7041.38
2024-07-18 20:00:00+00:00,7168.755
2024-07-18 21:00:00+00:00,7205.733
2024-07-18 22:00:00+00:00,7169.799
2024-07-18 23:00:00+00:00,6926.246
2024-07-19 00:00:00+00:00,6551.435
2024-07-19 01:00:00+00:00,6286.757
2024-07-19 02:00:00+00:00,5858.053
2024-07-19 03:00:00+00:00,5458.517
2024-07-19 04:00:00+00:00,5061.412
2024-07-19 05:00:00+00:00,4737.217
2024-07-19 06:00:00+00:00,4542.59
2024-07-19 07:00:00+00:00,4441.364
2024-07-19 08:00:00+00:00,4399.813
2024-07-19 09:00:00+00:00,4518.562
2024-07-19 10:00:00+00:00,4704.748
2024-07-19 11:00:00+00:00,4969.399
2024-07-19 12:00:00+00:00,5186.804
2024-07-19 13:00:00+00:00,5450.299
2024-07-19 14:00:00+00:00,5759.473
2024-07-19 15:00:00+00:00,6031.517
2024-07-19 16:00:00+00:00,6283.561
2024-07-19 17:00:00+00:00,6590.04
2024-07-19 18:00:00+00:00,6776.548
2024-07-19 19:00:00+00:00,6977.025
2024-07-19 20:00:00+00:00,7176.297
2024-07-19 21:00:00+00:00,7280.238
2024-07-19 22:00:00+00:00,7252.093
2024-07-19 23:00:00+00:00,6999.242
2024-07-20 00:00:00+00:00,6599.49
2024-07-20 01:00:00+00:00,6328.799
2024-07-20 02:00:00+00:00,5877.5
2024-07-20 03:00:00+00:00,5449.542
2024-07-20 04:00:00+00:00,5085.688
2024-07-20 05:00:00+00:00,4827.886
2024-07-20 06:00:00+00:00,4619.803
2024-07-20 07:00:00+00:00,4510.533
2024-07-20 08:00:00+00:00,4434.435
2024-07-20 09:00:00+00:00,4437.039
2024-07-20 10:00:00+00:00,4455.449
2024-07-20 11:00:00+00:00,4656.137
2024-07-20 12:00:00+00:00,4979.984
2024-07-20 13:00:00+00:00,5298.446
2024-07-20 14:00:00+00:00,5608.467
2024-07-20 15:00:00+00:00,5940.19
2024-07-20 16:00:00+00:00,6245.279
2024-07-20 17:00:00+00:00,6478.96
2024-07-20 18:00:00+00:00,6617.388
2024-07-20 19:00:00+00:00,6705.467
2024-07-20 20:00:00+00:00,6800.054
2024-07-20 21:00:00+00:00,6822.173
2024-07-20 22:00:00+00:00,6713.524
2024-07-20 23:00:00+00:00,6502.272
2024-07-21 00:00:00+00:00,6275.101
2024-07-21 01:00:00+00:00,6055.928
2024-07-21 02:00:00+00:00,5666.527
2024-07-21 03:00:00+00:00,5231.243
2024-07-21 04:00:00+00:00,4881.065
2024-07-21 05:00:00+00:00,4599.386
2024-07-21 06:00:00+00:00,4414.312
2024-07-21 07:00:00+00:00,4283.147
2024-07-21 08:00:00+00:00,4219.619
2024-07-21 09:00:00+00:00,4206.026
2024-07-21 10:00:00+00:00,4195.036
2024-07-21 11:00:00+00:00,4390.088
2024-07-21 12:00:00+00:00,4752.464
2024-07-21 13:00:00+00:00,5160.211
2024-07-21 14:00:00+00:00,5584.676
2024-07-21 15:00:00+00:00,5972.688
2024-07-21 16:00:00+00:00,6328.677
2024-07-21 17:00:00+00:00,6605.83
2024-07-21 18:00:00+00:00,6818.181
2024-07-21 19:00:00+00:00,7039.23
2024-07-21 20:00:00+00:00,7271.413
2024-07-21 21:00:00+00:00,7408.401
2024-07-21 22:00:00+00:00,7351.927
2024-07-21 23:00:00+00:00,7136.579
2024-07-22 00:00:00+00:00,6764.705
2024-07-22 01:00:00+00:00,6508.538
2024-07-22 02:00:00+00:00,5986.566
2024-07-22 03:00:00+00:00,5541.312
2024-07-22 04:00:00+00:00,5208.429
2024-07-22 05:00:00+00:00,4988.132
2024-07-22 06:00:00+00:00,4824.041
2024-07-22 07:00:00+00:00,4718.037
2024-07-22 08:00:00+00:00,4801.906
2024-07-22 09:00:00+00:00,4905.356
2024-07-22 10:00:00+00:00,5224.053
2024-07-22 11:00:00+00:00,5443.982
2024-07-22 12:00:00+00:00,5688.176
2024-07-22 13:00:00+00:00,5911.656
2024-07-22 14:00:00+00:00,6121.899
2024-07-22 15:00:00+00:00,6318.757
2024-07-22 16:00:00+00:00,6442.733
2024-07-22 17:00:00+00:00,6573.073
2024-07-22 18:00:00+00:00,6653.232
2024-07-22 19:00:00+00:00,6574.609
2024-07-22 20:00:00+00:00,6610.256
2024-07-22 21:00:00+00:00,6661.22
2024-07-22 22:00:00+00:00,6572.674
2024-07-22 23:00:00+00:00,6430.701
2024-07-23 00:00:00+00:00,6299.272
2024-07-23 01:00:00+00:00,6033.445
2024-07-23 02:00:00+00:00,5721.437
2024-07-23 03:00:00+00:00,5371.921
2024-07-23 04:00:00+00:00,5054.296
2024-07-23 05:00:00+00:00,4876.647
2024-07-23 06:00:00+00:00,4725.933
2024-07-23 07:00:00+00:00,4686.664
2024-07-23 08:00:00+00:00,4626.121
2024-07-23 09:00:00+00:00,4788.396
2024-07-23 10:00:00+00:00,5037.776
2024-07-23 11:00:00+00:00,5336.956
2024-07-23 12:00:00+00:00,5449.15
2024-07-23 13:00:00+00:00,5784.489
2024-07-23 14:00:00+00:00,5976.8
2024-07-23 15:00:00+00:00,6275.869
2024-07-23 16:00:00+00:00,6574.803
2024-07-23 17:00:00+00:00,6841.002
2024-07-23 18:00:00+00:00,7093.082
2024-07-23 19:00:00+00:00,7236.214
2024-07-23 20:00:00+00:00,7510.873
2024-07-23 21:00:00+00:00,7555.379
2024-07-23 22:00:00+00:00,7491.577
2024-07-23 23:00:00+00:00,7220.154
2024-07-24 00:00:00+00:00,6911.863
2024-07-24 01:00:00+00:00,6659.341
2024-07-24 02:00:00+00:00,6248.595
2024-07-24 03:00:00+00:00,5749.536
2024-07-24 04:00:00+00:00,5414.659
2024-07-24 05:00:00+00:00,5143.01
2024-07-24 06:00:00+00:00,4974.985
2024-07-24 07:00:00+00:00,4914.85
2024-07-24 08:00:00+00:00,4923.604
2024-07-24 09:00:00+00:00,5029.657
2024-07-24 10:00:00+00:00,5333.152
2024-07-24 11:00:00+00:00,5559.424
2024-07-24 12:00:00+00:00,5758.58
2024-07-24 13:00:00+00:00,6027.714
2024-07-24 14:00:00+00:00,6236.494
2024-07-24 15:00:00+00:00,6640.88
2024-07-24 16:00:00+00:00,6916.799
2024-07-24 17:00:00+00:00,7175.051
2024-07-24 18:00:00+00:00,7367.11
2024-07-24 19:00:00+00:00,7387.327
2024-07-24 20:00:00+00:00,7523.076
2024-07-24 21:00:00+00:00,7450.159
2024-07-24 22:00:00+00:00,7293.892
2024-07-24 23:00:00+00:00,7049.078
2024-07-25 00:00:00+00:00,6903.899
2024-07-25 01:00:00+00:00,6611.607
2024-07-25 02:00:00+00:00,6200.797
2024-07-25 03:00:00+00:00,5681.179
2024-07-25 04:00:00+00:00,5321.862
2024-07-25 05:00:00+00:00,5067.446
2024-07-25 06:00:00+00:00,4879.194
2024-07-25 07:00:00+00:00,4797.942
2024-07-25 08:00:00+00:00,4813.196
2024-07-25 09:00:00+00:00,4995.261
2024-07-25 10:00:00+00:00,5227.476
2024-07-25 11:00:00+00:00,5435.694
2024-07-25 12:00:00+00:00,5684.044
2024-07-25 13:00:00+00:00,5931.763
2024-07-25 14:00:00+00:00,6194.624
2024-07-25 15:00:00+00:00,6415.26
2024-07-25 16:00:00+00:00,6612.096
2024-07-25 17:00:00+00:00,6840.693
2024-07-25 18:00:00+00:00,7002.866
2024-07-25 19:00:00+00:00,7152.19
2024-07-25 20:00:00+00:00,7240.174
2024-07-25 21:00:00+00:00,7266.154
2024-07-25 22:00:00+00:00,7104.142
2024-07-25 23:00:00+00:00,6860.982
2024-07-26 00:00:00+00:00,6573.334
2024-07-26 01:00:00+00:00,6315.677
2024-07-26 02:00:00+00:00,5867.247
2024-07-26 03:00:00+00:00,5410.506
2024-07-26 04:00:00+00:00,5046.09
2024-07-26 05:00:00+00:00,4768.199
2024-07-26 06:00:00+00:00,4600.783
2024-07-26 07:00:00+00:00,4493.911
2024-07-26 08:00:00+00:00,4471.135
2024-07-26 09:00:00+00:00,4546.009
2024-07-26 10:00:00+00:00,4704.732
2024-07-26 11:00:00+00:00,4894.292
2024-07-26 12:00:00+00:00,5159.621
2024-07-26 13:00:00+00:00,5431.906
2024-07-26 14:00:00+00:00,5626.373
2024-07-26 15:00:00+00:00,5864.172
2024-07-26 16:00:00+00:00,6117.115
2024-07-26 17:00:00+00:00,6372.052
2024-07-26 18:00:00+00:00,6555.178
2024-07-26 19:00:00+00:00,6748.334
2024-07-26 20:00:00+00:00,6918.877
2024-07-26 21:00:00+00:00,6949.945
2024-07-26 22:00:00+00:00,6849.717
2024-07-26 23:00:00+00:00,6599.515
2024-07-27 00:00:00+00:00,6226.863
2024-07-27 01:00:00+00:00,5942.021
2024-07-27 02:00:00+00:00,5496.702
2024-07-27 03:00:00+00:00,5084.073
2024-07-27 04:00:00+00:00,4725.715
2024-07-27 05:00:00+00:00,4474.568
2024-07-27 06:00:00+00:00,4286.669
2024-07-27 07:00:00+00:00,4170.133
2024-07-27 08:00:00+00:00,4125.291
2024-07-27 09:00:00+00:00,4136.766
2024-07-27 10:00:00+00:00,4171.611
2024-07-27 11:00:00+00:00,4320.387
2024-07-27 12:00:00+00:00,4612.295
2024-07-27 13:00:00+00:00,4937.638
2024-07-27 14:00:00+00:00,5302.454
2024-07-27 15:00:00+00:00,5677.383
2024-07-27 16:00:00+00:00,6007.804
2024-07-27 17:00:00+00:00,6279.639
2024-07-27 18:00:00+00:00,6530.909
2024-07-27 19:00:00+00:00,6778.038
2024-07-27 20:00:00+00:00,6996.788
2024-07-27 21:00:00+00:00,7134.757
2024-07-27 22:00:00+00:00,7107.862
2024-07-27 23:00:00+00:00,6867.735
2024-07-28 00:00:00+00:00,6448.978
2024-07-28 01:00:00+00:00,6096.32
2024-07-28 02:00:00+00:00,5601.97
2024-07-28 03:00:00+00:00,5162.222
2024-07-28 04:00:00+00:00,4785.774
2024-07-28 05:00:00+00:00,4497.062
2024-07-28 06:00:00+00:00,4294.742
2024-07-28 07:00:00+00:00,4151.544
2024-07-28 08:00:00+00:00,4061.779
2024-07-28 09:00:00+00:00,4037.411
2024-07-28 10:00:00+00:00,4025.589
2024-07-28 11:00:00+00:00,4206.433
2024-07-28 12:00:00+00:00,4553.544
2024-07-28 13:00:00+00:00,4970.242
2024-07-28 14:00:00+00:00,5411.046
2024-07-28 15:00:00+00:00,5866.46
2024-07-28 16:00:00+00:00,6335.535
2024-07-28 17:00:00+00:00,6691.845
2024-07-28 18:00:00+00:00,6941.799
2024-07-28 19:00:00+00:00,7190.592
2024-07-28 20:00:00+00:00,7464.541
2024-07-28 21:00:00+00:00,7604.204
2024-07-28 22:00:00+00:00,7577.622
2024-07-28 23:00:00+00:00,7342.057
2024-07-29 00:00:00+00:00,6967.944
2024-07-29 01:00:00+00:00,6593.893
2024-07-29 02:00:00+00:00,6090.958
2024-07-29 03:00:00+00:00,5586.516
2024-07-29 04:00:00+00:00,5227.621
2024-07-29 05:00:00+00:00,4965.17
2024-07-29 06:00:00+00:00,4786.121
2024-07-29 07:00:00+00:00,4663.01
2024-07-29 08:00:00+00:00,4723.859
2024-07-29 09:00:00+00:00,4789.286
2024-07-29 10:00:00+00:00,5086.962
2024-07-29 11:00:00+00:00,5355.31
2024-07-29 12:00:00+00:00,5701.818
2024-07-29 13:00:00+00:00,6094.22
2024-07-29 14:00:00+00:00,6509.456
2024-07-29 15:00:00+00:00,6954.68
2024-07-29 16:00:00+00:00,7310.651
2024-07-29 17:00:00+00:00,7629.553
2024-07-29 18:00:00+00:00,7797.126
2024-07-29 19:00:00+00:00,7873.303
2024-07-29 20:00:00+00:00,7914.316
2024-07-29 21:00:00+00:00,7891.268
2024-07-29 22:00:00+00:00,7695.228
2024-07-29 23:00:00+00:00,7449.852
2024-07-30 00:00:00+00:00,7139.299
2024-07-30 01:00:00+00:00,6891.64
2024-07-30 02:00:00+00:00,6420.35
2024-07-30 03:00:00+00:00,5961.829
2024-07-30 04:00:00+00:00,5611.722
2024-07-30 05:00:00+00:00,5276.48
2024-07-30 06:00:00+00:00,5145.36
2024-07-30 07:00:00+00:00,5082.288
2024-07-30 08:00:00+00:00,5020.472
2024-07-30 09:00:00+00:00,5223.937
2024-07-30 10:00:00+00:00,5462.134
2024-07-30 11:00:00+00:00,5734.62
2024-07-30 12:00:00+00:00,5926.854
2024-07-30 13:00:00+00:00,6103.372
2024-07-30 14:00:00+00:00,6475.028
2024-07-30 15:00:00+00:00,6741.915
2024-07-30 16:00:00+00:00,6962.256
2024-07-30 17:00:00+00:00,7166.378
2024-07-30 18:00:00+00:00,7270.463
2024-07-30 19:00:00+00:00,7482.592
2024-07-30 20:00:00+00:00,7464.069
2024-07-30 21:00:00+00:00,7453.54
2024-07-30 22:00:00+00:00,7238.876
2024-07-30 23:00:00+00:00,7025.193
2024-07-31 00:00:00+00:00,6889.402
2024-07-31 01:00:00+00:00,6650.06
2024-07-31 02:00:00+00:00,6199.553
2024-07-31 03:00:00+00:00,5768.604
2024-07-31 04:00:00+00:00,5359.987
2024-07-31 05:00:00+00:00,5118.805
2024-07-31 06:00:00+00:00,5052.342
2024-07-31 07:00:00+00:00,4929.615
2024-07-31 08:00:00+00:00,4885.988
2024-07-31 09:00:00+00:00,5054.617
2024-07-31 10:00:00+00:00,5279.247
2024-07-31 11:00:00+00:00,5666.386
2024-07-31 12:00:00+00:00,5996.607
2024-07-31 13:00:00+00:00,6354.561
2024-07-31 14:00:00+00:00,6716.152
2024-07-31 15:00:00+00:00,7191.924
2024-07-31 16:00:00+00:00,7575.085
2024-07-31 17:00:00+00:00,7886.433
2024-07-31 18:00:00+00:00,8100.47
2024-07-31 19:00:00+00:00,8330.192
2024-07-31 20:00:00+00:00,8373.151
2024-07-31 21:00:00+00:00,8430.029
2024-07-31 22:00:00+00:00,8291.001
2024-07-31 23:00:00+00:00,8042.829
2024-08-01 00:00:00+00:00,7662.33
2024-08-01 01:00:00+00:00,7331.807
2024-08-01 02:00:00+00:00,6718.531
2024-08-01 03:00:00+00:00,6172.16
2024-08-01 04:00:00+00:00,5711.136
2024-08-01 05:00:00+00:00,5418.868
2024-08-01 06:00:00+00:00,5174.807
2024-08-01 07:00:00+00:00,5059.222
2024-08-01 08:00:00+00:00,5024.226
2024-08-01 09:00:00+00:00,5137.705
2024-08-01 10:00:00+00:00,5352.301
2024-08-01 11:00:00+00:00,5672.569
2024-08-01 12:00:00+00:00,6106.213
2024-08-01 13:00:00+00:00,6545.564
2024-08-01 14:00:00+00:00,7041.011
2024-08-01 15:00:00+00:00,7497.811
2024-08-01 16:00:00+00:00,7883.288
2024-08-01 17:00:00+00:00,8174.994
2024-08-01 18:00:00+00:00,8341.754
2024-08-01 19:00:00+00:00,8443.839
2024-08-01 20:00:00+00:00,8517.13
2024-08-01 21:00:00+00:00,8568.636
2024-08-01 22:00:00+00:00,8491.455
2024-08-01 23:00:00+00:00,8282.515
2024-08-02 00:00:00+00:00,7971.543
2024-08-02 01:00:00+00:00,7566.07
2024-08-02 02:00:00+00:00,6987.994
2024-08-02 03:00:00+00:00,6498.482
2024-08-02 04:00:00+00:00,6080.903
2024-08-02 05:00:00+00:00,5773.083
2024-08-02 06:00:00+00:00,5543.708
2024-08-02 07:00:00+00:00,5389.776
2024-08-02 08:00:00+00:00,5331.762
2024-08-02 09:00:00+00:00,5395.827
2024-08-02 10:00:00+00:00,5592.619
2024-08-02 11:00:00+00:00,5848.985
2024-08-02 12:00:00+00:00,6140.53
2024-08-02 13:00:00+00:00,6444.268
2024-08-02 14:00:00+00:00,6786.145
2024-08-02 15:00:00+00:00,7107.315
2024-08-02 16:00:00+00:00,7434.205
2024-08-02 17:00:00+00:00,7676.587
2024-08-02 18:00:00+00:00,7872.832
2024-08-02 19:00:00+00:00,8094.232
2024-08-02 20:00:00+00:00,8168.58
2024-08-02 21:00:00+00:00,8164.026
2024-08-02 22:00:00+00:00,7913.597
2024-08-02 23:00:00+00:00,7529.636
2024-08-03 00:00:00+00:00,7170.042
2024-08-03 01:00:00+00:00,6876.868
2024-08-03 02:00:00+00:00,6443.626
2024-08-03 03:00:00+00:00,6009.39
2024-08-03 04:00:00+00:00,5671.569
2024-08-03 05:00:00+00:00,5323.848
2024-08-03 06:00:00+00:00,5084.71
2024-08-03 07:00:00+00:00,4935.27
2024-08-03 08:00:00+00:00,4853.316
2024-08-03 09:00:00+00:00,4864.49
2024-08-03 10:00:00+00:00,4913.6
2024-08-03 11:00:00+00:00,5067.565
2024-08-03 12:00:00+00:00,5355.087
2024-08-03 13:00:00+00:00,5702.506
2024-08-03 14:00:00+00:00,6077.802
2024-08-03 15:00:00+00:00,6476.443
2024-08-03 16:00:00+00:00,6755.962
2024-08-03 17:00:00+00:00,6841.374
2024-08-03 18:00:00+00:00,6828.776
2024-08-03 19:00:00+00:00,6713.972
2024-08-03 20:00:00+00:00,6671.134
2024-08-03 21:00:00+00:00,6657.141
2024-08-03 22:00:00+00:00,6504.065
2024-08-03 23:00:00+00:00,6283.147
2024-08-04 00:00:00+00:00,6078.591
2024-08-04 01:00:00+00:00,5916.972
2024-08-04 02:00:00+00:00,5613.718
2024-08-04 03:00:00+00:00,5247.309
2024-08-04 04:00:00+00:00,4960.661
2024-08-04 05:00:00+00:00,4733.997
2024-08-04 06:00:00+00:00,4540.468
2024-08-04 07:00:00+00:00,4438.014
2024-08-04 08:00:00+00:00,4383.247
2024-08-04 09:00:00+00:00,4379.557
2024-08-04 10:00:00+00:00,4408.752
2024-08-04 11:00:00+00:00,4561.706
2024-08-04 12:00:00+00:00,4881.385
2024-08-04 13:00:00+00:00,5233.716
2024-08-04 14:00:00+00:00,5603.782
2024-08-04 15:00:00+00:00,5982.958
2024-08-04 16:00:00+00:00,6345.889
2024-08-04 17:00:00+00:00,6625.731
2024-08-04 18:00:00+00:00,6873.691
2024-08-04 19:00:00+00:00,7130.574
2024-08-04 20:00:00+00:00,7354.791
2024-08-04 21:00:00+00:00,7498.02
2024-08-04 22:00:00+00:00,7475.912
2024-08-04 23:00:00+00:00,7196.753
2024-08-05 00:00:00+00:00,6907.166
2024-08-05 01:00:00+00:00,6583.113
2024-08-05 02:00:00+00:00,6058.764
2024-08-05 03:00:00+00:00,5589.634
2024-08-05 04:00:00+00:00,5264.968
2024-08-05 05:00:00+00:00,4947.24
2024-08-05 06:00:00+00:00,4824.713
2024-08-05 07:00:00+00:00,4645.194
2024-08-05 08:00:00+00:00,4709.079
2024-08-05 09:00:00+00:00,4849.087
2024-08-05 10:00:00+00:00,5037.005
2024-08-05 11:00:00+00:00,5298.233
2024-08-05 12:00:00+00:00,5661.151
2024-08-05 13:00:00+00:00,6102.105
2024-08-05 14:00:00+00:00,6649.099
2024-08-05 15:00:00+00:00,7130.82
2024-08-05 16:00:00+00:00,7530.443
2024-08-05 17:00:00+00:00,7812.186
2024-08-05 18:00:00+00:00,8051.415
2024-08-05 19:00:00+00:00,8211.547
2024-08-05 20:00:00+00:00,8368.941
2024-08-05 21:00:00+00:00,8352.686
2024-08-05 22:00:00+00:00,8369.341
2024-08-05 23:00:00+00:00,8130.59
2024-08-06 00:00:00+00:00,7765.618
2024-08-06 01:00:00+00:00,7355.683
2024-08-06 02:00:00+00:00,6838.514
2024-08-06 03:00:00+00:00,6335.902
2024-08-06 04:00:00+00:00,5894.061
2024-08-06 05:00:00+00:00,5606.742
2024-08-06 06:00:00+00:00,5366.242
2024-08-06 07:00:00+00:00,5193.968
2024-08-06 08:00:00+00:00,5177.141
2024-08-06 09:00:00+00:00,5302.882
2024-08-06 10:00:00+00:00,5480.012
2024-08-06 11:00:00+00:00,5710.754
2024-08-06 12:00:00+00:00,6081.427
2024-08-06 13:00:00+00:00,6533.941
2024-08-06 14:00:00+00:00,7082.947
2024-08-06 15:00:00+00:00,7598.89
2024-08-06 16:00:00+00:00,7988.977
2024-08-06 17:00:00+00:00,8298.531
2024-08-06 18:00:00+00:00,8434.78
2024-08-06 19:00:00+00:00,8420.114
2024-08-06 20:00:00+00:00,8315.724
2024-08-06 21:00:00+00:00,8297.617
2024-08-06 22:00:00+00:00,8065.954
2024-08-06 23:00:00+00:00,7713.172
2024-08-07 00:00:00+00:00,7345.883
2024-08-07 01:00:00+00:00,6909.429
2024-08-07 02:00:00+00:00,6404.569
2024-08-07 03:00:00+00:00,5898.675
2024-08-07 04:00:00+00:00,5529.139
2024-08-07 05:00:00+00:00,5240.089
2024-08-07 06:00:00+00:00,5046.821
2024-08-07 07:00:00+00:00,4939.595
2024-08-07 08:00:00+00:00,4999.314
2024-08-07 09:00:00+00:00,5156.635
2024-08-07 10:00:00+00:00,5452.982
2024-08-07 11:00:00+00:00,5648.665
2024-08-07 12:00:00+00:00,5846.121
2024-08-07 13:00:00+00:00,6063.306
2024-08-07 14:00:00+00:00,6279.296
2024-08-07 15:00:00+00:00,6523.711
2024-08-07 16:00:00+00:00,6786.852
2024-08-07 17:00:00+00:00,7011.293
2024-08-07 18:00:00+00:00,7231.806
2024-08-07 19:00:00+00:00,7456.146
2024-08-07 20:00:00+00:00,7612.182
2024-08-07 21:00:00+00:00,7639.571
2024-08-07 22:00:00+00:00,7428.181
2024-08-07 23:00:00+00:00,7167.528
2024-08-08 00:00:00+00:00,6953.769
2024-08-08 01:00:00+00:00,6597.636
2024-08-08 02:00:00+00:00,6234.149
2024-08-08 03:00:00+00:00,5804.597
2024-08-08 04:00:00+00:00,5490.406
2024-08-08 05:00:00+00:00,5173.167
2024-08-08 06:00:00+00:00,4966.855
2024-08-08 07:00:00+00:00,4884.328
2024-08-08 08:00:00+00:00,4892.392
2024-08-08 09:00:00+00:00,5045.311
2024-08-08 10:00:00+00:00,5280.171
2024-08-08 11:00:00+00:00,5554.874
2024-08-08 12:00:00+00:00,5805.39
2024-08-08 13:00:00+00:00,6015.699
2024-08-08 14:00:00+00:00,6228.42
2024-08-08 15:00:00+00:00,6436.567
2024-08-08 16:00:00+00:00,6646.179
2024-08-08 17:00:00+00:00,6852.929
2024-08-08 18:00:00+00:00,6903.733
2024-08-08 19:00:00+00:00,6973.206
2024-08-08 20:00:00+00:00,7037.131
2024-08-08 21:00:00+00:00,7025.124
2024-08-08 22:00:00+00:00,6903.466
2024-08-08 23:00:00+00:00,6742.25
2024-08-09 00:00:00+00:00,6636.641
2024-08-09 01:00:00+00:00,6402.322
2024-08-09 02:00:00+00:00,6031.834
2024-08-09 03:00:00+00:00,5689.326
2024-08-09 04:00:00+00:00,5445.496
2024-08-09 05:00:00+00:00,5256.4
2024-08-09 06:00:00+00:00,5128.876
2024-08-09 07:00:00+00:00,5080.542
2024-08-09 08:00:00+00:00,5115.06
2024-08-09 09:00:00+00:00,5274.182
2024-08-09 10:00:00+00:00,5508.523
2024-08-09 11:00:00+00:00,5711.071
2024-08-09 12:00:00+00:00,5936.602
2024-08-09 13:00:00+00:00,6148.922
2024-08-09 14:00:00+00:00,6342.963
2024-08-09 15:00:00+00:00,6519.628
2024-08-09 16:00:00+00:00,6652.192
2024-08-09 17:00:00+00:00,6807.249
2024-08-09 18:00:00+00:00,6894.952
2024-08-09 19:00:00+00:00,7072.334
2024-08-09 20:00:00+00:00,7238.745
2024-08-09 21:00:00+00:00,7346.286
2024-08-09 22:00:00+00:00,7278.006
2024-08-09 23:00:00+00:00,7010.174
2024-08-10 00:00:00+00:00,6703.602
2024-08-10 01:00:00+00:00,6416.067
2024-08-10 02:00:00+00:00,5977.653
2024-08-10 03:00:00+00:00,5543.996
2024-08-10 04:00:00+00:00,5143.719
2024-08-10 05:00:00+00:00,4865.364
2024-08-10 06:00:00+00:00,4659.008
2024-08-10 07:00:00+00:00,4497.003
2024-08-10 08:00:00+00:00,4445.869
2024-08-10 09:00:00+00:00,4422.706
2024-08-10 10:00:00+00:00,4469.061
2024-08-10 11:00:00+00:00,4597.733
2024-08-10 12:00:00+00:00,4939.486
2024-08-10 13:00:00+00:00,5298.852
2024-08-10 14:00:00+00:00,5625.191
2024-08-10 15:00:00+00:00,5891.58
2024-08-10 16:00:00+00:00,6085.857
2024-08-10 17:00:00+00:00,6234.037
2024-08-10 18:00:00+00:00,6413.955
2024-08-10 19:00:00+00:00,6552.907
2024-08-10 20:00:00+00:00,6705.98
2024-08-10 21:00:00+00:00,6773.804
2024-08-10 22:00:00+00:00,6652.77
2024-08-10 23:00:00+00:00,6369.153
2024-08-11 00:00:00+00:00,6024.608
2024-08-11 01:00:00+00:00,5720.488
2024-08-11 02:00:00+00:00,5313.971
2024-08-11 03:00:00+00:00,4928.624
2024-08-11 04:00:00+00:00,4599.386
2024-08-11 05:00:00+00:00,4349.19
2024-08-11 06:00:00+00:00,4154.359
2024-08-11 07:00:00+00:00,4056.439
2024-08-11 08:00:00+00:00,3978.669
2024-08-11 09:00:00+00:00,3975.005
2024-08-11 10:00:00+00:00,3995.642
2024-08-11 11:00:00+00:00,4095.051
2024-08-11 12:00:00+00:00,4335.983
2024-08-11 13:00:00+00:00,4597.95
2024-08-11 14:00:00+00:00,4809.04
2024-08-11 15:00:00+00:00,5029.33
2024-08-11 16:00:00+00:00,5217.731
2024-08-11 17:00:00+00:00,5413.962
2024-08-11 18:00:00+00:00,5589.96
2024-08-11 19:00:00+00:00,5787.084
2024-08-11 20:00:00+00:00,6011.776
2024-08-11 21:00:00+00:00,6137.416
2024-08-11 22:00:00+00:00,6116.23
2024-08-11 23:00:00+00:00,5909.063
2024-08-12 00:00:00+00:00,5691.447
2024-08-12 01:00:00+00:00,5420.861
2024-08-12 02:00:00+00:00,5058.514
2024-08-12 03:00:00+00:00,4708.135
2024-08-12 04:00:00+00:00,4429.541
2024-08-12 05:00:00+00:00,4280.447
2024-08-12 06:00:00+00:00,4174.109
2024-08-12 07:00:00+00:00,4113.203
2024-08-12 08:00:00+00:00,4228.174
2024-08-12 09:00:00+00:00,4372.216
2024-08-12 10:00:00+00:00,4673.024
2024-08-12 11:00:00+00:00,4829.678
2024-08-12 12:00:00+00:00,5087.386
2024-08-12 13:00:00+00:00,5330.176
2024-08-12 14:00:00+00:00,5511.304
2024-08-12 15:00:00+00:00,5754.892
2024-08-12 16:00:00+00:00,5968.316
2024-08-12 17:00:00+00:00,6102.567
2024-08-12 18:00:00+00:00,6283.297
2024-08-12 19:00:00+00:00,6422.53
2024-08-12 20:00:00+00:00,6474.446
2024-08-12 21:00:00+00:00,6636.462
2024-08-12 22:00:00+00:00,6676.475
2024-08-12 23:00:00+00:00,6454.024
2024-08-13 00:00:00+00:00,6172.51
2024-08-13 01:00:00+00:00,5846.426
2024-08-13 02:00:00+00:00,5359.094
2024-08-13 03:00:00+00:00,5025.991
2024-08-13 04:00:00+00:00,4674.165
2024-08-13 05:00:00+00:00,4483.622
2024-08-13 06:00:00+00:00,4342.632
2024-08-13 07:00:00+00:00,4261.993
2024-08-13 08:00:00+00:00,4250.046
2024-08-13 09:00:00+00:00,4413.209
2024-08-13 10:00:00+00:00,4622.328
2024-08-13 11:00:00+00:00,4811.196
2024-08-13 12:00:00+00:00,4975.669
2024-08-13 13:00:00+00:00,5222.716
2024-08-13 14:00:00+00:00,5472.012
2024-08-13 15:00:00+00:00,5682.153
2024-08-13 16:00:00+00:00,5931.594
2024-08-13 17:00:00+00:00,6185.106
2024-08-13 18:00:00+00:00,6410.22
2024-08-13 19:00:00+00:00,6588.54
2024-08-13 20:00:00+00:00,6659.344
2024-08-13 21:00:00+00:00,6848.679
2024-08-13 22:00:00+00:00,6767.876
2024-08-13 23:00:00+00:00,6507.388
2024-08-14 00:00:00+00:00,6274.966
2024-08-14 01:00:00+00:00,5911.933
2024-08-14 02:00:00+00:00,5431.515
2024-08-14 03:00:00+00:00,5078.398
2024-08-14 04:00:00+00:00,4785.702
2024-08-14 05:00:00+00:00,4563.26
2024-08-14 06:00:00+00:00,4437.738
2024-08-14 07:00:00+00:00,4324.115
2024-08-14 08:00:00+00:00,4321.681
2024-08-14 09:00:00+00:00,4463.384
2024-08-14 10:00:00+00:00,4740.998
2024-08-14 11:00:00+00:00,4941.557
2024-08-14 12:00:00+00:00,5083.143
2024-08-14 13:00:00+00:00,5386.093
2024-08-14 14:00:00+00:00,5601.423
2024-08-14 15:00:00+00:00,5944.499
2024-08-14 16:00:00+00:00,6175.122
2024-08-14 17:00:00+00:00,6495.431
2024-08-14 18:00:00+00:00,6657.824
2024-08-14 19:00:00+00:00,6911.416
2024-08-14 20:00:00+00:00,6964.159
2024-08-14 21:00:00+00:00,7074.05
2024-08-14 22:00:00+00:00,6997.791
2024-08-14 23:00:00+00:00,6725.315
2024-08-15 00:00:00+00:00,6432.874
2024-08-15 01:00:00+00:00,6072.954
2024-08-15 02:00:00+00:00,5627.014
2024-08-15 03:00:00+00:00,5181.986
2024-08-15 04:00:00+00:00,4828.708
2024-08-15 05:00:00+00:00,4563.697
2024-08-15 06:00:00+00:00,4510.691
2024-08-15 07:00:00+00:00,4335.984
2024-08-15 08:00:00+00:00,4416.672
2024-08-15 09:00:00+00:00,4557.491
2024-08-15 10:00:00+00:00,4819.135
2024-08-15 11:00:00+00:00,4997.173
2024-08-15 12:00:00+00:00,5224.871
2024-08-15 13:00:00+00:00,5365.698
2024-08-15 14:00:00+00:00,5685.643
2024-08-15 15:00:00+00:00,6056.972
2024-08-15 16:00:00+00:00,6352.095
2024-08-15 17:00:00+00:00,6661.608
2024-08-15 18:00:00+00:00,6948.499
2024-08-15 19:00:00+00:00,7140.516
2024-08-15 20:00:00+00:00,7297.389
2024-08-15 21:00:00+00:00,7315.656
2024-08-15 22:00:00+00:00,7168.582
2024-08-15 23:00:00+00:00,6825.049
2024-08-16 00:00:00+00:00,6602.409
2024-08-16 01:00:00+00:00,6233.115
2024-08-16 02:00:00+00:00,5755.32
2024-08-16 03:00:00+00:00,5375.223
2024-08-16 04:00:00+00:00,5007.809
2024-08-16 05:00:00+00:00,4781.64
2024-08-16 06:00:00+00:00,4645.09
2024-08-16 07:00:00+00:00,4579.842
2024-08-16 08:00:00+00:00,4520.927
2024-08-16 09:00:00+00:00,4644.23
2024-08-16 10:00:00+00:00,4885.909
2024-08-16 11:00:00+00:00,5094.832
2024-08-16 12:00:00+00:00,5326.169
2024-08-16 13:00:00+00:00,5543.15
2024-08-16 14:00:00+00:00,5792.222
2024-08-16 15:00:00+00:00,6040.836
2024-08-16 16:00:00+00:00,6289.081
2024-08-16 17:00:00+00:00,6491.495
2024-08-16 18:00:00+00:00,6598.948
2024-08-16 19:00:00+00:00,6648.753
2024-08-16 20:00:00+00:00,6663.244
2024-08-16 21:00:00+00:00,6650.28
2024-08-16 22:00:00+00:00,6565.21
2024-08-16 23:00:00+00:00,6413.37
2024-08-17 00:00:00+00:00,6313.095
2024-08-17 01:00:00+00:00,6146.074
2024-08-17 02:00:00+00:00,5790.448
2024-08-17 03:00:00+00:00,5447.425
2024-08-17 04:00:00+00:00,5152.062
2024-08-17 05:00:00+00:00,4943.291
2024-08-17 06:00:00+00:00,4771.802
2024-08-17 07:00:00+00:00,4657.275
2024-08-17 08:00:00+00:00,4601.816
2024-08-17 09:00:00+00:00,4626.438
2024-08-17 10:00:00+00:00,4708.082
2024-08-17 11:00:00+00:00,4817.342
2024-08-17 12:00:00+00:00,5144.696
2024-08-17 13:00:00+00:00,5467.514
2024-08-17 14:00:00+00:00,5787.223
2024-08-17 15:00:00+00:00,6130.778
2024-08-17 16:00:00+00:00,6408.989
2024-08-17 17:00:00+00:00,6581.55
2024-08-17 18:00:00+00:00,6816.724
2024-08-17 19:00:00+00:00,6946.576
2024-08-17 20:00:00+00:00,6955.299
2024-08-17 21:00:00+00:00,6804.766
2024-08-17 22:00:00+00:00,6641.641
2024-08-17 23:00:00+00:00,6390.324
2024-08-18 00:00:00+00:00,6216.148
2024-08-18 01:00:00+00:00,5947.371
2024-08-18 02:00:00+00:00,5577.884
2024-08-18 03:00:00+00:00,5236.096
2024-08-18 04:00:00+00:00,4905.083
2024-08-18 05:00:00+00:00,4675.425
2024-08-18 06:00:00+00:00,4505.506
2024-08-18 07:00:00+00:00,4396.57
2024-08-18 08:00:00+00:00,4347.735
2024-08-18 09:00:00+00:00,4358.055
2024-08-18 10:00:00+00:00,4419.83
2024-08-18 11:00:00+00:00,4543.431
2024-08-18 12:00:00+00:00,4819.819
2024-08-18 13:00:00+00:00,5100.582
2024-08-18 14:00:00+00:00,5333.862
2024-08-18 15:00:00+00:00,5591.478
2024-08-18 16:00:00+00:00,5884.102
2024-08-18 17:00:00+00:00,6141.083
2024-08-18 18:00:00+00:00,6374.459
2024-08-18 19:00:00+00:00,6533.57
2024-08-18 20:00:00+00:00,6675.806
2024-08-18 21:00:00+00:00,6764.435
2024-08-18 22:00:00+00:00,6641.26
2024-08-18 23:00:00+00:00,6428.595
2024-08-19 00:00:00+00:00,6282.508
2024-08-19 01:00:00+00:00,5976.476
2024-08-19 02:00:00+00:00,5586.097
2024-08-19 03:00:00+00:00,5208.22
2024-08-19 04:00:00+00:00,4917.839
2024-08-19 05:00:00+00:00,4754.838
2024-08-19 06:00:00+00:00,4654.431
2024-08-19 07:00:00+00:00,4594.787
2024-08-19 08:00:00+00:00,4676.108
2024-08-19 09:00:00+00:00,4819.487
2024-08-19 10:00:00+00:00,5094.315
2024-08-19 11:00:00+00:00,5372.6
2024-08-19 12:00:00+00:00,5537.383
2024-08-19 13:00:00+00:00,5779.932
2024-08-19 14:00:00+00:00,5977.374
2024-08-19 15:00:00+00:00,6006.865
2024-08-19 16:00:00+00:00,6245.744
2024-08-19 17:00:00+00:00,6282.435
2024-08-19 18:00:00+00:00,6407.569
2024-08-19 19:00:00+00:00,6333.257
2024-08-19 20:00:00+00:00,6359.321
2024-08-19 21:00:00+00:00,6336.154
2024-08-19 22:00:00+00:00,6198.461
2024-08-19 23:00:00+00:00,5983.674
2024-08-20 00:00:00+00:00,5868.032
2024-08-20 01:00:00+00:00,5655.379
2024-08-20 02:00:00+00:00,5312.302
2024-08-20 03:00:00+00:00,4981.431
2024-08-20 04:00:00+00:00,4689.68
2024-08-20 05:00:00+00:00,4497.611
2024-08-20 06:00:00+00:00,4418.565
2024-08-20 07:00:00+00:00,4264.808
2024-08-20 08:00:00+00:00,4370.435
2024-08-20 09:00:00+00:00,4539.131
2024-08-20 10:00:00+00:00,4805.819
2024-08-20 11:00:00+00:00,4949.764
2024-08-20 12:00:00+00:00,5030.522
2024-08-20 13:00:00+00:00,5141.947
2024-08-20 14:00:00+00:00,5227.805
2024-08-20 15:00:00+00:00,5238.838
2024-08-20 16:00:00+00:00,5349.285
2024-08-20 17:00:00+00:00,5343.926
2024-08-20 18:00:00+00:00,5375.876
2024-08-20 19:00:00+00:00,5393.053
2024-08-20 20:00:00+00:00,5518.775
2024-08-20 21:00:00+00:00,5521.57
2024-08-20 22:00:00+00:00,5488.206
2024-08-20 23:00:00+00:00,5382.105
2024-08-21 00:00:00+00:00,5441.557
2024-08-21 01:00:00+00:00,5247.886
2024-08-21 02:00:00+00:00,4862.407
2024-08-21 03:00:00+00:00,4513.328
2024-08-21 04:00:00+00:00,4329.595
2024-08-21 05:00:00+00:00,4230.774
2024-08-21 06:00:00+00:00,4151.731
2024-08-21 07:00:00+00:00,4127.926
2024-08-21 08:00:00+00:00,4125.877
2024-08-21 09:00:00+00:00,4367.919
2024-08-21 10:00:00+00:00,4705.967
2024-08-21 11:00:00+00:00,4810.778
2024-08-21 12:00:00+00:00,4821.109
2024-08-21 13:00:00+00:00,4948.686
2024-08-21 14:00:00+00:00,4989.322
2024-08-21 15:00:00+00:00,5114.761
2024-08-21 16:00:00+00:00,5115.273
2024-08-21 17:00:00+00:00,5198.395
2024-08-21 18:00:00+00:00,5209.733
2024-08-21 19:00:00+00:00,5281.687
2024-08-21 20:00:00+00:00,5398.437
2024-08-21 21:00:00+00:00,5517.631
2024-08-21 22:00:00+00:00,5515.412
2024-08-21 23:00:00+00:00,5438.385
2024-08-22 00:00:00+00:00,5402.537
2024-08-22 01:00:00+00:00,5168.449
2024-08-22 02:00:00+00:00,4879.099
2024-08-22 03:00:00+00:00,4567.792
2024-08-22 04:00:00+00:00,4327.616
2024-08-22 05:00:00+00:00,4246.063
2024-08-22 06:00:00+00:00,4160.349
2024-08-22 07:00:00+00:00,4116.659
2024-08-22 08:00:00+00:00,4149.685
2024-08-22 09:00:00+00:00,4331.871
2024-08-22 10:00:00+00:00,4660.325
2024-08-22 11:00:00+00:00,4784.395
2024-08-22 12:00:00+00:00,4872.679
2024-08-22 13:00:00+00:00,4920.888
2024-08-22 14:00:00+00:00,5017.714
2024-08-22 15:00:00+00:00,5122.208
2024-08-22 16:00:00+00:00,5209.054
2024-08-22 17:00:00+00:00,5334.078
2024-08-22 18:00:00+00:00,5416.855
2024-08-22 19:00:00+00:00,5527.446
2024-08-22 20:00:00+00:00,5673.529
2024-08-22 21:00:00+00:00,5834.166
2024-08-22 22:00:00+00:00,5850.025
2024-08-22 23:00:00+00:00,5691.835
2024-08-23 00:00:00+00:00,5598.505
2024-08-23 01:00:00+00:00,5331.552
2024-08-23 02:00:00+00:00,4921.532
2024-08-23 03:00:00+00:00,4588.793
2024-08-23 04:00:00+00:00,4344.893
2024-08-23 05:00:00+00:00,4159.522
2024-08-23 06:00:00+00:00,4047.218
2024-08-23 07:00:00+00:00,4025.682
2024-08-23 08:00:00+00:00,4060.467
2024-08-23 09:00:00+00:00,4236.086
2024-08-23 10:00:00+00:00,4524.491
2024-08-23 11:00:00+00:00,4674.749
2024-08-23 12:00:00+00:00,4800.017
2024-08-23 13:00:00+00:00,4922.458
2024-08-23 14:00:00+00:00,5073.041
2024-08-23 15:00:00+00:00,5167.794
2024-08-23 16:00:00+00:00,5335.058
2024-08-23 17:00:00+00:00,5532.821
2024-08-23 18:00:00+00:00,5724.623
2024-08-23 19:00:00+00:00,5951.48
2024-08-23 20:00:00+00:00,6164.852
2024-08-23 21:00:00+00:00,6301.878
2024-08-23 22:00:00+00:00,6235.659
2024-08-23 23:00:00+00:00,5964.816
2024-08-24 00:00:00+00:00,5723.033
2024-08-24 01:00:00+00:00,5401.934
2024-08-24 02:00:00+00:00,5014.82
2024-08-24 03:00:00+00:00,4667.94
2024-08-24 04:00:00+00:00,4350.262
2024-08-24 05:00:00+00:00,4150.433
2024-08-24 06:00:00+00:00,4022.689
2024-08-24 07:00:00+00:00,3946.024
2024-08-24 08:00:00+00:00,3914.938
2024-08-24 09:00:00+00:00,3936.247
2024-08-24 10:00:00+00:00,4031.149
2024-08-24 11:00:00+00:00,4134.361
2024-08-24 12:00:00+00:00,4369.874
2024-08-24 13:00:00+00:00,4595.834
2024-08-24 14:00:00+00:00,4822.573
2024-08-24 15:00:00+00:00,5066.607
2024-08-24 16:00:00+00:00,5389.152
2024-08-24 17:00:00+00:00,5646.507
2024-08-24 18:00:00+00:00,5930.736
2024-08-24 19:00:00+00:00,6217.17
2024-08-24 20:00:00+00:00,6485.595
2024-08-24 21:00:00+00:00,6619.229
2024-08-24 22:00:00+00:00,6541.298
2024-08-24 23:00:00+00:00,6232.942
2024-08-25 00:00:00+00:00,5964.5
2024-08-25 01:00:00+00:00,5610.944
2024-08-25 02:00:00+00:00,5188.056
2024-08-25 03:00:00+00:00,4809.765
2024-08-25 04:00:00+00:00,4487.814
2024-08-25 05:00:00+00:00,4240.585
2024-08-25 06:00:00+00:00,4091.834
2024-08-25 07:00:00+00:00,3983.67
2024-08-25 08:00:00+00:00,3938.314
2024-08-25 09:00:00+00:00,3920.118
2024-08-25 10:00:00+00:00,3963.988
2024-08-25 11:00:00+00:00,4083.497
2024-08-25 12:00:00+00:00,4369.548
2024-08-25 13:00:00+00:00,4690.018
2024-08-25 14:00:00+00:00,5031.295
2024-08-25 15:00:00+00:00,5408.186
2024-08-25 16:00:00+00:00,5842.614
2024-08-25 17:00:00+00:00,6199.042
2024-08-25 18:00:00+00:00,6499.136
2024-08-25 19:00:00+00:00,6776.321
2024-08-25 20:00:00+00:00,7035.947
2024-08-25 21:00:00+00:00,7167.042
2024-08-25 22:00:00+00:00,7095.573
2024-08-25 23:00:00+00:00,6853.747
2024-08-26 00:00:00+00:00,6664.298
2024-08-26 01:00:00+00:00,6244.984
2024-08-26 02:00:00+00:00,5752.206
2024-08-26 03:00:00+00:00,5295.496
2024-08-26 04:00:00+00:00,4983.751
2024-08-26 05:00:00+00:00,4808.417
2024-08-26 06:00:00+00:00,4690.324
2024-08-26 07:00:00+00:00,4595.523
2024-08-26 08:00:00+00:00,4674.049
2024-08-26 09:00:00+00:00,4820.634
2024-08-26 10:00:00+00:00,5220.146
2024-08-26 11:00:00+00:00,5346.468
2024-08-26 12:00:00+00:00,5603.864
2024-08-26 13:00:00+00:00,5882.226
2024-08-26 14:00:00+00:00,6274.31
2024-08-26 15:00:00+00:00,6717.959
2024-08-26 16:00:00+00:00,7102.067
2024-08-26 17:00:00+00:00,7390.57
2024-08-26 18:00:00+00:00,7579.236
2024-08-26 19:00:00+00:00,7644.931
2024-08-26 20:00:00+00:00,7788.727
2024-08-26 21:00:00+00:00,7891.923
2024-08-26 22:00:00+00:00,7793.93
2024-08-26 23:00:00+00:00,7545.256
2024-08-27 00:00:00+00:00,7281.144
2024-08-27 01:00:00+00:00,6823.329
2024-08-27 02:00:00+00:00,6268.275
2024-08-27 03:00:00+00:00,5697.729
2024-08-27 04:00:00+00:00,5333.82
2024-08-27 05:00:00+00:00,5052.695
2024-08-27 06:00:00+00:00,4849.845
2024-08-27 07:00:00+00:00,4744.48
2024-08-27 08:00:00+00:00,4772.62
2024-08-27 09:00:00+00:00,4870.728
2024-08-27 10:00:00+00:00,5336.41
2024-08-27 11:00:00+00:00,5470.648
2024-08-27 12:00:00+00:00,5753.66
2024-08-27 13:00:00+00:00,6066.79
2024-08-27 14:00:00+00:00,6532.365
2024-08-27 15:00:00+00:00,6912.695
2024-08-27 16:00:00+00:00,7359.05
2024-08-27 17:00:00+00:00,7782.518
2024-08-27 18:00:00+00:00,8103.187
2024-08-27 19:00:00+00:00,8313.431
2024-08-27 20:00:00+00:00,8434.428
2024-08-27 21:00:00+00:00,8531.989
2024-08-27 22:00:00+00:00,8402.647
2024-08-27 23:00:00+00:00,8188.929
2024-08-28 00:00:00+00:00,7865.312
2024-08-28 01:00:00+00:00,7425.691
2024-08-28 02:00:00+00:00,6827.502
2024-08-28 03:00:00+00:00,6308.28
2024-08-28 04:00:00+00:00,5906.419
2024-08-28 05:00:00+00:00,5603.672
2024-08-28 06:00:00+00:00,5315.597
2024-08-28 07:00:00+00:00,5165.844
2024-08-28 08:00:00+00:00,5133.949
2024-08-28 09:00:00+00:00,5273.26
2024-08-28 10:00:00+00:00,5676.506
2024-08-28 11:00:00+00:00,5775.684
2024-08-28 12:00:00+00:00,6030.937
2024-08-28 13:00:00+00:00,6467.15
2024-08-28 14:00:00+00:00,6944.073
2024-08-28 15:00:00+00:00,7383.325
2024-08-28 16:00:00+00:00,7890.284
2024-08-28 17:00:00+00:00,8241.208
2024-08-28 18:00:00+00:00,8547.891
2024-08-28 19:00:00+00:00,8649.89
2024-08-28 20:00:00+00:00,8628.791
2024-08-28 21:00:00+00:00,8593.265
2024-08-28 22:00:00+00:00,8413.201
2024-08-28 23:00:00+00:00,8102.633
2024-08-29 00:00:00+00:00,7838.332
2024-08-29 01:00:00+00:00,7240.388
2024-08-29 02:00:00+00:00,6730.543
2024-08-29 03:00:00+00:00,6229.998
2024-08-29 04:00:00+00:00,5759.266
2024-08-29 05:00:00+00:00,5471.743
2024-08-29 06:00:00+00:00,5264.562
2024-08-29 07:00:00+00:00,5144.266
2024-08-29 08:00:00+00:00,5131.185
2024-08-29 09:00:00+00:00,5375.621
2024-08-29 10:00:00+00:00,5672.699
2024-08-29 11:00:00+00:00,5838.577
2024-08-29 12:00:00+00:00,6070.778
2024-08-29 13:00:00+00:00,6379.809
2024-08-29 14:00:00+00:00,6799.754
2024-08-29 15:00:00+00:00,7211.556
2024-08-29 16:00:00+00:00,7645.936
2024-08-29 17:00:00+00:00,7981.008
2024-08-29 18:00:00+00:00,8247.119
2024-08-29 19:00:00+00:00,8297.04
2024-08-29 20:00:00+00:00,8242.504
2024-08-29 21:00:00+00:00,7974.272
2024-08-29 22:00:00+00:00,7651.598
2024-08-29 23:00:00+00:00,7374.605
2024-08-30 00:00:00+00:00,7128.472
2024-08-30 01:00:00+00:00,6655.001
2024-08-30 02:00:00+00:00,6180.353
2024-08-30 03:00:00+00:00,5730.55
2024-08-30 04:00:00+00:00,5355.728
2024-08-30 05:00:00+00:00,5103.583
2024-08-30 06:00:00+00:00,4939.805
2024-08-30 07:00:00+00:00,4830.784
2024-08-30 08:00:00+00:00,4841.461
2024-08-30 09:00:00+00:00,4980.291
2024-08-30 10:00:00+00:00,5267.511
2024-08-30 11:00:00+00:00,5454.035
2024-08-30 12:00:00+00:00,5727.939
2024-08-30 13:00:00+00:00,6023.069
2024-08-30 14:00:00+00:00,6308.352
2024-08-30 15:00:00+00:00,6611.259
2024-08-30 16:00:00+00:00,6920.003
2024-08-30 17:00:00+00:00,7161.926
2024-08-30 18:00:00+00:00,7260.948
2024-08-30 19:00:00+00:00,7370.893
2024-08-30 20:00:00+00:00,7437.988
2024-08-30 21:00:00+00:00,7382.766
2024-08-30 22:00:00+00:00,7163.367
2024-08-30 23:00:00+00:00,6864.973
2024-08-31 00:00:00+00:00,6672.616
2024-08-31 01:00:00+00:00,6342.626
2024-08-31 02:00:00+00:00,5963.409
2024-08-31 03:00:00+00:00,5514.136
2024-08-31 04:00:00+00:00,5150.22
2024-08-31 05:00:00+00:00,4905.908
2024-08-31 06:00:00+00:00,4689.209
2024-08-31 07:00:00+00:00,4562.336
2024-08-31 08:00:00+00:00,4529.224
2024-08-31 09:00:00+00:00,4525.837
2024-08-31 10:00:00+00:00,4620.413
2024-08-31 11:00:00+00:00,4761.962
2024-08-31 12:00:00+00:00,5099.705
2024-08-31 13:00:00+00:00,5508.587
2024-08-31 14:00:00+00:00,5830.982
2024-08-31 15:00:00+00:00,6160.476
2024-08-31 16:00:00+00:00,6418.44
2024-08-31 17:00:00+00:00,6574.336
2024-08-31 18:00:00+00:00,6530.059
2024-08-31 19:00:00+00:00,6427.271
2024-08-31 20:00:00+00:00,6394.239
2024-08-31 21:00:00+00:00,6225.846
2024-08-31 22:00:00+00:00,6015.741
2024-08-31 23:00:00+00:00,5859.055
2024-09-01 00:00:00+00:00,5741.422
2024-09-01 01:00:00+00:00,5535.027
2024-09-01 02:00:00+00:00,5235.147
2024-09-01 03:00:00+00:00,4937.197
2024-09-01 04:00:00+00:00,4694.252
2024-09-01 05:00:00+00:00,4507.163
2024-09-01 06:00:00+00:00,4399.224
2024-09-01 07:00:00+00:00,4324.014
2024-09-01 08:00:00+00:00,4294.988
2024-09-01 09:00:00+00:00,4304.717
2024-09-01 10:00:00+00:00,4380.877
2024-09-01 11:00:00+00:00,4498.883
2024-09-01 12:00:00+00:00,4810.656
2024-09-01 13:00:00+00:00,5104.628
2024-09-01 14:00:00+00:00,5367.808
2024-09-01 15:00:00+00:00,5624.148
2024-09-01 16:00:00+00:00,5869.96
2024-09-01 17:00:00+00:00,6109.56
2024-09-01 18:00:00+00:00,6324.938
2024-09-01 19:00:00+00:00,6481.455
2024-09-01 20:00:00+00:00,6679.193
2024-09-01 21:00:00+00:00,6774.183
2024-09-01 22:00:00+00:00,6658.685
2024-09-01 23:00:00+00:00,6340.474
2024-09-02 00:00:00+00:00,6131.572
2024-09-02 01:00:00+00:00,5810.093
2024-09-02 02:00:00+00:00,5450.287
2024-09-02 03:00:00+00:00,5056.262
2024-09-02 04:00:00+00:00,4725.654
2024-09-02 05:00:00+00:00,4473.45
2024-09-02 06:00:00+00:00,4290.242
2024-09-02 07:00:00+00:00,4173.794
2024-09-02 08:00:00+00:00,4084.327
2024-09-02 09:00:00+00:00,4082.298
2024-09-02 10:00:00+00:00,4113.321
2024-09-02 11:00:00+00:00,4155.62
2024-09-02 12:00:00+00:00,4389.16
2024-09-02 13:00:00+00:00,4625.16
2024-09-02 14:00:00+00:00,4766.405
2024-09-02 15:00:00+00:00,4923.538
2024-09-02 16:00:00+00:00,5038.954
2024-09-02 17:00:00+00:00,5140.132
2024-09-02 18:00:00+00:00,5257.891
2024-09-02 19:00:00+00:00,5413.533
2024-09-02 20:00:00+00:00,5547.529
2024-09-02 21:00:00+00:00,5636.799
2024-09-02 22:00:00+00:00,5609.377
2024-09-02 23:00:00+00:00,5402.216
2024-09-03 00:00:00+00:00,5276.058
2024-09-03 01:00:00+00:00,4941.621
2024-09-03 02:00:00+00:00,4561.145
2024-09-03 03:00:00+00:00,4279.377
2024-09-03 04:00:00+00:00,4076.521
2024-09-03 05:00:00+00:00,3943.616
2024-09-03 06:00:00+00:00,3871.85
2024-09-03 07:00:00+00:00,3866.634
2024-09-03 08:00:00+00:00,4028.906
2024-09-03 09:00:00+00:00,4185.978
2024-09-03 10:00:00+00:00,4558.156
2024-09-03 11:00:00+00:00,4761.917
2024-09-03 12:00:00+00:00,4870.15
2024-09-03 13:00:00+00:00,4977.536
2024-09-03 14:00:00+00:00,5039.84
2024-09-03 15:00:00+00:00,5087.758
2024-09-03 16:00:00+00:00,5170.055
2024-09-03 17:00:00+00:00,5280.657
2024-09-03 18:00:00+00:00,5358.096
2024-09-03 19:00:00+00:00,5495.126
2024-09-03 20:00:00+00:00,5694.296
2024-09-03 21:00:00+00:00,5846.256
2024-09-03 22:00:00+00:00,5871.742
2024-09-03 23:00:00+00:00,5698.627
2024-09-04 00:00:00+00:00,5555.685
2024-09-04 01:00:00+00:00,5255.467
2024-09-04 02:00:00+00:00,4883.855
2024-09-04 03:00:00+00:00,4595.023
2024-09-04 04:00:00+00:00,4361.414
2024-09-04 05:00:00+00:00,4216.947
2024-09-04 06:00:00+00:00,4126.686
2024-09-04 07:00:00+00:00,4111.383
2024-09-04 08:00:00+00:00,4121.054
2024-09-04 09:00:00+00:00,4339.178
2024-09-04 10:00:00+00:00,4684.804
2024-09-04 11:00:00+00:00,4870.423
2024-09-04 12:00:00+00:00,4847.552
2024-09-04 13:00:00+00:00,4898.729
2024-09-04 14:00:00+00:00,4994.85
2024-09-04 15:00:00+00:00,5130.228
2024-09-04 16:00:00+00:00,5238.57
2024-09-04 17:00:00+00:00,5371.748
2024-09-04 18:00:00+00:00,5513.203
2024-09-04 19:00:00+00:00,5732.316
2024-09-04 20:00:00+00:00,5891.226
2024-09-04 21:00:00+00:00,5992.096
2024-09-04 22:00:00+00:00,6046.273
2024-09-04 23:00:00+00:00,5836.636
2024-09-05 00:00:00+00:00,5772.255
2024-09-05 01:00:00+00:00,5395.119
2024-09-05 02:00:00+00:00,5008.686
2024-09-05 03:00:00+00:00,4678.426
2024-09-05 04:00:00+00:00,4419.18
2024-09-05 05:00:00+00:00,4264.363
2024-09-05 06:00:00+00:00,4177.881
2024-09-05 07:00:00+00:00,4102.502
2024-09-05 08:00:00+00:00,4138.93
2024-09-05 09:00:00+00:00,4313.669
2024-09-05 10:00:00+00:00,4700.529
2024-09-05 11:00:00+00:00,4845.768
2024-09-05 12:00:00+00:00,4886.952
2024-09-05 13:00:00+00:00,4956.595
2024-09-05 14:00:00+00:00,5076.074
2024-09-05 15:00:00+00:00,5214.404
2024-09-05 16:00:00+00:00,5335.332
2024-09-05 17:00:00+00:00,5514.89
2024-09-05 18:00:00+00:00,5664.65
2024-09-05 19:00:00+00:00,5900.015
2024-09-05 20:00:00+00:00,6143.644
2024-09-05 21:00:00+00:00,6314.442
2024-09-05 22:00:00+00:00,6187.309
2024-09-05 23:00:00+00:00,5962.682
2024-09-06 00:00:00+00:00,5811.611
2024-09-06 01:00:00+00:00,5458.274
2024-09-06 02:00:00+00:00,5026.93
2024-09-06 03:00:00+00:00,4670.167
2024-09-06 04:00:00+00:00,4451.017
2024-09-06 05:00:00+00:00,4271.336
2024-09-06 06:00:00+00:00,4152.97
2024-09-06 07:00:00+00:00,4089.901
2024-09-06 08:00:00+00:00,4137.709
2024-09-06 09:00:00+00:00,4287.125
2024-09-06 10:00:00+00:00,4605.721
2024-09-06 11:00:00+00:00,4771.032
2024-09-06 12:00:00+00:00,4890.3
2024-09-06 13:00:00+00:00,5019.97
2024-09-06 14:00:00+00:00,5162.223
2024-09-06 15:00:00+00:00,5353.851
2024-09-06 16:00:00+00:00,5595.633
2024-09-06 17:00:00+00:00,5843.257
2024-09-06 18:00:00+00:00,6081.97
2024-09-06 19:00:00+00:00,6310.504
2024-09-06 20:00:00+00:00,6466.395
2024-09-06 21:00:00+00:00,6503.397
2024-09-06 22:00:00+00:00,6343.349
2024-09-06 23:00:00+00:00,6096.928
2024-09-07 00:00:00+00:00,5887.328
2024-09-07 01:00:00+00:00,5552.886
2024-09-07 02:00:00+00:00,5176.243
2024-09-07 03:00:00+00:00,4887.416
2024-09-07 04:00:00+00:00,4611.674
2024-09-07 05:00:00+00:00,4372.538
2024-09-07 06:00:00+00:00,4223.509
2024-09-07 07:00:00+00:00,4141.42
2024-09-07 08:00:00+00:00,4089.744
2024-09-07 09:00:00+00:00,4089.636
2024-09-07 10:00:00+00:00,4162.05
2024-09-07 11:00:00+00:00,4252.629
2024-09-07 12:00:00+00:00,4464.147
2024-09-07 13:00:00+00:00,4685.62
2024-09-07 14:00:00+00:00,4780.738
2024-09-07 15:00:00+00:00,4849.655
2024-09-07 16:00:00+00:00,4846.452
2024-09-07 17:00:00+00:00,4824.254
2024-09-07 18:00:00+00:00,4822.995
2024-09-07 19:00:00+00:00,4861.21
2024-09-07 20:00:00+00:00,4968.244
2024-09-07 21:00:00+00:00,5025.93
2024-09-07 22:00:00+00:00,4978.612
2024-09-07 23:00:00+00:00,4858.48
2024-09-08 00:00:00+00:00,4803.183
2024-09-08 01:00:00+00:00,4610.71
2024-09-08 02:00:00+00:00,4364.333
2024-09-08 03:00:00+00:00,4138.535
2024-09-08 04:00:00+00:00,3949.632
2024-09-08 05:00:00+00:00,3800.673
2024-09-08 06:00:00+00:00,3715.579
2024-09-08 07:00:00+00:00,3657.604
2024-09-08 08:00:00+00:00,3652.628
2024-09-08 09:00:00+00:00,3689.831
2024-09-08 10:00:00+00:00,3786.559
2024-09-08 11:00:00+00:00,3883.24
2024-09-08 12:00:00+00:00,4052.332
2024-09-08 13:00:00+00:00,4212.196
2024-09-08 14:00:00+00:00,4253.883
2024-09-08 15:00:00+00:00,4298.623
2024-09-08 16:00:00+00:00,4355.076
2024-09-08 17:00:00+00:00,4393.126
2024-09-08 18:00:00+00:00,4433.422
2024-09-08 19:00:00+00:00,4532.551
2024-09-08 20:00:00+00:00,4707.579
2024-09-08 21:00:00+00:00,4868.688
2024-09-08 22:00:00+00:00,4895.147
2024-09-08 23:00:00+00:00,4873.43
2024-09-09 00:00:00+00:00,4889.246
2024-09-09 01:00:00+00:00,4643.641
2024-09-09 02:00:00+00:00,4346.919
2024-09-09 03:00:00+00:00,4122.869
2024-09-09 04:00:00+00:00,3978.813
2024-09-09 05:00:00+00:00,3897.243
2024-09-09 06:00:00+00:00,3862.099
2024-09-09 07:00:00+00:00,3873.626
2024-09-09 08:00:00+00:00,4023.513
2024-09-09 09:00:00+00:00,4198.307
2024-09-09 10:00:00+00:00,4623.497
2024-09-09 11:00:00+00:00,4823.27
2024-09-09 12:00:00+00:00,4887.46
2024-09-09 13:00:00+00:00,4913.286
2024-09-09 14:00:00+00:00,4954.415
2024-09-09 15:00:00+00:00,4979.006
2024-09-09 16:00:00+00:00,5030.478
2024-09-09 17:00:00+00:00,5090.855
2024-09-09 18:00:00+00:00,5145.9
2024-09-09 19:00:00+00:00,5258.517
2024-09-09 20:00:00+00:00,5393.563
2024-09-09 21:00:00+00:00,5526.781
2024-09-09 22:00:00+00:00,5538.425
2024-09-09 23:00:00+00:00,5511.626
2024-09-10 00:00:00+00:00,5443.661
2024-09-10 01:00:00+00:00,5117.085
2024-09-10 02:00:00+00:00,4712.534
2024-09-10 03:00:00+00:00,4432.42
2024-09-10 04:00:00+00:00,4227.964
2024-09-10 05:00:00+00:00,4094.666
2024-09-10 06:00:00+00:00,4034.127
2024-09-10 07:00:00+00:00,4073.999
2024-09-10 08:00:00+00:00,4131.649
2024-09-10 09:00:00+00:00,4324.768
2024-09-10 10:00:00+00:00,4697.306
2024-09-10 11:00:00+00:00,4846.433
2024-09-10 12:00:00+00:00,4948.435
2024-09-10 13:00:00+00:00,4969.18
2024-09-10 14:00:00+00:00,5043.082
2024-09-10 15:00:00+00:00,5172.345
2024-09-10 16:00:00+00:00,5385.18
2024-09-10 17:00:00+00:00,5557.929
2024-09-10 18:00:00+00:00,5665.887
2024-09-10 19:00:00+00:00,5880.721
2024-09-10 20:00:00+00:00,6085.687
2024-09-10 21:00:00+00:00,6234.613
2024-09-10 22:00:00+00:00,6291.283
2024-09-10 23:00:00+00:00,6079.689
2024-09-11 00:00:00+00:00,5939.913
2024-09-11 01:00:00+00:00,5502.157
2024-09-11 02:00:00+00:00,5134.236
2024-09-11 03:00:00+00:00,4766.085
2024-09-11 04:00:00+00:00,4507.357
2024-09-11 05:00:00+00:00,4332.086
2024-09-11 06:00:00+00:00,4165.63
2024-09-11 07:00:00+00:00,4099.647
2024-09-11 08:00:00+00:00,4215.642
2024-09-11 09:00:00+00:00,4356.827
2024-09-11 10:00:00+00:00,4718.329
2024-09-11 11:00:00+00:00,4818.515
2024-09-11 12:00:00+00:00,4951.503
2024-09-11 13:00:00+00:00,5017.2
2024-09-11 14:00:00+00:00,5231.904
2024-09-11 15:00:00+00:00,5391.113
2024-09-11 16:00:00+00:00,5683.352
2024-09-11 17:00:00+00:00,5895.88
2024-09-11 18:00:00+00:00,6126.549
2024-09-11 19:00:00+00:00,6352.938
2024-09-11 20:00:00+00:00,6618.712
2024-09-11 21:00:00+00:00,6679.319
2024-09-11 22:00:00+00:00,6517.519
2024-09-11 23:00:00+00:00,6293.939
2024-09-12 00:00:00+00:00,6135.815
2024-09-12 01:00:00+00:00,5754.613
2024-09-12 02:00:00+00:00,5257.361
2024-09-12 03:00:00+00:00,4825.083
2024-09-12 04:00:00+00:00,4635.523
2024-09-12 05:00:00+00:00,4303.741
2024-09-12 06:00:00+00:00,4214.46
2024-09-12 07:00:00+00:00,4133.592
2024-09-12 08:00:00+00:00,4172.59
2024-09-12 09:00:00+00:00,4392.94
2024-09-12 10:00:00+00:00,4723.686
2024-09-12 11:00:00+00:00,4844.645
2024-09-12 12:00:00+00:00,5008.464
2024-09-12 13:00:00+00:00,5117.672
2024-09-12 14:00:00+00:00,5330.037
2024-09-12 15:00:00+00:00,5505.346
2024-09-12 16:00:00+00:00,5768.436
2024-09-12 17:00:00+00:00,5974.085
2024-09-12 18:00:00+00:00,6221.698
2024-09-12 19:00:00+00:00,6405.84
2024-09-12 20:00:00+00:00,6530.069
2024-09-12 21:00:00+00:00,6615.767
2024-09-12 22:00:00+00:00,6477.706
2024-09-12 23:00:00+00:00,6243.031
2024-09-13 00:00:00+00:00,6059.236
2024-09-13 01:00:00+00:00,5627.914
2024-09-13 02:00:00+00:00,5174.047
2024-09-13 03:00:00+00:00,4787.569
2024-09-13 04:00:00+00:00,4490.007
2024-09-13 05:00:00+00:00,4269.187
2024-09-13 06:00:00+00:00,4142.035
2024-09-13 07:00:00+00:00,4086.433
2024-09-13 08:00:00+00:00,4118.932
2024-09-13 09:00:00+00:00,4265.849
2024-09-13 10:00:00+00:00,4610.419
2024-09-13 11:00:00+00:00,4779.399
2024-09-13 12:00:00+00:00,4924.835
2024-09-13 13:00:00+00:00,5065.581
2024-09-13 14:00:00+00:00,5224.359
2024-09-13 15:00:00+00:00,5379.411
2024-09-13 16:00:00+00:00,5547.128
2024-09-13 17:00:00+00:00,5809.176
2024-09-13 18:00:00+00:00,5983.243
2024-09-13 19:00:00+00:00,6180.675
2024-09-13 20:00:00+00:00,6340.881
2024-09-13 21:00:00+00:00,6370.492
2024-09-13 22:00:00+00:00,6190.39
2024-09-13 23:00:00+00:00,5951.535
2024-09-14 00:00:00+00:00,5698.313
2024-09-14 01:00:00+00:00,5364.316
2024-09-14 02:00:00+00:00,5000.813
2024-09-14 03:00:00+00:00,4655.938
2024-09-14 04:00:00+00:00,4384.803
2024-09-14 05:00:00+00:00,4187.693
2024-09-14 06:00:00+00:00,4063.273
2024-09-14 07:00:00+00:00,3959.876
2024-09-14 08:00:00+00:00,3938.173
2024-09-14 09:00:00+00:00,3978.126
2024-09-14 10:00:00+00:00,4075.888
2024-09-14 11:00:00+00:00,4182.707
2024-09-14 12:00:00+00:00,4408.729
2024-09-14 13:00:00+00:00,4649.554
2024-09-14 14:00:00+00:00,4917.502
2024-09-14 15:00:00+00:00,5166.668
2024-09-14 16:00:00+00:00,5422.308
2024-09-14 17:00:00+00:00,5691.598
2024-09-14 18:00:00+00:00,5945.033
2024-09-14 19:00:00+00:00,6170.053
2024-09-14 20:00:00+00:00,6334.583
2024-09-14 21:00:00+00:00,6405.549
2024-09-14 22:00:00+00:00,6220.921
2024-09-14 23:00:00+00:00,5947.471
2024-09-15 00:00:00+00:00,5689.53
2024-09-15 01:00:00+00:00,5330.924
2024-09-15 02:00:00+00:00,4955.569
2024-09-15 03:00:00+00:00,4587.543
2024-09-15 04:00:00+00:00,4304.991
2024-09-15 05:00:00+00:00,4116.007
2024-09-15 06:00:00+00:00,3968.007
2024-09-15 07:00:00+00:00,3858.841
2024-09-15 08:00:00+00:00,3811.736
2024-09-15 09:00:00+00:00,3802.374
2024-09-15 10:00:00+00:00,3882.826
2024-09-15 11:00:00+00:00,3960.022
2024-09-15 12:00:00+00:00,4212.651
2024-09-15 13:00:00+00:00,4459.05
2024-09-15 14:00:00+00:00,4710.455
2024-09-15 15:00:00+00:00,4970.004
2024-09-15 16:00:00+00:00,5229.767
2024-09-15 17:00:00+00:00,5466.794
2024-09-15 18:00:00+00:00,5732.633
2024-09-15 19:00:00+00:00,5971.64
2024-09-15 20:00:00+00:00,6164.057
2024-09-15 21:00:00+00:00,6238.708
2024-09-15 22:00:00+00:00,6066.65
2024-09-15 23:00:00+00:00,5829.24
2024-09-16 00:00:00+00:00,5668.584
2024-09-16 01:00:00+00:00,5241.939
2024-09-16 02:00:00+00:00,4852.58
2024-09-16 03:00:00+00:00,4493.068
2024-09-16 04:00:00+00:00,4253.315
2024-09-16 05:00:00+00:00,4103.299
2024-09-16 06:00:00+00:00,3989.335
2024-09-16 07:00:00+00:00,3954.365
2024-09-16 08:00:00+00:00,3998.736
2024-09-16 09:00:00+00:00,4185.946
2024-09-16 10:00:00+00:00,4537.921
2024-09-16 11:00:00+00:00,4715.747
2024-09-16 12:00:00+00:00,4835.047
2024-09-16 13:00:00+00:00,4968.834
2024-09-16 14:00:00+00:00,5108.64
2024-09-16 15:00:00+00:00,5197.623
2024-09-16 16:00:00+00:00,5320.321
2024-09-16 17:00:00+00:00,5475.82
2024-09-16 18:00:00+00:00,5617.593
2024-09-16 19:00:00+00:00,5736.077
2024-09-16 20:00:00+00:00,5834.872
2024-09-16 21:00:00+00:00,5877.198
2024-09-16 22:00:00+00:00,5765.269
2024-09-16 23:00:00+00:00,5710.466
2024-09-17 00:00:00+00:00,5577.743
2024-09-17 01:00:00+00:00,5263.362
2024-09-17 02:00:00+00:00,4886.11
2024-09-17 03:00:00+00:00,4544.51
2024-09-17 04:00:00+00:00,4306.776
2024-09-17 05:00:00+00:00,4157.208
2024-09-17 06:00:00+00:00,4079.657
2024-09-17 07:00:00+00:00,4043.826
2024-09-17 08:00:00+00:00,4073.011
2024-09-17 09:00:00+00:00,4276.659
2024-09-17 10:00:00+00:00,4671.727
2024-09-17 11:00:00+00:00,4836.022
2024-09-17 12:00:00+00:00,4941.338
2024-09-17 13:00:00+00:00,5056.133
2024-09-17 14:00:00+00:00,5204.422
2024-09-17 15:00:00+00:00,5291.678
2024-09-17 16:00:00+00:00,5419.581
2024-09-17 17:00:00+00:00,5609.459
2024-09-17 18:00:00+00:00,5701.624
2024-09-17 19:00:00+00:00,5784.217
2024-09-17 20:00:00+00:00,5837.072
2024-09-17 21:00:00+00:00,5813.232
2024-09-17 22:00:00+00:00,5765.271
2024-09-17 23:00:00+00:00,5793.573
2024-09-18 00:00:00+00:00,5688.949
2024-09-18 01:00:00+00:00,5460.801
2024-09-18 02:00:00+00:00,5056.253
2024-09-18 03:00:00+00:00,4803.926
2024-09-18 04:00:00+00:00,4556.935
2024-09-18 05:00:00+00:00,4333.95
2024-09-18 06:00:00+00:00,4252.441
2024-09-18 07:00:00+00:00,4187.6
2024-09-18 08:00:00+00:00,4240.564
2024-09-18 09:00:00+00:00,4463.967
2024-09-18 10:00:00+00:00,4823.668
2024-09-18 11:00:00+00:00,5007.838
2024-09-18 12:00:00+00:00,5167.664
2024-09-18 13:00:00+00:00,5335.086
2024-09-18 14:00:00+00:00,5466.02
2024-09-18 15:00:00+00:00,5590.101
2024-09-18 16:00:00+00:00,5715.603
2024-09-18 17:00:00+00:00,5816.722
2024-09-18 18:00:00+00:00,5874.442
2024-09-18 19:00:00+00:00,5945.959
2024-09-18 20:00:00+00:00,6002.089
2024-09-18 21:00:00+00:00,6054.735
2024-09-18 22:00:00+00:00,5990.289
2024-09-18 23:00:00+00:00,5969.977
2024-09-19 00:00:00+00:00,5880.845
2024-09-19 01:00:00+00:00,5583.927
2024-09-19 02:00:00+00:00,5193.361
2024-09-19 03:00:00+00:00,4868.252
2024-09-19 04:00:00+00:00,4602.98
2024-09-19 05:00:00+00:00,4446.975
2024-09-19 06:00:00+00:00,4313.121
2024-09-19 07:00:00+00:00,4264.432
2024-09-19 08:00:00+00:00,4292.664
2024-09-19 09:00:00+00:00,4499.89
2024-09-19 10:00:00+00:00,4876.931
2024-09-19 11:00:00+00:00,5074.208
2024-09-19 12:00:00+00:00,5216.644
2024-09-19 13:00:00+00:00,5349.052
2024-09-19 14:00:00+00:00,5543.133
2024-09-19 15:00:00+00:00,5732.909
2024-09-19 16:00:00+00:00,5986.497
2024-09-19 17:00:00+00:00,6187.944
2024-09-19 18:00:00+00:00,6384.553
2024-09-19 19:00:00+00:00,6470.564
2024-09-19 20:00:00+00:00,6581.825
2024-09-19 21:00:00+00:00,6664.528
2024-09-19 22:00:00+00:00,6521.829
2024-09-19 23:00:00+00:00,6366.405
2024-09-20 00:00:00+00:00,6138.842
2024-09-20 01:00:00+00:00,5726.893
2024-09-20 02:00:00+00:00,5284.557
2024-09-20 03:00:00+00:00,4863.084
2024-09-20 04:00:00+00:00,4500.213
2024-09-20 05:00:00+00:00,4303.079
2024-09-20 06:00:00+00:00,4179.528
2024-09-20 07:00:00+00:00,4126.259
2024-09-20 08:00:00+00:00,4159.832
2024-09-20 09:00:00+00:00,4324.977
2024-09-20 10:00:00+00:00,4659.921
2024-09-20 11:00:00+00:00,4773.404
2024-09-20 12:00:00+00:00,4932.518
2024-09-20 13:00:00+00:00,5099.977
2024-09-20 14:00:00+00:00,5311.808
2024-09-20 15:00:00+00:00,5564.016
2024-09-20 16:00:00+00:00,5868.89
2024-09-20 17:00:00+00:00,6191.877
2024-09-20 18:00:00+00:00,6435.075
2024-09-20 19:00:00+00:00,6563.263
2024-09-20 20:00:00+00:00,6660.649
2024-09-20 21:00:00+00:00,6632.023
2024-09-20 22:00:00+00:00,6406.557
2024-09-20 23:00:00+00:00,6152.405
2024-09-21 00:00:00+00:00,5901.188
2024-09-21 01:00:00+00:00,5510.217
2024-09-21 02:00:00+00:00,5133.948
2024-09-21 03:00:00+00:00,4756.676
2024-09-21 04:00:00+00:00,4462.012
2024-09-21 05:00:00+00:00,4259.977
2024-09-21 06:00:00+00:00,4135.432
2024-09-21 07:00:00+00:00,4045.03
2024-09-21 08:00:00+00:00,4023.442
2024-09-21 09:00:00+00:00,4068.811
2024-09-21 10:00:00+00:00,4197.276
2024-09-21 11:00:00+00:00,4303.577
2024-09-21 12:00:00+00:00,4560.733
2024-09-21 13:00:00+00:00,4828.871
2024-09-21 14:00:00+00:00,5097.002
2024-09-21 15:00:00+00:00,5342.493
2024-09-21 16:00:00+00:00,5616.11
2024-09-21 17:00:00+00:00,5814.321
2024-09-21 18:00:00+00:00,6001.347
2024-09-21 19:00:00+00:00,6135.436
2024-09-21 20:00:00+00:00,6184.597
2024-09-21 21:00:00+00:00,6162.655
2024-09-21 22:00:00+00:00,5989.789
2024-09-21 23:00:00+00:00,5806.901
2024-09-22 00:00:00+00:00,5618.767
2024-09-22 01:00:00+00:00,5322.736
2024-09-22 02:00:00+00:00,5027.017
2024-09-22 03:00:00+00:00,4691.481
2024-09-22 04:00:00+00:00,4393.856
2024-09-22 05:00:00+00:00,4185.729
2024-09-22 06:00:00+00:00,4046.919
2024-09-22 07:00:00+00:00,3941.634
2024-09-22 08:00:00+00:00,3889.166
2024-09-22 09:00:00+00:00,3915.695
2024-09-22 10:00:00+00:00,3999.536
2024-09-22 11:00:00+00:00,4101.843
2024-09-22 12:00:00+00:00,4342.106
2024-09-22 13:00:00+00:00,4576.174
2024-09-22 14:00:00+00:00,4769.502
2024-09-22 15:00:00+00:00,4964.364
2024-09-22 16:00:00+00:00,5209.593
2024-09-22 17:00:00+00:00,5392.351
2024-09-22 18:00:00+00:00,5576.271
2024-09-22 19:00:00+00:00,5740.113
2024-09-22 20:00:00+00:00,5923.215
2024-09-22 21:00:00+00:00,5986.044
2024-09-22 22:00:00+00:00,5869.18
2024-09-22 23:00:00+00:00,5809.51
2024-09-23 00:00:00+00:00,5677.74
2024-09-23 01:00:00+00:00,5374.727
2024-09-23 02:00:00+00:00,5030.236
2024-09-23 03:00:00+00:00,4775.945
2024-09-23 04:00:00+00:00,4557.174
2024-09-23 05:00:00+00:00,4373.948
2024-09-23 06:00:00+00:00,4327.602
2024-09-23 07:00:00+00:00,4307.872
2024-09-23 08:00:00+00:00,4368.943
2024-09-23 09:00:00+00:00,4580.56
2024-09-23 10:00:00+00:00,4944.144
2024-09-23 11:00:00+00:00,5166.705
2024-09-23 12:00:00+00:00,5280.543
2024-09-23 13:00:00+00:00,5374.748
2024-09-23 14:00:00+00:00,5482.947
2024-09-23 15:00:00+00:00,5553.26
2024-09-23 16:00:00+00:00,5713.484
2024-09-23 17:00:00+00:00,5776.458
2024-09-23 18:00:00+00:00,5797.694
2024-09-23 19:00:00+00:00,5899.424
2024-09-23 20:00:00+00:00,6011.805
2024-09-23 21:00:00+00:00,6059.337
2024-09-23 22:00:00+00:00,5984.677
2024-09-23 23:00:00+00:00,5938.097
2024-09-24 00:00:00+00:00,5789.511
2024-09-24 01:00:00+00:00,5462.362
2024-09-24 02:00:00+00:00,5050.085
2024-09-24 03:00:00+00:00,4766.515
2024-09-24 04:00:00+00:00,4541.472
2024-09-24 05:00:00+00:00,4313.334
2024-09-24 06:00:00+00:00,4288.301
2024-09-24 07:00:00+00:00,4251.024
2024-09-24 08:00:00+00:00,4310.35
2024-09-24 09:00:00+00:00,4449.105
2024-09-24 10:00:00+00:00,4804.762
2024-09-24 11:00:00+00:00,5025.258
2024-09-24 12:00:00+00:00,5152.404
2024-09-24 13:00:00+00:00,5296.578
2024-09-24 14:00:00+00:00,5402.578
2024-09-24 15:00:00+00:00,5497.869
2024-09-24 16:00:00+00:00,5569.491
2024-09-24 17:00:00+00:00,5628.714
2024-09-24 18:00:00+00:00,5526.601
2024-09-24 19:00:00+00:00,5450.853
2024-09-24 20:00:00+00:00,5534.024
2024-09-24 21:00:00+00:00,5512.847
2024-09-24 22:00:00+00:00,5500.811
2024-09-24 23:00:00+00:00,5550.413
2024-09-25 00:00:00+00:00,5452.582
2024-09-25 01:00:00+00:00,5225.203
2024-09-25 02:00:00+00:00,4934.568
2024-09-25 03:00:00+00:00,4677.025
2024-09-25 04:00:00+00:00,4453.017
2024-09-25 05:00:00+00:00,4288.56
2024-09-25 06:00:00+00:00,4189.155
2024-09-25 07:00:00+00:00,4239.618
2024-09-25 08:00:00+00:00,4221.643
2024-09-25 09:00:00+00:00,4431.412
2024-09-25 10:00:00+00:00,4867.791
2024-09-25 11:00:00+00:00,5060.151
2024-09-25 12:00:00+00:00,5122.764
2024-09-25 13:00:00+00:00,5195.768
2024-09-25 14:00:00+00:00,5314.685
2024-09-25 15:00:00+00:00,5396.04
2024-09-25 16:00:00+00:00,5438.252
2024-09-25 17:00:00+00:00,5541.422
2024-09-25 18:00:00+00:00,5587.916
2024-09-25 19:00:00+00:00,5598.976
2024-09-25 20:00:00+00:00,5628.948
2024-09-25 21:00:00+00:00,5656.669
2024-09-25 22:00:00+00:00,5654.972
2024-09-25 23:00:00+00:00,5718.8
2024-09-26 00:00:00+00:00,5622.064
2024-09-26 01:00:00+00:00,5414.402
2024-09-26 02:00:00+00:00,5073.782
2024-09-26 03:00:00+00:00,4771.042
2024-09-26 04:00:00+00:00,4555.196
2024-09-26 05:00:00+00:00,4416.0
2024-09-26 06:00:00+00:00,4322.102
2024-09-26 07:00:00+00:00,4302.299
2024-09-26 08:00:00+00:00,4356.839
2024-09-26 09:00:00+00:00,4567.254
2024-09-26 10:00:00+00:00,4920.156
2024-09-26 11:00:00+00:00,5140.579
2024-09-26 12:00:00+00:00,5191.995
2024-09-26 13:00:00+00:00,5301.613
2024-09-26 14:00:00+00:00,5400.524
2024-09-26 15:00:00+00:00,5487.057
2024-09-26 16:00:00+00:00,5546.55
2024-09-26 17:00:00+00:00,5642.092
2024-09-26 18:00:00+00:00,5705.849
2024-09-26 19:00:00+00:00,5756.606
2024-09-26 20:00:00+00:00,5812.947
2024-09-26 21:00:00+00:00,5827.245
2024-09-26 22:00:00+00:00,5832.798
2024-09-26 23:00:00+00:00,5885.932
2024-09-27 00:00:00+00:00,5761.504
2024-09-27 01:00:00+00:00,5513.801
2024-09-27 02:00:00+00:00,5192.636
2024-09-27 03:00:00+00:00,4905.395
2024-09-27 04:00:00+00:00,4635.034
2024-09-27 05:00:00+00:00,4482.512
2024-09-27 06:00:00+00:00,4374.349
2024-09-27 07:00:00+00:00,4326.578
2024-09-27 08:00:00+00:00,4369.331
2024-09-27 09:00:00+00:00,4561.676
2024-09-27 10:00:00+00:00,4913.179
2024-09-27 11:00:00+00:00,5141.914
2024-09-27 12:00:00+00:00,5250.164
2024-09-27 13:00:00+00:00,5381.314
2024-09-27 14:00:00+00:00,5497.747
2024-09-27 15:00:00+00:00,5554.632
2024-09-27 16:00:00+00:00,5584.465
2024-09-27 17:00:00+00:00,5595.654
2024-09-27 18:00:00+00:00,5544.902
2024-09-27 19:00:00+00:00,5535.323
2024-09-27 20:00:00+00:00,5583.491
2024-09-27 21:00:00+00:00,5628.972
2024-09-27 22:00:00+00:00,5589.627
2024-09-27 23:00:00+00:00,5610.737
2024-09-28 00:00:00+00:00,5564.483
2024-09-28 01:00:00+00:00,5379.22
2024-09-28 02:00:00+00:00,5124.176
2024-09-28 03:00:00+00:00,4843.754
2024-09-28 04:00:00+00:00,4625.608
2024-09-28 05:00:00+00:00,4415.499
2024-09-28 06:00:00+00:00,4287.689
2024-09-28 07:00:00+00:00,4224.428
2024-09-28 08:00:00+00:00,4197.858
2024-09-28 09:00:00+00:00,4218.158
2024-09-28 10:00:00+00:00,4337.51
2024-09-28 11:00:00+00:00,4457.584
2024-09-28 12:00:00+00:00,4722.157
2024-09-28 13:00:00+00:00,4994.848
2024-09-28 14:00:00+00:00,5181.808
2024-09-28 15:00:00+00:00,5331.261
2024-09-28 16:00:00+00:00,5459.269
2024-09-28 17:00:00+00:00,5561.259
2024-09-28 18:00:00+00:00,5589.532
2024-09-28 19:00:00+00:00,5644.365
2024-09-28 20:00:00+00:00,5654.903
2024-09-28 21:00:00+00:00,5653.31
2024-09-28 22:00:00+00:00,5577.571
2024-09-28 23:00:00+00:00,5549.985
2024-09-29 00:00:00+00:00,5400.591
2024-09-29 01:00:00+00:00,5183.242
2024-09-29 02:00:00+00:00,4933.076
2024-09-29 03:00:00+00:00,4673.844
2024-09-29 04:00:00+00:00,4431.309
2024-09-29 05:00:00+00:00,4264.3
2024-09-29 06:00:00+00:00,4125.309
2024-09-29 07:00:00+00:00,4025.329
2024-09-29 08:00:00+00:00,4005.096
2024-09-29 09:00:00+00:00,4037.058
2024-09-29 10:00:00+00:00,4094.766
2024-09-29 11:00:00+00:00,4228.356
2024-09-29 12:00:00+00:00,4420.009
2024-09-29 13:00:00+00:00,4636.093
2024-09-29 14:00:00+00:00,4799.007
2024-09-29 15:00:00+00:00,4914.676
2024-09-29 16:00:00+00:00,5015.434
2024-09-29 17:00:00+00:00,5061.473
2024-09-29 18:00:00+00:00,5077.408
2024-09-29 19:00:00+00:00,5096.579
2024-09-29 20:00:00+00:00,5163.485
2024-09-29 21:00:00+00:00,5218.918
2024-09-29 22:00:00+00:00,5239.109
2024-09-29 23:00:00+00:00,5296.594
2024-09-30 00:00:00+00:00,5204.039
2024-09-30 01:00:00+00:00,4975.419
2024-09-30 02:00:00+00:00,4702.403
2024-09-30 03:00:00+00:00,4463.796
2024-09-30 04:00:00+00:00,4291.517
2024-09-30 05:00:00+00:00,4180.559
2024-09-30 06:00:00+00:00,4128.034
2024-09-30 07:00:00+00:00,4067.768
2024-09-30 08:00:00+00:00,4178.595
2024-09-30 09:00:00+00:00,4363.275
2024-09-30 10:00:00+00:00,4739.757
2024-09-30 11:00:00+00:00,4957.083
2024-09-30 12:00:00+00:00,5066.508
2024-09-30 13:00:00+00:00,5189.386
2024-09-30 14:00:00+00:00,5265.284
2024-09-30 15:00:00+00:00,5304.616
2024-09-30 16:00:00+00:00,5308.765
2024-09-30 17:00:00+00:00,5299.259
2024-09-30 18:00:00+00:00,5272.851
2024-09-30 19:00:00+00:00,5279.86
2024-09-30 20:00:00+00:00,5337.339
2024-09-30 21:00:00+00:00,5385.055
2024-09-30 22:00:00+00:00,5390.958
2024-09-30 23:00:00+00:00,5453.288
2024-10-01 00:00:00+00:00,5322.07
2024-10-01 01:00:00+00:00,5151.354
2024-10-01 02:00:00+00:00,4932.602
2024-10-01 03:00:00+00:00,4609.844
