origin_idx,timestamp,Trend_Slope,ShortTerm_Volatility,Recent48h_RangeRatio,Diurnal_Periodicity_r24,Weekly_Profile_r168,Recent_Baseline_MAE,Disagreement_Pairwise_MAE,Disagreement_Std,Disagreement_Range,w_GRU,w_TCN,w_Patch,Entropy_H,N_eff,Max_Weight,Min_Weight,Router_Top_Expert,MAE_Fused,MAE_GRU,MAE_TCN,MAE_Patch,MAE_Equal_Ensemble,MAE_Oracle,Oracle_Best_Expert,Is_Router_Top_Oracle,Regret_vs_Oracle,Gain_over_Equal_Ensemble,Gain_over_Best_Single
191,2024-08-07 06:00:00+00:00,-0.00075079623,0.3540328,3.0170853,0.7368569,0.988918,0.74343616,0.6471875,0.40537888,0.9707812,0.08219864,0.26825327,0.64954805,0.83862287,2.3131793,0.64954805,0.08219864,Patch,150.49342,479.53708,360.2468,164.04857,168.24342,164.04857,Patch,1,-13.555145,17.75,125.22658
192,2024-08-07 07:00:00+00:00,-0.001290611,0.35414508,2.9886384,0.7360604,0.98929834,0.78066474,0.6346227,0.3996368,0.95193404,0.0819425,0.26833048,0.649727,0.83816123,2.3121119,0.649727,0.0819425,Patch,154.06819,508.08017,331.2029,156.42061,203.33885,156.42061,Patch,1,-2.352417,49.27066,121.65181
193,2024-08-07 08:00:00+00:00,-0.0018289785,0.3538559,2.8974447,0.7355505,0.9894077,0.7382409,0.67053074,0.42936286,1.0057962,0.08297687,0.2693221,0.647701,0.8411684,2.319075,0.647701,0.08297687,Patch,168.20885,580.6169,335.5736,182.02007,229.343,182.02007,Patch,1,-13.811218,61.134155,107.511154
194,2024-08-07 09:00:00+00:00,-0.0023110022,0.35355586,2.8449008,0.7349784,0.98933965,0.69822603,0.6950137,0.44650626,1.0425205,0.084104866,0.26996413,0.645931,0.84403884,2.3257415,0.645931,0.084104866,Patch,198.06322,635.66254,317.9454,192.36766,260.70853,192.36766,Patch,1,5.6955566,62.64531,77.656784
195,2024-08-07 10:00:00+00:00,-0.0027032853,0.35283044,2.8695424,0.7348564,0.98948765,0.671321,0.7481126,0.47724062,1.1221689,0.0836443,0.2703549,0.64600086,0.8434392,2.324347,0.64600086,0.0836443,Patch,249.2633,643.8494,424.98624,218.31104,298.33896,218.31104,Patch,1,30.95227,49.075653,26.456696
196,2024-08-07 11:00:00+00:00,-0.0029917497,0.3519987,2.8876278,0.7346942,0.9897598,0.6569812,0.67669237,0.44179338,1.0150385,0.084848575,0.26941893,0.6457325,0.8450755,2.3281536,0.6457325,0.084848575,Patch,262.07205,648.6131,410.0969,211.42891,329.63937,211.42891,Patch,1,50.643143,67.56732,13.647949
197,2024-08-07 12:00:00+00:00,-0.003186771,0.35094497,2.8952086,0.73444295,0.98683494,0.61179,0.62037414,0.40425855,0.9305612,0.086714186,0.26950508,0.64378077,0.8489137,2.3371067,0.64378077,0.086714186,Patch,213.7506,656.5007,335.9303,163.61421,303.41904,163.61421,Patch,1,50.136383,89.66844,61.969406
198,2024-08-07 13:00:00+00:00,-0.0032806885,0.34995145,2.8941388,0.73383576,0.9793004,0.5327688,0.6284313,0.40877426,0.942647,0.0877805,0.26970798,0.64251155,0.85122025,2.3425035,0.64251155,0.0877805,Patch,171.53094,669.1645,296.11786,139.27513,268.62616,139.27513,Patch,1,32.255814,97.095215,104.18906
199,2024-08-07 14:00:00+00:00,-0.003273966,0.34780225,2.8898547,0.73274136,0.9661353,0.41990545,0.56620544,0.3726357,0.849308,0.09063856,0.27015898,0.6392025,0.8572459,2.3566616,0.6392025,0.09063856,Patch,169.09163,661.99316,214.81621,160.35481,262.98074,160.35481,Patch,1,8.736816,93.889114,106.62837
200,2024-08-07 15:00:00+00:00,-0.003143268,0.3467507,2.8921657,0.7313382,0.94323975,0.34298146,0.53664035,0.34910834,0.8049604,0.09219796,0.27038223,0.63741976,0.86046827,2.3642676,0.63741976,0.09219796,Patch,210.13496,646.2596,197.82167,244.52177,288.2118,197.82167,TCN,0,12.313293,78.07683,65.58504
201,2024-08-07 16:00:00+00:00,-0.0029010887,0.34641442,2.9056919,0.73008084,0.9170763,0.30642152,0.5086731,0.32562053,0.7630095,0.09267248,0.2703201,0.6370074,0.8613311,2.3663085,0.6370074,0.09267248,Patch,214.82372,615.2753,222.79295,249.63808,298.69382,222.79295,TCN,0,-7.9692383,83.8701,60.896286
202,2024-08-07 17:00:00+00:00,-0.0025649949,0.34647024,2.9296753,0.7291711,0.8935842,0.30098888,0.50526726,0.32439134,0.7579009,0.09207269,0.2700914,0.63783586,0.8599763,2.3631046,0.63783586,0.09207269,Patch,230.71222,601.23193,242.6061,267.02032,299.65485,242.6061,TCN,0,-11.893875,68.94263,45.007782
203,2024-08-07 18:00:00+00:00,-0.0021495933,0.34641957,2.9637837,0.728835,0.88223696,0.2925822,0.5189394,0.32988226,0.778409,0.09139746,0.26994058,0.63866186,0.8585368,2.3597054,0.63866186,0.09139746,Patch,217.11253,576.22174,209.81847,273.5927,274.7476,209.81847,TCN,0,7.2940674,57.635056,58.607468
204,2024-08-07 19:00:00+00:00,-0.0016495804,0.34702116,3.0035546,0.72894627,0.8781069,0.30388033,0.5077143,0.3239756,0.7615714,0.090999044,0.26987424,0.6391267,0.8577039,2.3577409,0.6391267,0.090999044,Patch,216.75592,550.4716,211.47899,294.94537,264.6254,211.47899,TCN,0,5.276932,47.869476,58.96408
205,2024-08-07 20:00:00+00:00,-0.0011066674,0.34728375,3.051351,0.7283942,0.8884388,0.27778736,0.4935078,0.31352556,0.74026173,0.09156912,0.27005896,0.63837194,0.85897213,2.3607328,0.63837194,0.09156912,Patch,187.8452,512.0391,216.28828,255.08516,246.01845,216.28828,TCN,0,-28.443085,58.17325,87.8748
206,2024-08-07 21:00:00+00:00,-0.0005418026,0.3470808,3.0992997,0.7275136,0.9093012,0.27278984,0.50293875,0.31822968,0.75440806,0.09150879,0.2701836,0.63830763,0.8589621,2.3607092,0.63830763,0.09150879,Patch,133.66707,506.6857,239.2465,167.51247,220.7014,167.51247,Patch,1,-33.845398,87.03433,142.05293
207,2024-08-07 22:00:00+00:00,-3.2381733e-05,0.3468836,3.1621115,0.7255998,0.9367164,0.19419967,0.4843771,0.30489737,0.72656554,0.093306355,0.27067012,0.6360236,0.86284983,2.369905,0.6360236,0.093306355,Patch,117.60757,532.40546,217.20393,91.80951,223.34035,91.80951,Patch,1,25.798058,105.73278,158.11243
208,2024-08-07 23:00:00+00:00,0.00039161276,0.34598,3.2178557,0.7230661,0.96183527,0.20574363,0.54177475,0.35543466,0.81266207,0.091916494,0.2704526,0.637631,0.85998386,2.3631225,0.637631,0.091916494,Patch,124.70522,548.4002,176.68138,133.23393,206.37901,133.23393,Patch,1,-8.528709,81.67379,151.01477
209,2024-08-08 00:00:00+00:00,0.000711621,0.34523025,3.2542086,0.7206695,0.97942144,0.20903693,0.56347275,0.3664729,0.8452091,0.091526024,0.2705115,0.6379624,0.8592773,2.3614535,0.6379624,0.091526024,Patch,161.18083,573.60516,195.36536,179.57227,222.36336,179.57227,Patch,1,-18.391434,61.182526,114.53917
210,2024-08-08 01:00:00+00:00,0.0009088501,0.3422542,3.272547,0.71887153,0.9882098,0.21482806,0.5239527,0.33540827,0.7859291,0.09235501,0.2708251,0.6368199,0.861151,2.3658822,0.6368199,0.09235501,Patch,125.550964,551.0022,204.96788,144.81866,212.9779,144.81866,Patch,1,-19.2677,87.42694,150.16904
211,2024-08-08 02:00:00+00:00,0.0009283772,0.3402477,3.271899,0.7182246,0.9930945,0.2220348,0.5389269,0.33698854,0.8083903,0.091921695,0.27076122,0.6373171,0.86025846,2.3637714,0.6373171,0.091921695,Patch,81.293175,494.7792,302.08377,131.6684,202.77368,131.6684,Patch,1,-50.37522,121.48051,194.42682
212,2024-08-08 03:00:00+00:00,0.0007704235,0.3399081,3.2570152,0.7186414,0.994375,0.24192174,0.5828242,0.37333986,0.8742362,0.09088958,0.27051732,0.638593,0.858044,2.358543,0.638593,0.09088958,Patch,92.45481,450.04456,295.7084,248.9381,173.3488,248.9381,Patch,1,-156.48328,80.89399,183.2652
213,2024-08-08 04:00:00+00:00,0.00047226896,0.3400693,3.2372074,0.72002053,0.99506515,0.26024607,0.5743831,0.36340362,0.8615746,0.09094026,0.27055848,0.6385013,0.858178,2.3588588,0.6385013,0.09094026,Patch,93.72123,413.95865,301.93704,222.89565,150.69469,222.89565,Patch,1,-129.17441,56.973457,181.99878
214,2024-08-08 05:00:00+00:00,6.4289285e-05,0.34056652,3.2091312,0.72181195,0.99441546,0.27224922,0.5651075,0.35516948,0.84766126,0.09114065,0.2705968,0.6382625,0.85860133,2.3598578,0.6382625,0.09114065,Patch,84.42106,374.15836,308.55954,174.51143,109.57371,174.51143,Patch,1,-90.09037,25.152649,191.29895
215,2024-08-08 06:00:00+00:00,-0.00042393655,0.34091872,3.1791947,0.72392184,0.9934824,0.38707384,0.52616906,0.33249968,0.7892536,0.09026476,0.27052206,0.6392132,0.8568274,2.3556752,0.6392132,0.09026476,Patch,105.32389,358.4402,266.37634,166.37483,122.069725,166.37483,Patch,1,-61.05094,16.745834,170.39612
216,2024-08-08 07:00:00+00:00,-0.0009465819,0.34098536,3.204443,0.72605586,0.9927276,0.39310184,0.512569,0.3236248,0.76885355,0.090173535,0.27049008,0.6393364,0.85662127,2.3551898,0.6393364,0.090173535,Patch,127.28483,385.4896,213.49078,192.17128,150.60498,192.17128,Patch,1,-64.88645,23.320152,148.43518
217,2024-08-08 08:00:00+00:00,-0.0014730183,0.34082773,3.1819656,0.72762096,0.9926279,0.40554926,0.50155365,0.31670213,0.7523305,0.09042719,0.2705626,0.63901025,0.85718,2.3565059,0.63901025,0.09042719,Patch,174.08553,447.75513,173.29951,244.41829,203.85863,173.29951,TCN,0,0.78601074,29.773102,101.634476
218,2024-08-08 09:00:00+00:00,-0.0019507254,0.3405514,3.163989,0.72864854,0.99320906,0.4246037,0.49144825,0.3162255,0.7371725,0.09044861,0.27054396,0.6390075,0.85720587,2.356567,0.6390075,0.09044861,Patch,230.83514,490.4305,148.3936,301.22653,256.10406,148.3936,TCN,0,82.44154,25.26892,44.884857
219,2024-08-08 10:00:00+00:00,-0.0023468786,0.33997342,3.152428,0.72907025,0.99533886,0.4611843,0.48865646,0.3176396,0.73298466,0.08998242,0.27046105,0.63955647,0.85622174,2.3542488,0.63955647,0.08998242,Patch,195.59608,492.92612,131.98389,243.10161,239.05867,131.98389,TCN,0,63.612198,43.462585,80.12392
220,2024-08-08 11:00:00+00:00,-0.002634772,0.33859652,3.1455514,0.72947544,0.99615484,0.424302,0.50129265,0.33121952,0.751939,0.09041049,0.2704685,0.63912106,0.8570665,2.3562386,0.63912106,0.09041049,Patch,182.33806,472.0554,148.0592,224.65193,224.20274,148.0592,TCN,0,34.278854,41.864685,93.38194
221,2024-08-08 12:00:00+00:00,-0.0027977729,0.3369912,3.137916,0.72965544,0.9967942,0.32745814,0.5700349,0.373743,0.85505235,0.09072807,0.27041116,0.6388608,0.85763764,2.3575845,0.6388608,0.09072807,Patch,186.72304,465.2665,187.38667,249.00641,195.33496,187.38667,TCN,0,-0.66363525,8.611923,88.99696
222,2024-08-08 13:00:00+00:00,-0.002843173,0.3344868,3.1326365,0.72965515,0.9970041,0.21116145,0.57787204,0.379048,0.8668081,0.092487276,0.27060032,0.6369124,0.861214,2.3660314,0.6369124,0.092487276,Patch,193.05824,482.94345,174.46722,272.64468,195.72719,174.46722,TCN,0,18.591019,2.6689453,82.66176
223,2024-08-08 14:00:00+00:00,-0.002762196,0.33242804,3.141143,0.7296698,0.9958252,0.12926169,0.5996239,0.38742456,0.8994359,0.09322778,0.27064085,0.63613147,0.862674,2.3694882,0.63613147,0.09322778,Patch,234.34212,482.58838,191.33598,334.03458,217.52313,191.33598,TCN,0,43.006134,-16.818985,41.377884
224,2024-08-08 15:00:00+00:00,-0.0025633215,0.33108604,3.1761434,0.729858,0.99276054,0.13593622,0.6199031,0.39963397,0.9298546,0.09221109,0.2703974,0.6373915,0.86050665,2.3643584,0.6373915,0.09221109,Patch,277.34402,481.53134,202.52403,399.31958,235.52644,202.52403,TCN,0,74.81999,-41.81758,-1.6240234
225,2024-08-08 16:00:00+00:00,-0.0022574367,0.33055574,3.2424526,0.7300783,0.98853123,0.18371122,0.5812707,0.37501067,0.871906,0.09179119,0.27048448,0.63772434,0.8597685,2.3626137,0.63772434,0.09179119,Patch,270.39575,467.70767,176.22627,399.68738,220.40015,176.22627,TCN,0,94.16948,-49.995605,5.3242493
226,2024-08-08 17:00:00+00:00,-0.0018580693,0.3307507,3.3440652,0.73045826,0.98457134,0.21313477,0.56355095,0.35749024,0.8453264,0.091097824,0.27055368,0.63834846,0.8584809,2.3595736,0.63834846,0.091097824,Patch,290.69327,452.70593,175.97865,422.35318,220.14287,175.97865,TCN,0,114.714615,-70.5504,-14.973267
227,2024-08-08 18:00:00+00:00,-0.0014121678,0.3306415,3.4616365,0.7306836,0.97977537,0.21050425,0.5639884,0.35886502,0.84598255,0.089856654,0.2701758,0.6399675,0.8557292,2.3530898,0.6399675,0.089856654,Patch,366.92944,451.7267,285.88858,487.32382,271.6967,285.88858,TCN,0,81.04086,-95.23276,-91.20944
228,2024-08-08 19:00:00+00:00,-0.0009246673,0.33063385,3.5013404,0.73013157,0.97616774,0.16522193,0.57114786,0.3650545,0.85672176,0.08958369,0.269851,0.64056534,0.8549123,2.3511682,0.64056534,0.08958369,Patch,439.03247,451.84753,359.9039,572.33026,324.75104,359.9039,TCN,0,79.12857,-114.28143,-163.31247
229,2024-08-08 20:00:00+00:00,-0.0003994565,0.33065453,3.6246088,0.72983384,0.9765961,0.15288174,0.5521772,0.35447377,0.82826585,0.089112885,0.2696754,0.6412117,0.8538328,2.3486314,0.6412117,0.089112885,Patch,464.817,440.82407,326.12003,611.61346,321.27905,326.12003,TCN,0,138.69696,-143.53793,-189.09698
230,2024-08-08 21:00:00+00:00,0.000147149,0.33059675,3.5288565,0.72999877,0.9792846,0.17106847,0.5756492,0.36385354,0.8634738,0.089204356,0.26978588,0.6410097,0.8541089,2.3492799,0.6410097,0.089204356,Patch,489.63443,446.65872,343.04993,639.68567,325.4202,343.04993,TCN,0,146.5845,-164.21423,-213.91443
231,2024-08-08 22:00:00+00:00,0.0006706219,0.33025578,3.2606132,0.73149514,0.98138344,0.20276803,0.5543136,0.3626337,0.8314704,0.09163967,0.27038887,0.63797146,0.8593926,2.3617258,0.63797146,0.09163967,Patch,479.35498,492.79175,441.17105,572.13965,337.4744,441.17105,TCN,0,38.18393,-141.88058,-203.63498
232,2024-08-08 23:00:00+00:00,0.001135056,0.32940245,3.265457,0.734509,0.98308754,0.23386876,0.5447868,0.35837135,0.81718016,0.091299266,0.2703245,0.6383762,0.8586761,2.360034,0.6383762,0.091299266,Patch,404.02963,525.63696,471.32385,434.577,304.80557,434.577,Patch,1,-30.547363,-99.22406,-128.30963
233,2024-08-09 00:00:00+00:00,0.0015258976,0.3275303,3.320278,0.7379262,0.98794556,0.22578178,0.5610406,0.3585226,0.84156084,0.090959,0.27037784,0.6386632,0.8580594,2.3585792,0.6386632,0.090959,Patch,313.3018,541.76886,339.11914,368.65152,254.08382,339.11914,TCN,0,-25.817352,-59.21797,-37.581787
234,2024-08-09 01:00:00+00:00,0.001794266,0.32404098,3.3442862,0.74013364,0.9898805,0.22158879,0.5160105,0.32477364,0.7740158,0.092110716,0.2707764,0.6371129,0.8606372,2.364667,0.6371129,0.092110716,Patch,274.98795,534.096,222.30774,345.05273,254.85124,222.30774,TCN,0,52.680206,-20.136703,0.73205566
235,2024-08-09 02:00:00+00:00,0.0018749287,0.32274753,3.3457305,0.7410865,0.991727,0.2343787,0.47134322,0.29830807,0.7070148,0.09308677,0.2710944,0.63581884,0.86279035,2.3697639,0.63581884,0.09308677,Patch,314.48654,508.65417,218.27885,403.83835,270.4452,218.27885,TCN,0,96.20769,-44.04135,-38.76654
236,2024-08-09 03:00:00+00:00,0.0017910552,0.32202387,3.337575,0.7415549,0.99157673,0.25328508,0.49897954,0.31315064,0.74846935,0.09202317,0.27079457,0.6371823,0.8604834,2.3643034,0.6371823,0.09202317,Patch,353.68335,477.2836,215.59572,477.60376,276.65482,215.59572,TCN,0,138.08763,-77.028534,-77.96335
237,2024-08-09 04:00:00+00:00,0.0015780504,0.3215758,3.3317523,0.74172604,0.99120325,0.27020288,0.51336586,0.32402432,0.7700488,0.0913615,0.27060562,0.6380329,0.85903835,2.3608892,0.6380329,0.0913615,Patch,344.87082,463.8237,238.49156,445.99423,290.7391,238.49156,TCN,0,106.37926,-54.131714,-69.15082
238,2024-08-09 05:00:00+00:00,0.0012696045,0.32136184,3.3332806,0.74197316,0.99029493,0.24799907,0.48374376,0.315382,0.7256155,0.09251344,0.27086124,0.6366253,0.8614876,2.3666787,0.6366253,0.09251344,Patch,302.97406,470.03897,224.27791,368.37662,290.97787,224.27791,TCN,0,78.69615,-11.996185,-27.254059
239,2024-08-09 06:00:00+00:00,0.000893936,0.32126775,3.3423567,0.7421793,0.98959243,0.23194374,0.45136815,0.29514846,0.6770522,0.0936395,0.2711943,0.6351662,0.8639355,2.3724792,0.6351662,0.0936395,Patch,304.4177,506.75635,226.8773,343.05118,326.79764,226.8773,TCN,0,77.54039,22.379944,-28.697693
240,2024-08-09 07:00:00+00:00,0.0004814082,0.32125494,3.359295,0.7421314,0.98926455,0.23673774,0.45104325,0.28893456,0.6765649,0.09351659,0.27124777,0.6352356,0.8637456,2.3720288,0.6352356,0.09351659,Patch,315.5872,566.42114,263.3619,336.71988,360.97525,263.3619,TCN,0,52.22528,45.38806,-39.867188
241,2024-08-09 08:00:00+00:00,6.629747e-05,0.3212164,3.3728573,0.741726,0.9890286,0.24418099,0.45427057,0.28991544,0.6814059,0.09327156,0.27124065,0.6354878,0.86326975,2.3709002,0.6354878,0.09327156,Patch,339.79065,637.59186,290.14304,344.89462,402.63803,290.14304,TCN,0,49.647614,62.84738,-64.07065
242,2024-08-09 09:00:00+00:00,-0.00030429458,0.3210428,3.3848498,0.7408095,0.988312,0.25860894,0.47977108,0.30847746,0.71965665,0.09225662,0.27097788,0.6367655,0.8610915,2.3657415,0.6367655,0.09225662,Patch,335.4527,686.95435,346.39957,330.28833,417.64566,330.28833,Patch,1,5.1643677,82.19296,-59.732697
243,2024-08-09 10:00:00+00:00,-0.00059064524,0.32090306,3.388996,0.7395013,0.98673517,0.27835134,0.52749693,0.34423423,0.79124534,0.090499796,0.2704314,0.6390687,0.8572092,2.3565748,0.6390687,0.090499796,Patch,320.63876,725.6702,390.7482,294.68704,428.80786,294.68704,Patch,1,25.951721,108.1691,-44.918762
244,2024-08-09 11:00:00+00:00,-0.0007874051,0.32033324,3.3923495,0.7384208,0.985441,0.29894724,0.5286161,0.34850013,0.79292405,0.09000608,0.27030033,0.6396936,0.85612977,2.3540325,0.6396936,0.09000608,Patch,308.50864,754.4484,430.13327,251.15202,445.67615,251.15202,Patch,1,57.356613,137.16751,-32.788635
245,2024-08-09 12:00:00+00:00,-0.0008833351,0.31979522,3.3951871,0.7382039,0.9828287,0.31179637,0.5885252,0.38735637,0.88278764,0.088195436,0.26974362,0.64206094,0.85207593,2.344509,0.64206094,0.088195436,Patch,276.59717,787.9787,482.80923,206.81245,442.23642,206.81245,Patch,1,69.78471,165.63925,-0.87716675
246,2024-08-09 13:00:00+00:00,-0.000878705,0.31885815,3.395918,0.73886555,0.9786232,0.30226982,0.60757065,0.3982471,0.9113559,0.08783879,0.2696108,0.64255035,0.8512519,2.3425777,0.64255035,0.08783879,Patch,267.67014,810.31903,477.29855,166.9171,435.6167,166.9171,Patch,1,100.75304,167.94656,8.049866
247,2024-08-09 14:00:00+00:00,-0.0007696304,0.3179976,3.3950698,0.74027646,0.97404313,0.28532544,0.5900249,0.3852149,0.8850373,0.08848413,0.26976767,0.6417482,0.8526694,2.3459005,0.6417482,0.08848413,Patch,301.6299,814.21674,483.39307,201.5789,457.65,201.5789,Patch,1,100.05101,156.02008,-25.909912
248,2024-08-09 15:00:00+00:00,-0.0005629777,0.31699723,3.395216,0.7419711,0.9697937,0.26777098,0.5924665,0.3888532,0.8886997,0.0886863,0.26977384,0.6415398,0.85307515,2.3468528,0.6415398,0.0886863,Patch,323.18307,809.3745,523.7956,216.06895,478.37003,216.06895,Patch,1,107.11412,155.18695,-47.463074
249,2024-08-09 16:00:00+00:00,-0.00026492696,0.31644547,3.4029553,0.7443612,0.96706825,0.2581645,0.5752883,0.36752385,0.8629324,0.089170836,0.26993904,0.6408901,0.8541752,2.3494356,0.6408901,0.089170836,Patch,333.33917,796.80927,532.74945,231.49287,481.46948,231.49287,Patch,1,101.8463,148.13031,-57.61917
250,2024-08-09 17:00:00+00:00,0.000114791066,0.3162505,3.4191005,0.74827164,0.9640035,0.25431547,0.5790283,0.36608362,0.8685424,0.08894941,0.26985162,0.64119893,0.8536626,2.3482318,0.64119893,0.08894941,Patch,336.8665,774.92255,526.0586,255.06471,475.99948,255.06471,Patch,1,81.80177,139.133,-61.146484
251,2024-08-09 18:00:00+00:00,0.0005565379,0.31568846,3.4523253,0.75412405,0.96209574,0.25120762,0.5682378,0.3626892,0.8523566,0.088941805,0.26979327,0.641265,0.853597,2.3480778,0.641265,0.088941805,Patch,276.76334,744.35205,471.3597,201.16139,443.3712,201.16139,Patch,1,75.601944,166.60785,-1.043335
252,2024-08-09 19:00:00+00:00,0.0010861348,0.31604496,3.5007672,0.7634801,0.9604686,0.2752923,0.5361049,0.34772035,0.8041574,0.08915756,0.26993892,0.6409036,0.85414886,2.349374,0.6409036,0.08915756,Patch,244.64331,720.49023,436.74106,145.07526,411.85464,145.07526,Patch,1,99.568054,167.21133,31.07669
253,2024-08-09 20:00:00+00:00,0.0016736808,0.3164321,3.5576901,0.77427715,0.9577114,0.31251684,0.50530046,0.32603857,0.75795066,0.08878527,0.26981363,0.6414011,0.8533052,2.3473926,0.6414011,0.08878527,Patch,266.29697,711.8323,425.7527,151.7787,419.98935,151.7787,Patch,1,114.518265,153.69238,9.423035
254,2024-08-09 21:00:00+00:00,0.0022911169,0.31580767,3.3304493,0.7849441,0.95570445,0.3575531,0.5225232,0.3297692,0.7837848,0.08870943,0.26950702,0.6417836,0.8528894,2.346417,0.6417836,0.08870943,Patch,290.2401,725.3903,462.00876,173.44319,442.3077,173.44319,Patch,1,116.79692,152.0676,-14.520111
255,2024-08-09 22:00:00+00:00,0.0028482922,0.31396154,3.2442272,0.79364896,0.9567004,0.39715633,0.5330928,0.3397728,0.7996391,0.088616036,0.26942915,0.64195484,0.85263705,2.3458247,0.64195484,0.088616036,Patch,300.2762,759.15204,408.07617,218.2536,445.48843,218.2536,Patch,1,82.02261,145.21222,-24.556213
256,2024-08-09 23:00:00+00:00,0.0032739856,0.3132087,3.2617626,0.8001433,0.96212983,0.39144996,0.5522409,0.35965046,0.8283613,0.08833267,0.26930723,0.6423601,0.8519695,2.3442593,0.6423601,0.08833267,Patch,272.1763,783.45123,327.57645,210.8971,419.8098,210.8971,Patch,1,61.279205,147.63351,3.5437012
257,2024-08-10 00:00:00+00:00,0.0035639035,0.31331393,3.2824254,0.80490416,0.96700984,0.3058188,0.6278855,0.40023845,0.94182825,0.08837441,0.26931044,0.64231515,0.8520551,2.34446,0.64231515,0.08837441,Patch,225.67389,784.2969,281.1461,206.12054,383.69626,206.12054,Patch,1,19.553345,158.02237,50.046112
258,2024-08-10 01:00:00+00:00,0.0037350801,0.31193334,3.290592,0.8079646,0.9724237,0.24975115,0.61747724,0.39083564,0.9262158,0.08943522,0.2694694,0.6410954,0.85428977,2.349705,0.6410954,0.08943522,Patch,239.80309,765.1243,322.78622,218.98358,382.98547,218.98358,Patch,1,20.819504,143.18239,35.916916
259,2024-08-10 02:00:00+00:00,0.0037263192,0.31198144,3.28972,0.80900186,0.9772653,0.25603238,0.55748713,0.3492102,0.8362307,0.09048206,0.26969296,0.6398249,0.85653806,2.3549938,0.6398249,0.09048206,Patch,245.88922,676.27637,358.2839,229.77008,376.54102,229.77008,Patch,1,16.11914,130.6518,29.83078
260,2024-08-10 03:00:00+00:00,0.003538429,0.31295428,3.2753375,0.80813545,0.9813464,0.25748762,0.53688323,0.33781457,0.80532473,0.09102545,0.26980925,0.6391653,0.8576994,2.3577304,0.6391653,0.09102545,Patch,273.7817,569.92584,456.54013,235.98656,378.10825,235.98656,Patch,1,37.79515,104.32654,1.9382935
261,2024-08-10 04:00:00+00:00,0.003198655,0.3134697,3.2421474,0.80531496,0.98227733,0.22667082,0.4931098,0.31359914,0.73966455,0.09264372,0.2700923,0.637264,0.8610803,2.365715,0.637264,0.09264372,Patch,298.06625,517.7471,403.20572,274.26865,351.32568,274.26865,Patch,1,23.797607,53.25943,-22.346252
262,2024-08-10 05:00:00+00:00,0.0027338949,0.31373486,3.228018,0.8008615,0.9826001,0.19579749,0.44763577,0.28539604,0.67145365,0.094393924,0.27051404,0.635092,0.86479694,2.3745236,0.635092,0.094393924,Patch,309.57913,497.2006,336.7985,311.54797,319.5851,311.54797,Patch,1,-1.9688416,10.005981,-33.85913
263,2024-08-10 06:00:00+00:00,0.0021823964,0.31399822,3.4483361,0.7950291,0.98242706,0.17624386,0.39931664,0.25312403,0.59897494,0.095087,0.27130195,0.6336111,0.86678517,2.3792496,0.6336111,0.095087,Patch,282.0291,453.93765,267.4758,312.95627,276.29684,267.4758,TCN,0,14.553314,-5.7322693,-6.3091125
264,2024-08-10 07:00:00+00:00,0.0015720974,0.31425017,3.5895526,0.7879347,0.9818456,0.16566658,0.37454683,0.23834977,0.56182027,0.09497955,0.27155042,0.63347006,0.8667919,2.3792655,0.63347006,0.09497955,Patch,250.33366,417.20532,217.3883,315.32565,267.48373,217.3883,TCN,0,32.94536,17.15007,25.386337
265,2024-08-10 08:00:00+00:00,0.00094055687,0.314279,3.5795074,0.7799311,0.9822624,0.17030768,0.3818876,0.2429941,0.57283133,0.094807215,0.27155647,0.6336363,0.8664699,2.3784995,0.6336363,0.094807215,Patch,248.2202,398.30234,223.1167,326.27487,266.85544,223.1167,TCN,0,25.1035,18.635239,27.499802
266,2024-08-10 09:00:00+00:00,0.00031178453,0.31424928,3.5157049,0.770347,0.9839028,0.1824615,0.40067396,0.2605375,0.601011,0.09482514,0.2715947,0.63358015,0.8665363,2.3786578,0.63358015,0.09482514,Patch,266.7261,408.2505,293.92984,340.61887,300.0604,293.92984,TCN,0,-27.203735,33.33429,8.9938965
267,2024-08-10 10:00:00+00:00,-0.00029246745,0.31395757,3.4175587,0.7593887,0.9869382,0.21102713,0.4416865,0.2831908,0.6625298,0.09399579,0.27135774,0.6346465,0.86475575,2.3744261,0.6346465,0.09399579,Patch,287.75156,444.827,347.99118,327.58414,330.61877,327.58414,Patch,1,-39.83258,42.867218,-12.031555
268,2024-08-10 11:00:00+00:00,-0.00083562464,0.3130726,3.3304877,0.7490339,0.98972267,0.2446903,0.5430168,0.3578725,0.8145251,0.09101369,0.27030933,0.63867694,0.8581071,2.3586917,0.63867694,0.09101369,Patch,289.9725,507.5227,412.65646,346.18286,354.66028,346.18286,Patch,1,-56.210358,64.687775,-14.252502
269,2024-08-10 12:00:00+00:00,-0.0012513495,0.31302053,3.2804232,0.74186873,0.99202937,0.27276897,0.5443735,0.3614602,0.8165602,0.09067325,0.27018782,0.6391389,0.8573385,2.3568792,0.6391389,0.09067325,Patch,295.28647,543.76776,331.20773,417.77628,356.53897,331.20773,TCN,0,-35.921265,61.252502,-19.566467
270,2024-08-10 13:00:00+00:00,-0.0015262256,0.31286466,3.25871,0.7377404,0.9934534,0.28686413,0.5288638,0.33459315,0.79329574,0.09093132,0.27036366,0.6387051,0.85799325,2.3584232,0.6387051,0.09093132,Patch,361.5931,572.89465,250.61128,517.9397,374.29337,250.61128,TCN,0,110.98183,12.700256,-85.87311
271,2024-08-10 14:00:00+00:00,-0.0016622337,0.3121649,3.2550387,0.7360601,0.9939066,0.28974023,0.5406274,0.33871576,0.8109411,0.09070596,0.270351,0.6389431,0.85754275,2.357361,0.6389431,0.09070596,Patch,397.40576,607.9599,256.92072,550.34644,400.559,256.92072,TCN,0,140.48505,3.1532288,-121.68576
272,2024-08-10 15:00:00+00:00,-0.0016671782,0.31206858,3.2631762,0.7362131,0.99392945,0.29055735,0.53818214,0.34146905,0.8072731,0.09066056,0.27031997,0.6390195,0.8574274,2.3570893,0.6390195,0.09066056,Patch,391.73495,631.245,246.40839,504.05847,405.3525,246.40839,TCN,0,145.32657,13.617554,-116.01495
273,2024-08-10 16:00:00+00:00,-0.0015786099,0.3124839,3.2818625,0.73715645,0.99382824,0.2993129,0.54796547,0.35325116,0.8219482,0.09019239,0.27020875,0.6395989,0.856416,2.3547065,0.6395989,0.09019239,Patch,384.5697,648.95135,269.19482,476.36157,410.69662,269.19482,TCN,0,115.37488,26.126923,-108.8497
274,2024-08-10 17:00:00+00:00,-0.0014427506,0.31278804,3.3132422,0.7378922,0.9939545,0.31413022,0.5717647,0.37004527,0.85764694,0.08933392,0.2700657,0.64060044,0.85460615,2.3504484,0.64060044,0.08933392,Patch,369.42093,659.5049,271.03168,471.05753,407.25412,271.03168,TCN,0,98.38925,37.83319,-93.70093
275,2024-08-10 18:00:00+00:00,-0.0012721324,0.31306124,3.3443766,0.73813665,0.99415696,0.32250556,0.52794117,0.3421343,0.7919118,0.09005962,0.27034104,0.6395994,0.8562697,2.354362,0.6395994,0.09005962,Patch,363.3618,661.58673,281.09653,461.29495,412.11343,281.09653,TCN,0,82.26526,48.751648,-87.641785
276,2024-08-10 19:00:00+00:00,-0.0010951353,0.3132969,3.3762796,0.7379153,0.9925593,0.32855046,0.51009613,0.32885545,0.7651442,0.09016214,0.27043852,0.63939935,0.8565546,2.3550327,0.63939935,0.09016214,Patch,343.21878,640.29486,238.43921,437.2419,390.71533,238.43921,TCN,0,104.77957,47.49655,-67.49878
277,2024-08-10 20:00:00+00:00,-0.00089565123,0.31360295,3.4057722,0.7376535,0.98734033,0.35836872,0.46213493,0.29572892,0.69320244,0.09031587,0.2704968,0.63918734,0.8569057,2.3558598,0.63918734,0.09031587,Patch,359.32178,618.5632,230.86505,423.8269,393.40366,230.86505,TCN,0,128.45673,34.08188,-83.601776
278,2024-08-10 21:00:00+00:00,-0.00068558863,0.31335014,3.429517,0.73742306,0.9805056,0.44316116,0.4136684,0.26264286,0.6205026,0.08921856,0.27012846,0.64065295,0.85443306,2.3500419,0.64065295,0.08921856,Patch,407.49966,621.2691,276.5316,452.78833,434.94498,276.5316,TCN,0,130.96808,27.445312,-131.77966
279,2024-08-10 22:00:00+00:00,-0.00053011207,0.31289607,3.450786,0.737379,0.9720863,0.53043836,0.42449206,0.2710835,0.63673806,0.08684379,0.26936877,0.64378744,0.84905475,2.3374362,0.64378744,0.08684379,Patch,425.2371,609.0474,246.18506,502.47354,433.3705,246.18506,TCN,0,179.05203,8.133423,-149.51709
280,2024-08-10 23:00:00+00:00,-0.00047472512,0.31340757,3.474916,0.7374947,0.9650158,0.5252787,0.48297393,0.3075168,0.72446084,0.085486956,0.26896155,0.64555144,0.8459685,2.3302333,0.64555144,0.085486956,Patch,373.8293,548.59406,176.27998,473.5786,373.91147,176.27998,TCN,0,197.54933,0.08215332,-98.109314
281,2024-08-11 00:00:00+00:00,-0.0005278196,0.31462705,3.501778,0.7374484,0.9611559,0.48412633,0.488638,0.31229067,0.73295707,0.08599721,0.26913112,0.64487165,0.84714663,2.3329806,0.64487165,0.08599721,Patch,308.8483,485.44974,159.12808,406.8348,304.76483,159.12808,TCN,0,149.72021,-4.0834656,-33.128296
282,2024-08-11 01:00:00+00:00,-0.0006723552,0.31463394,3.513863,0.73704463,0.9600913,0.4902873,0.45662326,0.29306084,0.6849348,0.08649987,0.26929367,0.64420646,0.84829956,2.3356717,0.64420646,0.08649987,Patch,292.5363,451.33475,182.50902,381.30716,280.6907,182.50902,TCN,0,110.02727,-11.845581,-16.816284
283,2024-08-11 02:00:00+00:00,-0.0009555469,0.3150398,3.4983695,0.7361889,0.9608622,0.46160516,0.4172446,0.2666294,0.6258669,0.088020295,0.269764,0.6422157,0.8517457,2.343735,0.6422157,0.088020295,Patch,240.1829,394.56064,249.78947,310.17532,239.18782,249.78947,TCN,0,-9.606567,-0.99508667,35.537094
284,2024-08-11 03:00:00+00:00,-0.0013845117,0.31590557,3.4552042,0.7350592,0.96240085,0.4320794,0.37896943,0.24421978,0.56845415,0.089805715,0.27029064,0.6399036,0.85572815,2.3530872,0.6399036,0.089805715,Patch,184.56026,339.27737,248.51118,232.47295,200.78143,232.47295,Patch,1,-47.91269,16.221176,91.159744
285,2024-08-11 04:00:00+00:00,-0.0019306245,0.3166464,3.3871884,0.73420185,0.9651132,0.4039624,0.35175675,0.22728229,0.5276351,0.09159447,0.27080265,0.637603,0.85965955,2.3623562,0.637603,0.09159447,Patch,167.03358,324.2877,233.49504,183.10909,189.64403,183.10909,Patch,1,-16.0755,22.610443,108.68642
286,2024-08-11 05:00:00+00:00,-0.0025648556,0.3169717,3.3854308,0.7329659,0.9672395,0.39651728,0.36203152,0.23260085,0.54304725,0.091553524,0.27080622,0.6376403,0.8595832,2.362176,0.6376403,0.091553524,Patch,172.77437,328.3378,273.12943,162.23306,198.72296,162.23306,Patch,1,10.541306,25.948593,102.94563
287,2024-08-11 06:00:00+00:00,-0.003268712,0.31732476,3.5012386,0.73235744,0.96922237,0.39274773,0.3529913,0.22575805,0.529487,0.09112452,0.27078447,0.63809097,0.85873085,2.3601632,0.63809097,0.09112452,Patch,201.39673,323.44705,287.15665,194.67009,214.15367,194.67009,Patch,1,6.726639,12.756943,74.32327
288,2024-08-11 07:00:00+00:00,-0.0040051187,0.31740817,3.5007582,0.7317444,0.9709426,0.36627015,0.31850868,0.20347254,0.47776294,0.09262504,0.27126986,0.6361051,0.86205137,2.3680134,0.6361051,0.09262504,Patch,197.02043,301.08813,234.76167,215.5612,196.6825,215.5612,Patch,1,-18.540771,-0.3379364,78.69957
289,2024-08-11 08:00:00+00:00,-0.00475932,0.31748223,3.4719274,0.7319916,0.97260106,0.3414681,0.2761032,0.17863485,0.41415477,0.09457877,0.2718582,0.633563,0.86629117,2.3780744,0.633563,0.09457877,Patch,189.87108,256.92105,209.75826,223.22734,180.72314,209.75826,TCN,0,-19.887177,-9.147934,85.84892
290,2024-08-11 09:00:00+00:00,-0.0055081076,0.3174692,3.3693013,0.7337018,0.97411066,0.28485632,0.26137224,0.16684577,0.39205837,0.09716043,0.27252072,0.6303189,0.87171775,2.3910146,0.6303189,0.09716043,Patch,183.0923,223.47792,186.08366,240.19316,162.53172,186.08366,TCN,0,-2.9913635,-20.560577,92.6277
291,2024-08-11 10:00:00+00:00,-0.0062404242,0.31716096,3.2720366,0.73646456,0.9755243,0.22422516,0.2951532,0.18911299,0.44272977,0.09783868,0.2722723,0.6298891,0.8727751,2.393544,0.6298891,0.09783868,Patch,158.17802,230.6746,183.06282,237.21393,162.64474,183.06282,TCN,0,-24.884796,4.4667206,117.54198
292,2024-08-11 11:00:00+00:00,-0.0069163297,0.31593728,3.1944919,0.7396364,0.9767727,0.20560569,0.35752195,0.2325074,0.53628296,0.09684878,0.27166286,0.6314884,0.8704127,2.3878963,0.6314884,0.09684878,Patch,171.4176,251.53918,258.78134,247.49359,186.75989,247.49359,Patch,1,-76.07599,15.342285,104.3024
293,2024-08-11 12:00:00+00:00,-0.0074792686,0.31506032,3.1469882,0.7416171,0.9770867,0.23673534,0.40518236,0.26338422,0.60777354,0.09517127,0.2710975,0.63373125,0.86677146,2.379217,0.63373125,0.09517127,Patch,206.94238,295.7479,317.0204,280.82272,219.84932,280.82272,Patch,1,-73.88034,12.906937,68.77762
294,2024-08-11 13:00:00+00:00,-0.007922109,0.3141502,3.12611,0.742594,0.97608316,0.29353282,0.43871796,0.28421158,0.658077,0.093360804,0.27066582,0.6359734,0.8629507,2.370144,0.6359734,0.093360804,Patch,229.62354,329.16968,315.1297,313.23398,239.8504,313.23398,Patch,1,-83.61044,10.226868,46.096466
295,2024-08-11 14:00:00+00:00,-0.00825175,0.31281856,3.1258268,0.74247223,0.97236294,0.34218892,0.45318842,0.2914148,0.6797826,0.09219635,0.27049273,0.637311,0.8605598,2.3644838,0.637311,0.09219635,Patch,212.26399,379.30225,316.77945,280.1638,241.20482,280.1638,Patch,1,-67.899796,28.940826,63.45601
296,2024-08-11 15:00:00+00:00,-0.00846985,0.3116938,3.1449134,0.74092144,0.9654827,0.36869,0.47425446,0.3111698,0.7113817,0.090991996,0.27022582,0.6387822,0.857993,2.3584228,0.6387822,0.090991996,Patch,187.16998,419.49536,366.9545,222.47205,258.61038,222.47205,Patch,1,-35.302063,71.4404,88.55002
297,2024-08-11 16:00:00+00:00,-0.00858906,0.31110805,3.1796372,0.73772544,0.95304614,0.38112286,0.44396362,0.2940142,0.6659454,0.091023155,0.2703022,0.63867456,0.8581195,2.358721,0.63867456,0.091023155,Patch,213.0053,454.8191,404.76382,206.89412,291.5607,206.89412,Patch,1,6.1111755,78.555405,62.714706
298,2024-08-11 17:00:00+00:00,-0.008626533,0.3107921,3.2320302,0.73331904,0.9345123,0.38970256,0.41759527,0.2751151,0.62639284,0.09100468,0.27045885,0.6385365,0.85821795,2.3589532,0.6385365,0.09100468,Patch,259.89337,477.86252,437.33652,248.90263,324.94315,248.90263,Patch,1,10.990738,65.049774,15.82663
299,2024-08-11 18:00:00+00:00,-0.008592444,0.3103087,3.2971582,0.72755957,0.9100666,0.43716767,0.4063097,0.26513425,0.6094645,0.08922619,0.26995715,0.6408167,0.8543,2.349729,0.6408167,0.08922619,Patch,304.68262,483.21225,494.82065,300.57056,358.4244,300.57056,Patch,1,4.1120605,53.74179,-28.962616
300,2024-08-11 19:00:00+00:00,-0.008482654,0.31015053,3.3847117,0.7208352,0.8883031,0.4650278,0.3858096,0.24866459,0.5787144,0.08808181,0.2696466,0.6422716,0.8517662,2.343783,0.6422716,0.08808181,Patch,318.48874,498.58923,478.0682,336.9722,373.98642,336.9722,Patch,1,-18.48346,55.49768,-42.768738
301,2024-08-11 20:00:00+00:00,-0.008296775,0.31056783,3.4962735,0.7132669,0.8815462,0.5026477,0.3772847,0.23972933,0.5659271,0.08665837,0.2692985,0.64404315,0.8486217,2.3364244,0.64404315,0.08665837,Patch,323.83212,501.54153,422.32138,342.04556,353.54443,342.04556,Patch,1,-18.21344,29.71231,-48.11212
302,2024-08-11 21:00:00+00:00,-0.008063351,0.31080362,3.5591438,0.705762,0.8919522,0.55046713,0.39288077,0.24667776,0.58932114,0.085012056,0.26882163,0.6461663,0.84488416,2.327708,0.6461663,0.085012056,Patch,333.99896,492.16324,455.3857,310.96942,365.7996,310.96942,Patch,1,23.029541,31.800629,-58.27896
303,2024-08-11 22:00:00+00:00,-0.007832388,0.30982536,3.401188,0.6978957,0.91751766,0.56028736,0.39236197,0.2495505,0.58854294,0.08591349,0.2690741,0.64501244,0.846928,2.3324704,0.64501244,0.08591349,Patch,348.89273,530.2227,500.28455,292.74777,403.6272,292.74777,Patch,1,56.14496,54.734467,-73.17273
304,2024-08-11 23:00:00+00:00,-0.007676597,0.30929455,3.2433393,0.6913795,0.9463094,0.51626307,0.39202416,0.24835126,0.5880362,0.088154994,0.26975912,0.64208585,0.8520092,2.3443525,0.64208585,0.088154994,Patch,394.9896,576.8973,553.65485,322.06625,452.68497,322.06625,Patch,1,72.92334,57.695374,-119.26959
305,2024-08-12 00:00:00+00:00,-0.0076022395,0.30854234,3.327963,0.687086,0.96899575,0.4440352,0.3567111,0.22812963,0.5350666,0.090416424,0.27055976,0.6390238,0.8571566,2.3564508,0.6390238,0.090416424,Patch,422.55148,603.2663,519.4725,378.71793,471.0233,378.71793,Patch,1,43.833557,48.4718,-146.83148
306,2024-08-12 01:00:00+00:00,-0.007626243,0.30587035,3.3910174,0.68499875,0.984022,0.43336812,0.3352965,0.2142522,0.5029447,0.09098419,0.27081642,0.63819945,0.858485,2.3595831,0.63819945,0.09098419,Patch,418.31796,610.6717,502.5399,372.30698,470.6565,372.30698,Patch,1,46.010986,52.33853,-142.59796
307,2024-08-12 02:00:00+00:00,-0.0078016203,0.30468315,3.4149044,0.6857471,0.9918688,0.42417994,0.31016,0.19957213,0.46524,0.09181476,0.27110532,0.63707995,0.8603456,2.3639774,0.63707995,0.09181476,Patch,454.71695,603.8038,551.7236,407.11166,486.9366,407.11166,Patch,1,47.605286,32.219666,-178.99695
308,2024-08-12 03:00:00+00:00,-0.00811886,0.3049153,3.4038246,0.68876237,0.9958031,0.4322063,0.30157837,0.19316392,0.45236754,0.09203866,0.27117342,0.63678795,0.86083716,2.36514,0.63678795,0.09203866,Patch,468.03317,594.34,527.7986,434.03467,499.51205,434.03467,Patch,1,33.998505,31.478882,-192.31317
309,2024-08-12 04:00:00+00:00,-0.008537998,0.30460352,3.3706777,0.6930912,0.9967626,0.44805422,0.31764388,0.20613718,0.47646582,0.09156603,0.27097404,0.63746,0.8597511,2.3625724,0.63746,0.09156603,Patch,451.0228,588.11115,435.19363,441.25186,480.77808,435.19363,TCN,0,15.829163,29.75528,-175.3028
310,2024-08-12 05:00:00+00:00,-0.009041895,0.30469874,3.3326523,0.6989235,0.997316,0.46912542,0.33610272,0.21714048,0.5041541,0.09097125,0.2707503,0.6382785,0.8584031,2.3593898,0.6382785,0.09097125,Patch,431.08115,591.7868,399.49414,424.55014,464.98624,399.49414,TCN,0,31.587006,33.90509,-155.36115
311,2024-08-12 06:00:00+00:00,-0.0095808245,0.304422,3.2953644,0.7051969,0.9973758,0.47440687,0.32893062,0.21669243,0.4933959,0.09139646,0.27082235,0.63778126,0.85929203,2.3614883,0.63778126,0.09139646,Patch,418.47314,601.1796,336.28403,431.25803,446.7797,336.28403,TCN,0,82.18912,28.30655,-142.75314
312,2024-08-12 07:00:00+00:00,-0.010164259,0.3044062,3.2630847,0.7118023,0.99757576,0.4886802,0.35585484,0.22966342,0.5337822,0.09072547,0.27060208,0.6386724,0.85779667,2.3579595,0.6386724,0.09072547,Patch,391.5637,588.9869,263.82816,433.27042,412.1704,263.82816,TCN,0,127.735535,20.60672,-115.84369
313,2024-08-12 08:00:00+00:00,-0.010715019,0.30431738,3.2459471,0.7188493,0.9973843,0.4621178,0.4842797,0.30454415,0.72641945,0.08864223,0.27006632,0.64129144,0.85324097,2.3472419,0.64129144,0.08864223,Patch,308.7701,567.09955,157.16992,399.07568,334.51886,157.16992,TCN,0,151.60019,25.748749,-33.05011
314,2024-08-12 09:00:00+00:00,-0.01121213,0.3041157,3.2423003,0.7261691,0.9967874,0.4169335,0.414785,0.27219468,0.6221775,0.091148734,0.27062696,0.63822436,0.8586428,2.3599558,0.63822436,0.091148734,Patch,258.40887,557.5851,207.86885,293.20175,312.512,207.86885,TCN,0,50.540024,54.10312,17.311127
315,2024-08-12 10:00:00+00:00,-0.0116280075,0.30442083,3.2538898,0.7334968,0.99323344,0.345652,0.45251316,0.29823953,0.6787697,0.09164831,0.27064142,0.6377103,0.859626,2.362277,0.6377103,0.09164831,Patch,159.69902,545.8159,205.38927,150.85774,257.2772,150.85774,Patch,1,8.841278,97.57817,116.02098
316,2024-08-12 11:00:00+00:00,-0.0119627295,0.3029437,3.2642534,0.74002767,0.98997825,0.28063917,0.4846785,0.3226775,0.72701776,0.09216333,0.27066833,0.6371683,0.8606465,2.3646889,0.6371683,0.09216333,Patch,136.54504,544.73486,234.18427,133.80853,243.41441,133.80853,Patch,1,2.7365112,106.86937,139.17496
317,2024-08-12 12:00:00+00:00,-0.012184615,0.30117127,3.2668502,0.74486995,0.9865127,0.27010617,0.55156827,0.3638228,0.8273524,0.090574056,0.27014476,0.63928115,0.85710764,2.3563356,0.63928115,0.090574056,Patch,110.654015,534.30853,283.91885,77.61277,229.8774,77.61277,Patch,1,33.041245,119.22338,165.06598
318,2024-08-12 13:00:00+00:00,-0.012285739,0.29781052,3.2665315,0.7476377,0.98459005,0.26221585,0.5683848,0.3705221,0.85257715,0.09030918,0.2700561,0.6396347,0.85651314,2.354935,0.6396347,0.09030918,Patch,111.71018,526.7912,302.38846,82.37235,222.3346,82.37235,Patch,1,29.33783,110.62441,164.00983
319,2024-08-12 14:00:00+00:00,-0.012267215,0.2949697,3.2703836,0.7479417,0.9846965,0.2183181,0.49985382,0.3343036,0.74978065,0.092733696,0.27062222,0.63664407,0.8617078,2.3672,0.63664407,0.092733696,Patch,137.65088,539.1768,231.45497,111.81317,235.47614,111.81317,Patch,1,25.837708,97.82526,138.06912
320,2024-08-12 15:00:00+00:00,-0.012140554,0.29352123,3.2783196,0.74511725,0.9850177,0.17768793,0.46311265,0.30461252,0.69466895,0.094466165,0.2711273,0.6344065,0.86545694,2.3760915,0.6344065,0.094466165,Patch,137.25066,527.4787,193.14207,131.18323,236.90666,131.18323,Patch,1,6.0674286,99.656006,138.46935
321,2024-08-12 16:00:00+00:00,-0.011927293,0.29302558,3.2874815,0.73931634,0.9855995,0.1641164,0.4697771,0.3074122,0.7046656,0.09441163,0.2711266,0.63446176,0.8653525,2.3758435,0.63446176,0.09441163,Patch,192.81728,505.23975,272.29916,179.89697,248.55473,179.89697,Patch,1,12.920303,55.737457,82.902725
322,2024-08-12 17:00:00+00:00,-0.011656561,0.2924407,3.2996256,0.73079735,0.9856949,0.18382812,0.47188127,0.30500466,0.70782185,0.09397139,0.27116692,0.63486177,0.8645469,2.3739302,0.63486177,0.09397139,Patch,194.95294,481.0394,241.9459,216.38606,234.82182,216.38606,Patch,1,-21.43312,39.86888,80.76706
323,2024-08-12 18:00:00+00:00,-0.011322849,0.29254627,3.3141422,0.7205636,0.98637736,0.2126389,0.43809578,0.27973148,0.65714365,0.09406425,0.2713384,0.6345973,0.8648701,2.3746977,0.6345973,0.09406425,Patch,160.13629,464.05493,210.35988,161.37929,220.54262,161.37929,Patch,1,-1.2429962,60.406326,115.58371
324,2024-08-12 19:00:00+00:00,-0.0109387105,0.2924645,3.3306353,0.7101646,0.9872947,0.23136486,0.39770505,0.2548405,0.59655756,0.09453697,0.27159566,0.6338674,0.86598927,2.3773568,0.6338674,0.09453697,Patch,126.34493,442.80093,218.9353,107.289696,214.98607,107.289696,Patch,1,19.055237,88.641136,149.37506
325,2024-08-12 20:00:00+00:00,-0.010521011,0.2925207,3.363029,0.7013081,0.987949,0.21602754,0.37048167,0.24064532,0.5557224,0.09535979,0.27193317,0.63270706,0.86783624,2.3817515,0.63270706,0.09535979,Patch,129.73946,423.05225,239.41112,95.04797,205.39233,95.04797,Patch,1,34.691483,75.65288,145.98055
326,2024-08-12 21:00:00+00:00,-0.010054771,0.29293013,3.2380197,0.6917897,0.98904914,0.20954971,0.38284373,0.25060695,0.5742656,0.095492184,0.27163342,0.63287437,0.8678333,2.3817446,0.63287437,0.095492184,Patch,104.779724,410.15942,199.28773,96.69279,175.84062,96.69279,Patch,1,8.086937,71.0609,170.94028
327,2024-08-12 22:00:00+00:00,-0.009563725,0.2922255,3.2631922,0.6844087,0.9898559,0.21775182,0.38596004,0.25216198,0.57894003,0.095111884,0.27165657,0.6332315,0.8671328,2.380077,0.6332315,0.095111884,Patch,116.62561,445.51474,134.05559,110.88086,193.63062,110.88086,Patch,1,5.744751,77.005005,159.09439
328,2024-08-12 23:00:00+00:00,-0.009130421,0.29107714,3.2528985,0.6796005,0.99053466,0.22805971,0.42030558,0.2726676,0.63045835,0.094054155,0.27137998,0.6345659,0.86488605,2.3747356,0.6345659,0.094054155,Patch,118.66329,477.4142,139.64867,123.53495,195.83093,123.53495,Patch,1,-4.8716583,77.16764,157.0567
329,2024-08-13 00:00:00+00:00,-0.008786347,0.28984585,3.2397094,0.676838,0.99088466,0.23839843,0.42391437,0.27778375,0.6358716,0.09376244,0.27127331,0.6349642,0.86423796,2.373197,0.6349642,0.09376244,Patch,95.90804,478.3878,126.47903,101.56577,187.98177,101.56577,Patch,1,-5.65773,92.07372,179.81195
330,2024-08-13 01:00:00+00:00,-0.008554311,0.2875839,3.2324584,0.6763503,0.99084127,0.23847134,0.3847265,0.25346494,0.5770897,0.09469337,0.27149728,0.6338093,0.8662034,2.377866,0.6338093,0.09469337,Patch,112.2299,446.31824,146.16725,113.46487,204.7903,113.46487,Patch,1,-1.2349701,92.5604,163.49011
331,2024-08-13 02:00:00+00:00,-0.008487704,0.28736985,3.2318215,0.67797387,0.9893585,0.25470588,0.368371,0.23538785,0.55255646,0.09477813,0.27157834,0.63364357,0.86643314,2.3784122,0.63364357,0.09477813,Patch,115.78568,399.82364,208.0644,128.35435,197.34618,128.35435,Patch,1,-12.568672,81.56049,159.93433
332,2024-08-13 03:00:00+00:00,-0.008562212,0.2861775,3.2338338,0.68111706,0.9877393,0.27720138,0.46132,0.29287982,0.69198,0.092122406,0.2708831,0.6369945,0.86075115,2.3649364,0.6369945,0.092122406,Patch,117.50718,396.8387,260.95917,137.22765,184.4894,137.22765,Patch,1,-19.720467,66.982216,158.21283
333,2024-08-13 04:00:00+00:00,-0.008773827,0.28675994,3.2378595,0.6849092,0.98539156,0.28351644,0.44215938,0.27967182,0.6632391,0.09243209,0.27096894,0.636599,0.86142266,2.3665252,0.636599,0.09243209,Patch,115.238365,389.67725,230.9362,122.29193,159.04504,122.29193,Patch,1,-7.053566,43.80668,160.48163
334,2024-08-13 05:00:00+00:00,-0.009068228,0.2864585,3.2480571,0.6887221,0.9824244,0.25969455,0.43997917,0.28336155,0.6599686,0.0929147,0.271046,0.6360393,0.8624183,2.3688824,0.6360393,0.0929147,Patch,139.25232,387.07455,276.40872,116.81954,178.53851,116.81954,Patch,1,22.432777,39.286194,136.46768
335,2024-08-13 06:00:00+00:00,-0.00942903,0.28632227,3.265704,0.6923661,0.9798484,0.23005486,0.4256639,0.27190253,0.6384958,0.09378651,0.271281,0.63493246,0.86429054,2.3733215,0.63493246,0.09378651,Patch,141.36687,376.11758,258.48068,121.75128,169.31377,121.75128,Patch,1,19.615585,27.9469,134.35313
336,2024-08-13 07:00:00+00:00,-0.009833565,0.286402,3.2872472,0.6958675,0.9775579,0.22840934,0.38412818,0.24745993,0.57619226,0.094771005,0.27158684,0.6336422,0.8664268,2.3783972,0.6336422,0.094771005,Patch,141.09119,350.06616,217.21034,127.90981,171.29814,127.90981,Patch,1,13.181374,30.206955,134.62881
337,2024-08-13 08:00:00+00:00,-0.010237268,0.28615335,3.3177621,0.69848746,0.97605944,0.19397397,0.3545433,0.2265828,0.531815,0.09613462,0.27200708,0.63185835,0.86936116,2.3853865,0.63185835,0.09613462,Patch,117.03019,321.38297,189.68147,127.432655,165.61841,127.432655,Patch,1,-10.402466,48.58822,158.68982
338,2024-08-13 09:00:00+00:00,-0.010586978,0.28608242,3.3397171,0.7008474,0.97624034,0.1639608,0.36093318,0.23193876,0.5413998,0.09653267,0.27211434,0.631353,0.87020004,2.3873885,0.631353,0.09653267,Patch,115.178,313.69788,206.10667,111.73212,168.94904,111.73212,Patch,1,3.4458847,53.771034,160.54199
339,2024-08-13 10:00:00+00:00,-0.010866545,0.28594148,3.2773807,0.70229053,0.98052186,0.12190795,0.32390994,0.20947278,0.48586485,0.098567754,0.2723925,0.6290397,0.8742304,2.3970299,0.6290397,0.098567754,Patch,112.79519,340.4965,216.11931,74.1921,175.80946,74.1921,Patch,1,38.60309,63.014275,162.9248
340,2024-08-13 11:00:00+00:00,-0.011068477,0.28443605,3.3177614,0.7034371,0.9849124,0.13426359,0.36821663,0.23710093,0.55232495,0.09687214,0.271997,0.6311308,0.87073815,2.3886733,0.6311308,0.09687214,Patch,117.36385,358.44003,220.57088,80.62616,181.826,80.62616,Patch,1,36.737694,64.46215,158.35614
341,2024-08-13 12:00:00+00:00,-0.011172014,0.28178102,3.3630235,0.7038816,0.99043745,0.15194394,0.38063025,0.24265528,0.5709454,0.09609233,0.27194142,0.6319662,0.8692262,2.3850646,0.6319662,0.09609233,Patch,123.39248,396.11462,215.69347,88.53977,190.87073,88.53977,Patch,1,34.852707,67.47825,152.32751
342,2024-08-13 13:00:00+00:00,-0.011157722,0.2781557,3.3902824,0.7045873,0.994753,0.15927355,0.39459035,0.25780672,0.5918855,0.09552914,0.27182665,0.63264424,0.86806655,2.3823004,0.63264424,0.09552914,Patch,132.80312,437.4396,161.96944,104.11743,197.36194,104.11743,Patch,1,28.685684,64.55882,142.91689
343,2024-08-13 14:00:00+00:00,-0.011020436,0.27502406,3.4018624,0.7069452,0.9948638,0.1510561,0.3969936,0.26060325,0.5954904,0.09541734,0.2717351,0.63284755,0.86777776,2.3816123,0.63284755,0.09541734,Patch,130.4591,464.41727,147.99498,105.42405,206.37599,105.42405,Patch,1,25.035057,75.916885,145.2609
344,2024-08-13 15:00:00+00:00,-0.010781827,0.2733307,3.3969126,0.7114376,0.99209934,0.16445662,0.40421736,0.26204628,0.60632604,0.09507043,0.27165687,0.63327265,0.86705446,2.3798904,0.63327265,0.09507043,Patch,119.7322,485.9568,169.4366,105.087135,216.3857,105.087135,Patch,1,14.645065,96.653496,155.9878
345,2024-08-13 16:00:00+00:00,-0.010451104,0.27279875,3.373594,0.7175306,0.98906124,0.18008478,0.43303496,0.27750754,0.64955246,0.09427167,0.27140686,0.6343215,0.86532384,2.3757753,0.6343215,0.09427167,Patch,143.59137,485.29074,238.18994,140.8758,232.28014,140.8758,Patch,1,2.7155762,88.68877,132.12863
346,2024-08-13 17:00:00+00:00,-0.010031225,0.27353635,3.329869,0.724995,0.9871995,0.1883158,0.43962213,0.28048724,0.6594332,0.0942458,0.27129492,0.63445926,0.8651795,2.3754325,0.63445926,0.0942458,Patch,172.50917,473.87766,236.41711,203.38744,230.48909,203.38744,Patch,1,-30.878265,57.97992,103.21083
347,2024-08-13 18:00:00+00:00,-0.00953338,0.27438647,3.2683399,0.7317833,0.9871206,0.19868366,0.42814994,0.27377158,0.6422249,0.09453165,0.27116466,0.6343037,0.86561334,2.3764634,0.6343037,0.09453165,Patch,183.86284,471.61417,228.104,217.85457,230.52356,217.85457,Patch,1,-33.99173,46.66072,91.85716
348,2024-08-13 19:00:00+00:00,-0.008971829,0.27479467,3.1971192,0.73549557,0.98727113,0.20498087,0.37174815,0.23532353,0.55762213,0.09605132,0.27136338,0.63258535,0.8686605,2.3837156,0.63258535,0.09605132,Patch,186.635,467.69388,243.52348,184.7564,261.91794,184.7564,Patch,1,1.8786011,75.28294,89.08501
349,2024-08-13 20:00:00+00:00,-0.008378076,0.27489167,3.1344326,0.7356939,0.9860958,0.19862993,0.30985835,0.19989395,0.46478748,0.098081745,0.2717067,0.6302116,0.87275237,2.3934896,0.6302116,0.098081745,Patch,248.52643,464.76138,262.03537,224.13684,303.0404,224.13684,Patch,1,24.389587,54.513977,27.193573
350,2024-08-13 21:00:00+00:00,-0.0077125016,0.27473256,3.265947,0.7355146,0.98255444,0.20736629,0.3056379,0.19926374,0.4584568,0.0974492,0.2719531,0.63059765,0.87178075,2.391165,0.63059765,0.0974492,Patch,256.25482,444.07797,231.558,282.60922,299.53033,231.558,TCN,0,24.696823,43.275513,19.46518
351,2024-08-13 22:00:00+00:00,-0.0070707444,0.27301297,3.2021034,0.7366554,0.9774455,0.2631776,0.2994826,0.19697934,0.44922388,0.0965995,0.2715918,0.6318087,0.86988497,2.3866363,0.6318087,0.0965995,Patch,238.65997,481.38394,203.92601,262.59775,290.74783,203.92601,TCN,0,34.733963,52.08786,37.060028
352,2024-08-13 23:00:00+00:00,-0.006524888,0.2720174,3.1595557,0.7373633,0.9725323,0.27579066,0.33986026,0.22188458,0.50979036,0.095324665,0.27110073,0.63357455,0.86706495,2.3799152,0.63357455,0.095324665,Patch,238.34076,525.9114,272.38037,248.99895,291.71335,248.99895,Patch,1,-10.658188,53.37259,37.379242
353,2024-08-14 00:00:00+00:00,-0.006080779,0.26997167,3.1314259,0.73678684,0.9673126,0.25893626,0.34289762,0.22344863,0.5143465,0.0956049,0.27105805,0.633337,0.867559,2.3810914,0.633337,0.0956049,Patch,274.02866,530.0058,344.98917,268.15054,319.83908,268.15054,Patch,1,5.878113,45.810425,1.6913452
354,2024-08-14 01:00:00+00:00,-0.005792053,0.26810288,3.1218817,0.7364133,0.9633965,0.24989188,0.31181094,0.20295027,0.46771634,0.09661029,0.2713024,0.63208735,0.86966074,2.386101,0.63208735,0.09661029,Patch,283.96014,520.2945,368.44614,271.58542,332.1319,271.58542,Patch,1,12.374725,48.171753,-8.240143
355,2024-08-14 02:00:00+00:00,-0.0057055685,0.26771903,3.1282842,0.7363047,0.96219605,0.1787643,0.3153196,0.2023934,0.47297937,0.09802052,0.27160716,0.63037235,0.87255466,2.3930163,0.63037235,0.09802052,Patch,307.23087,510.4495,355.74365,307.39835,335.26895,307.39835,Patch,1,-0.16748047,28.038086,-31.510864
356,2024-08-14 03:00:00+00:00,-0.0057987217,0.26753792,3.1461563,0.73702425,0.9609292,0.17429483,0.3802156,0.2400919,0.5703234,0.096277654,0.27117854,0.63254374,0.86893046,2.3843594,0.63254374,0.096277654,Patch,256.65982,502.43106,252.3023,292.6503,295.67587,252.3023,TCN,0,4.3575134,39.016052,19.06018
357,2024-08-14 04:00:00+00:00,-0.006031876,0.26757026,3.1728866,0.7388843,0.96056914,0.14035153,0.38280267,0.24369237,0.5742039,0.096849956,0.27134854,0.6318015,0.8701496,2.387268,0.6318015,0.096849956,Patch,211.05998,494.1416,216.77434,220.77806,265.49423,216.77434,TCN,0,-5.7143555,54.43425,64.66002
358,2024-08-14 05:00:00+00:00,-0.0063727167,0.26775426,3.1995552,0.7409712,0.9608859,0.15261741,0.3968091,0.25577956,0.59521365,0.096153766,0.27123308,0.6326132,0.86874324,2.3839128,0.6326132,0.096153766,Patch,190.91875,502.14255,192.74493,190.98198,265.4888,190.98198,Patch,1,-0.06323242,74.57005,84.801254
359,2024-08-14 06:00:00+00:00,-0.0067799333,0.26781806,3.228029,0.7432442,0.9613329,0.16461428,0.36956763,0.24057901,0.55435145,0.096525095,0.27142054,0.6320544,0.86960053,2.3859575,0.6320544,0.096525095,Patch,193.51527,491.2527,164.16173,187.54242,262.25677,164.16173,TCN,0,29.353546,68.7415,82.20473
360,2024-08-14 07:00:00+00:00,-0.0072288695,0.26794288,3.116495,0.74555707,0.96213543,0.15182479,0.3325824,0.21846554,0.4988736,0.098275945,0.27151576,0.6302083,0.8729527,2.393969,0.6302083,0.098275945,Patch,216.02834,480.83878,191.97078,210.0789,272.15402,191.97078,TCN,0,24.057556,56.125687,59.691666
361,2024-08-14 08:00:00+00:00,-0.0076571563,0.26754022,3.1008203,0.7478215,0.9631926,0.11309735,0.28136843,0.18127756,0.42205262,0.10076169,0.27211618,0.6271221,0.87803805,2.4061744,0.6271221,0.10076169,Patch,284.30466,486.8059,247.48322,290.97736,324.7453,247.48322,TCN,0,36.82144,40.440643,-8.584656
362,2024-08-14 09:00:00+00:00,-0.008017638,0.26646978,3.109806,0.74959195,0.9637163,0.11509812,0.28276962,0.18321633,0.42415446,0.1006363,0.27209613,0.6272676,0.87779194,2.405582,0.6272676,0.1006363,Patch,320.24417,490.36166,286.24677,341.33804,346.79898,286.24677,TCN,0,33.997406,26.55481,-44.52417
363,2024-08-14 10:00:00+00:00,-0.008255727,0.26708248,3.1147327,0.7511567,0.96338075,0.11928001,0.2834255,0.18428552,0.42513824,0.10051614,0.27207693,0.62740695,0.8775559,2.4050145,0.62740695,0.10051614,Patch,281.21313,500.71472,313.60248,257.69016,337.93118,257.69016,Patch,1,23.52298,56.71805,-5.4931335
364,2024-08-14 11:00:00+00:00,-0.008410408,0.26710203,3.1210375,0.7523645,0.9626622,0.09679554,0.33770522,0.21624663,0.5065578,0.09923568,0.27164602,0.6291183,0.8748402,2.3984919,0.6291183,0.09923568,Patch,257.04825,498.95825,314.66678,221.9052,326.43784,221.9052,Patch,1,35.14305,69.38959,18.671753
365,2024-08-14 12:00:00+00:00,-0.008493293,0.26667053,3.1208766,0.7530246,0.96257323,0.06530127,0.35624182,0.226017,0.53436273,0.09890426,0.2713595,0.6297363,0.8739865,2.3964453,0.6297363,0.09890426,Patch,252.37793,526.197,320.17468,223.17595,323.77737,223.17595,Patch,1,29.20198,71.399445,23.342072
366,2024-08-14 13:00:00+00:00,-0.008469173,0.26738128,3.1215677,0.7530378,0.9614489,0.076054364,0.39631504,0.2534782,0.5944725,0.097576626,0.2710084,0.63141495,0.87122184,2.389829,0.63141495,0.097576626,Patch,225.42155,537.6195,241.67613,203.17235,293.70923,203.17235,Patch,1,22.249207,68.287674,50.298447
367,2024-08-14 14:00:00+00:00,-0.008355207,0.26717043,3.1210186,0.75239336,0.9614708,0.1002493,0.39373237,0.2578136,0.5905985,0.09749709,0.2711093,0.6313936,0.8711586,2.389678,0.6313936,0.09749709,Patch,209.57658,550.49084,192.09245,201.03362,283.0954,192.09245,TCN,0,17.48413,73.518814,66.14342
368,2024-08-14 15:00:00+00:00,-0.008115722,0.26792902,3.1147184,0.7510504,0.9617994,0.14313446,0.44054955,0.28714806,0.6608243,0.095708326,0.27078596,0.63350576,0.86752343,2.381007,0.63350576,0.095708326,Patch,189.9837,539.7166,220.5786,191.42406,270.5312,191.42406,Patch,1,-1.4403534,80.547485,85.7363
369,2024-08-14 16:00:00+00:00,-0.0077717705,0.26797318,3.103725,0.7493163,0.9637613,0.16737773,0.46171576,0.29876542,0.69257355,0.094690084,0.2705306,0.63477933,0.86537516,2.3758974,0.63477933,0.094690084,Patch,195.98213,529.5937,244.92891,188.3466,271.61984,188.3466,Patch,1,7.6355286,75.63771,79.73787
370,2024-08-14 17:00:00+00:00,-0.007304459,0.26881543,3.0753362,0.7468552,0.96407616,0.15358482,0.4928522,0.31452107,0.7392783,0.094379924,0.27040726,0.63521284,0.8646791,2.374244,0.63521284,0.094379924,Patch,198.5868,507.92325,230.35368,217.12163,264.20566,217.12163,Patch,1,-18.53482,65.61885,77.133194
371,2024-08-14 18:00:00+00:00,-0.0067536146,0.26843956,3.0436423,0.745853,0.9665837,0.13701461,0.4601106,0.2938623,0.6901659,0.0957565,0.270663,0.6335805,0.8675099,2.3809745,0.6335805,0.0957565,Patch,208.85439,503.38895,260.10336,213.52179,278.71182,213.52179,Patch,1,-4.667404,69.85744,66.865616
372,2024-08-14 19:00:00+00:00,-0.006090988,0.26906508,3.0684097,0.7458569,0.9684381,0.15184669,0.42250225,0.27019054,0.6337533,0.09615956,0.27081475,0.63302565,0.8683995,2.3830936,0.63302565,0.09615956,Patch,218.77692,498.47183,258.9363,204.00824,286.35345,204.00824,Patch,1,14.768677,67.57654,56.943085
373,2024-08-14 20:00:00+00:00,-0.005379996,0.26909935,3.0800138,0.7468367,0.9741212,0.1662804,0.34789214,0.22581771,0.5218382,0.0978045,0.2712777,0.6309178,0.8718746,2.3913894,0.6309178,0.0978045,Patch,223.97603,508.07968,243.83894,202.1458,295.30768,202.1458,Patch,1,21.83023,71.33165,51.743973
374,2024-08-14 21:00:00+00:00,-0.0046222047,0.26863042,3.1564076,0.74946666,0.9779745,0.17871833,0.3285551,0.21246682,0.49283266,0.09777649,0.27152184,0.63070166,0.87202823,2.3917568,0.63070166,0.09777649,Patch,239.04912,506.66666,256.16132,213.6712,307.74936,213.6712,Patch,1,25.377914,68.70024,36.670883
375,2024-08-14 22:00:00+00:00,-0.00391157,0.2676856,3.1229572,0.75129366,0.9813175,0.19276755,0.34564123,0.22118966,0.5184618,0.09716413,0.27125454,0.6315813,0.87065876,2.3884838,0.6315813,0.09716413,Patch,266.40714,549.9402,223.91792,261.5576,331.89343,223.91792,TCN,0,42.489212,65.4863,9.312866
376,2024-08-14 23:00:00+00:00,-0.0033149451,0.26812214,3.1008735,0.75197554,0.9864523,0.18412782,0.42290688,0.2715956,0.6343603,0.095493,0.2707105,0.63379645,0.86705196,2.3798845,0.63379645,0.095493,Patch,239.47331,583.7453,221.10645,251.39386,316.1691,221.10645,TCN,0,18.366867,76.695786,36.24669
377,2024-08-15 00:00:00+00:00,-0.0028299743,0.2674895,3.0859444,0.7518497,0.99084336,0.1838711,0.44512856,0.2873594,0.66769284,0.09504719,0.27054223,0.6344106,0.8660636,2.3775334,0.6344106,0.09504719,Patch,246.81194,609.73926,303.91794,228.11377,340.94077,228.11377,Patch,1,18.698166,94.12883,28.908066
378,2024-08-15 01:00:00+00:00,-0.0025046072,0.26744986,3.0791245,0.7511031,0.9941231,0.17621805,0.37611935,0.24869108,0.564179,0.09698681,0.2709802,0.632033,0.87009454,2.3871367,0.632033,0.09698681,Patch,253.63972,583.1126,281.89066,211.96974,343.54614,211.96974,Patch,1,41.669983,89.90642,22.080276
379,2024-08-15 02:00:00+00:00,-0.002363153,0.2676701,3.0807264,0.75101227,0.9969648,0.1805784,0.33269083,0.21408343,0.49903625,0.098097876,0.27133396,0.6305682,0.87246835,2.3928099,0.6305682,0.098097876,Patch,258.71246,556.9596,306.87442,217.55803,344.41293,217.55803,Patch,1,41.154434,85.70047,17.007538
380,2024-08-15 03:00:00+00:00,-0.0024206813,0.26918763,3.0863636,0.7514601,0.99765825,0.18700476,0.39381224,0.2513362,0.5907184,0.096328355,0.2708928,0.6327788,0.8687836,2.3840091,0.6327788,0.096328355,Patch,248.7641,551.85394,270.06357,224.2981,315.32205,224.2981,Patch,1,24.466003,66.55795,26.955902
381,2024-08-15 04:00:00+00:00,-0.00262874,0.26955476,3.0962338,0.75240463,0.9978136,0.18574207,0.38636994,0.24689166,0.5795549,0.09652347,0.27096874,0.63250774,0.8692151,2.3850381,0.63250774,0.09652347,Patch,216.4069,537.2193,233.5329,196.96149,293.56595,196.96149,Patch,1,19.44542,77.15904,59.313095
382,2024-08-15 05:00:00+00:00,-0.0029670338,0.26997292,3.1028228,0.7539606,0.9977134,0.19123058,0.38438472,0.25127277,0.57657707,0.096447885,0.27094156,0.63261056,0.8690499,2.3846443,0.63261056,0.096447885,Patch,201.47887,524.7951,208.25941,175.79079,276.567,175.79079,Patch,1,25.68808,75.08812,74.241135
383,2024-08-15 06:00:00+00:00,-0.0033634033,0.269914,3.1181145,0.75642407,0.99666935,0.19168247,0.38946176,0.25287995,0.58419263,0.09626176,0.27093723,0.632801,0.868696,2.3838003,0.632801,0.09626176,Patch,195.80586,522.913,188.63123,172.68724,277.93066,172.68724,Patch,1,23.118622,82.1248,79.91414
384,2024-08-15 07:00:00+00:00,-0.0038118754,0.27036262,3.1256871,0.7591174,0.99640685,0.21295619,0.39570588,0.25585997,0.5935588,0.09565466,0.2708236,0.63352174,0.86745393,2.3808413,0.63352174,0.09565466,Patch,196.52718,507.20584,244.7495,162.19147,277.606,162.19147,Patch,1,34.33571,81.07881,79.192825
385,2024-08-15 08:00:00+00:00,-0.0042378586,0.27009776,3.0627995,0.76228577,0.99573976,0.23570788,0.32088208,0.20911574,0.4813231,0.09743068,0.27112746,0.63144183,0.8710499,2.3894181,0.63144183,0.09743068,Patch,272.68457,508.20517,270.5243,261.5286,327.46683,261.5286,Patch,1,11.155975,54.782257,3.035431
386,2024-08-15 09:00:00+00:00,-0.004594139,0.26954716,3.0754979,0.76487505,0.9954915,0.24229316,0.31217563,0.2030178,0.4682634,0.09749207,0.2711875,0.6313205,0.8712153,2.3898132,0.6313205,0.09749207,Patch,341.14645,525.0318,338.29214,331.03668,387.71518,331.03668,Patch,1,10.109772,46.568726,-65.42645
387,2024-08-15 10:00:00+00:00,-0.004837655,0.26943842,3.0893703,0.76635665,0.9954791,0.20868613,0.30574983,0.19983678,0.45862472,0.09836845,0.271406,0.6302256,0.8730321,2.394159,0.6302256,0.09836845,Patch,360.19897,528.77576,362.37878,342.47534,399.41602,342.47534,Patch,1,17.723633,39.21704,-84.47897
388,2024-08-15 11:00:00+00:00,-0.0049774987,0.2689532,3.0999157,0.76686597,0.99592376,0.20476167,0.33102208,0.21709959,0.4965331,0.097699754,0.27123216,0.6310681,0.87164074,2.3908303,0.6310681,0.097699754,Patch,360.52646,536.10944,362.7507,339.47495,399.79575,339.47495,Patch,1,21.051514,39.269287,-84.80646
389,2024-08-15 12:00:00+00:00,-0.0050102854,0.2690723,3.1102593,0.7668077,0.9968952,0.2175535,0.41233695,0.2683972,0.6185054,0.09527361,0.27063313,0.6340933,0.8665706,2.3787394,0.6340933,0.09527361,Patch,340.45154,550.66254,327.1778,338.8573,376.23148,327.1778,TCN,0,13.273743,35.779938,-64.73154
390,2024-08-15 13:00:00+00:00,-0.004964531,0.26867226,3.113984,0.7657417,0.99704015,0.21003015,0.4184519,0.26916993,0.62767786,0.095256165,0.27065152,0.63409233,0.8665532,2.3786976,0.63409233,0.095256165,Patch,384.71512,597.8172,347.8422,391.8976,409.05484,347.8422,TCN,0,36.872925,24.339722,-108.99512
391,2024-08-15 14:00:00+00:00,-0.004799079,0.2695918,3.1145763,0.76414394,0.99741584,0.21156685,0.44319057,0.28779227,0.66478586,0.09463005,0.27049625,0.6348737,0.8652316,2.375556,0.6348737,0.09463005,Patch,325.9022,605.9656,231.66972,349.183,351.75073,231.66972,TCN,0,94.23247,25.848541,-50.18219
392,2024-08-15 15:00:00+00:00,-0.0044998396,0.27104226,3.106782,0.76217735,0.99676025,0.19894741,0.47843248,0.30807814,0.7176487,0.094312,0.27047557,0.6352124,0.86460793,2.3740752,0.6352124,0.094312,Patch,279.33514,583.58453,202.23051,309.1511,300.21866,202.23051,TCN,0,77.10463,20.883514,-3.6151428
393,2024-08-15 16:00:00+00:00,-0.0040824893,0.2717238,3.0890682,0.7600599,0.9955213,0.20003235,0.47968516,0.3075015,0.7195277,0.094402134,0.27049556,0.63510233,0.8647968,2.3745234,0.63510233,0.094402134,Patch,172.77858,549.169,212.58867,191.15398,247.74971,191.15398,Patch,1,-18.375397,74.97113,102.94142
394,2024-08-15 17:00:00+00:00,-0.0035422128,0.2731497,3.0590959,0.7583,0.99304855,0.2076212,0.4971087,0.31760287,0.74566305,0.09413582,0.2704327,0.63543147,0.86423504,2.3731902,0.63543147,0.09413582,Patch,110.1437,509.53748,195.84035,130.80548,204.99727,130.80548,Patch,1,-20.661781,94.85357,165.5763
395,2024-08-15 18:00:00+00:00,-0.002915808,0.2743201,3.0162451,0.75580615,0.98692095,0.2152546,0.473283,0.30441225,0.70992446,0.09475225,0.2705009,0.6347469,0.865468,2.3761177,0.6347469,0.09475225,Patch,80.90012,471.63867,220.82263,87.6488,192.90472,87.6488,Patch,1,-6.74868,112.0046,194.81989
396,2024-08-15 19:00:00+00:00,-0.002226811,0.27481073,3.0388594,0.7532847,0.9794638,0.24831118,0.43780315,0.2829057,0.65670466,0.09434097,0.27039683,0.6352622,0.8645959,2.3740463,0.6352622,0.09434097,Patch,100.11678,444.63602,235.76903,107.06683,189.60258,107.06683,Patch,1,-6.9500504,89.4858,175.60321
397,2024-08-15 20:00:00+00:00,-0.0014881577,0.27517128,3.1450517,0.74884,0.97464573,0.25021762,0.40574473,0.26173002,0.60861707,0.09428964,0.27064252,0.6350678,0.8647077,2.374312,0.6350678,0.09428964,Patch,130.84448,409.64624,201.94286,205.0938,186.6989,201.94286,TCN,0,-71.09837,55.854416,144.87552
398,2024-08-15 21:00:00+00:00,-0.000752836,0.27494618,3.1172738,0.7445316,0.9722753,0.28702807,0.43093047,0.2772187,0.6463957,0.09295826,0.2702836,0.6367581,0.86185026,2.367537,0.6367581,0.09295826,Patch,146.58412,373.49854,161.08717,237.43596,170.68935,161.08717,TCN,0,-14.503052,24.105225,129.13588
399,2024-08-15 22:00:00+00:00,-8.452795e-05,0.27487984,3.081851,0.74080044,0.9707487,0.29754058,0.4272567,0.27642757,0.6408851,0.09288973,0.27018413,0.6369262,0.86163306,2.3670232,0.6369262,0.09288973,Patch,108.963356,389.69107,151.12709,165.04411,147.88441,151.12709,TCN,0,-42.163734,38.92106,166.75665
400,2024-08-15 23:00:00+00:00,0.0004654027,0.2764886,3.0611453,0.73822165,0.97261035,0.25692904,0.48336208,0.31558284,0.7250432,0.092918426,0.27021417,0.63686734,0.86171407,2.367215,0.63686734,0.092918426,Patch,139.98053,404.7255,244.26277,163.86713,105.618774,163.86713,Patch,1,-23.886597,-34.361755,135.73947
401,2024-08-16 00:00:00+00:00,0.0009403296,0.2764087,3.0452545,0.73638624,0.9769194,0.23528273,0.48507628,0.31653887,0.7276144,0.09345974,0.27030483,0.6362354,0.86283183,2.3698623,0.6362354,0.09345974,Patch,132.70122,423.9983,231.77576,154.2096,133.11119,154.2096,Patch,1,-21.508377,0.40997314,143.01878
402,2024-08-16 01:00:00+00:00,0.0012783674,0.27639553,3.0376785,0.7349989,0.9800805,0.2176059,0.41783208,0.26635116,0.6267481,0.095042475,0.27056885,0.6343886,0.8660774,2.3775663,0.6343886,0.095042475,Patch,137.44897,393.30258,165.65436,199.51335,141.01976,165.65436,TCN,0,-28.205383,3.5707855,138.27103
403,2024-08-16 02:00:00+00:00,0.0014227375,0.27804667,3.040321,0.734473,0.9828084,0.19467206,0.38569722,0.24592206,0.5785458,0.096327394,0.2708723,0.6328003,0.86876446,2.3839636,0.6328003,0.096327394,Patch,113.12258,358.07022,155.02222,203.19423,142.60011,155.02222,TCN,0,-41.899635,29.477531,162.59741
404,2024-08-16 03:00:00+00:00,0.0014013792,0.2793025,3.0500257,0.7346554,0.9837969,0.17374294,0.4698035,0.29622182,0.70470524,0.09501023,0.27065954,0.6343302,0.8660935,2.3776045,0.6343302,0.09501023,Patch,80.90194,349.69547,262.46887,161.11125,133.6836,161.11125,Patch,1,-80.20931,52.781654,194.81805
405,2024-08-16 04:00:00+00:00,0.0012397892,0.28075632,3.0623093,0.7352917,0.9844137,0.1638794,0.45432538,0.28690398,0.681488,0.09539012,0.27072707,0.6338828,0.86687124,2.3794546,0.6338828,0.09539012,Patch,85.082275,331.02536,274.84256,113.91337,117.21161,113.91337,Patch,1,-28.831093,32.129333,190.63773
406,2024-08-16 05:00:00+00:00,0.0009840642,0.28126228,3.0779147,0.73620147,0.98411685,0.16691291,0.41706344,0.26686347,0.62559515,0.09604844,0.2708809,0.63307065,0.8682462,2.3827283,0.63307065,0.09604844,Patch,97.44592,314.08957,223.60577,118.229675,105.35596,118.229675,Patch,1,-20.783752,7.910034,178.27408
407,2024-08-16 06:00:00+00:00,0.00067001925,0.28149486,3.0948884,0.7364405,0.98430157,0.16212572,0.393027,0.25429052,0.5895405,0.09670426,0.27108386,0.6322119,0.8696522,2.3860807,0.6322119,0.09670426,Patch,97.380394,311.5192,181.53035,125.24392,101.30084,125.24392,Patch,1,-27.863525,3.9204483,178.3396
408,2024-08-16 07:00:00+00:00,0.00033280355,0.28153118,3.1179109,0.73707724,0.9839084,0.17409913,0.39172217,0.25166857,0.58758324,0.096393555,0.27109763,0.6325088,0.86907995,2.384716,0.6325088,0.096393555,Patch,83.14768,314.95538,203.09978,106.39608,99.07975,106.39608,Patch,1,-23.248398,15.932068,192.57233
409,2024-08-16 08:00:00+00:00,-6.7703304e-06,0.2811869,3.1217296,0.73689926,0.98450875,0.1757658,0.33704996,0.21745825,0.50557494,0.097806126,0.27150014,0.6306938,0.8720652,2.3918452,0.6306938,0.097806126,Patch,99.160034,320.21445,159.81061,109.7474,139.75787,109.7474,Patch,1,-10.587364,40.59784,176.55997
410,2024-08-16 09:00:00+00:00,-0.00027893542,0.28058916,3.137326,0.7366638,0.98478276,0.17999606,0.35659167,0.22776568,0.5348875,0.097116426,0.27137613,0.6315074,0.8706722,2.388516,0.6315074,0.097116426,Patch,147.45854,344.12332,171.16443,175.70284,182.32574,171.16443,TCN,0,-23.705887,34.867203,128.26146
411,2024-08-16 10:00:00+00:00,-0.0004411035,0.28084987,3.1472738,0.7369719,0.98465663,0.17385994,0.34294295,0.221823,0.5144145,0.09758279,0.27151382,0.63090336,0.8716602,2.390877,0.63090336,0.09758279,Patch,159.12306,358.18063,145.17015,180.66426,195.96454,145.17015,TCN,0,13.952911,36.841476,116.59694
412,2024-08-16 11:00:00+00:00,-0.0005087866,0.28074166,3.1556177,0.73835593,0.98386365,0.19108795,0.38739094,0.25441104,0.58108634,0.09600607,0.27110043,0.63289344,0.8683525,2.3829815,0.63289344,0.09600607,Patch,157.58171,369.69565,153.48096,187.02565,193.98387,153.48096,TCN,0,4.100754,36.40216,118.13829
413,2024-08-16 12:00:00+00:00,-0.0004721431,0.2808681,3.1656814,0.740524,0.9829562,0.20316188,0.46340013,0.30305326,0.6951002,0.093900114,0.27059048,0.6355095,0.8639194,2.372441,0.6355095,0.093900114,Patch,142.83638,383.32584,187.60225,199.22522,180.34106,187.60225,TCN,0,-44.76587,37.504684,132.88362
414,2024-08-16 13:00:00+00:00,-0.00033718473,0.28100953,3.1692312,0.74295986,0.982743,0.259703,0.50492877,0.3265534,0.75739324,0.09190118,0.2701823,0.63791645,0.8597223,2.3625045,0.63791645,0.09190118,Patch,165.29803,410.76834,162.17224,247.55164,167.7373,162.17224,TCN,0,3.1257935,2.43927,110.42197
415,2024-08-16 14:00:00+00:00,-0.00010012659,0.28147045,3.170294,0.7453193,0.98193914,0.2468301,0.52230954,0.33588874,0.7834643,0.09176283,0.2701299,0.6381073,0.85940903,2.3617647,0.6381073,0.09176283,Patch,193.43994,418.8157,120.66488,293.2471,163.71907,120.66488,TCN,0,72.77506,-29.720871,82.28006
416,2024-08-16 15:00:00+00:00,0.00023586127,0.28213024,3.1687224,0.7480405,0.9802457,0.17561318,0.51773375,0.33133096,0.77660054,0.09305449,0.2703022,0.6366433,0.86205125,2.368013,0.6366433,0.09305449,Patch,200.6382,428.54257,104.02417,292.5424,155.04744,104.02417,TCN,0,96.61403,-45.59076,75.0818
417,2024-08-16 16:00:00+00:00,0.00066120474,0.28268725,3.1648536,0.75129527,0.9794098,0.12296916,0.50500023,0.3208827,0.7575003,0.09396226,0.2702965,0.63574123,0.863787,2.372127,0.63574123,0.09396226,Patch,156.3278,423.8165,123.07688,270.82047,123.19401,123.07688,TCN,0,33.250923,-33.133797,119.3922
418,2024-08-16 17:00:00+00:00,0.001171079,0.28318068,3.1650634,0.7560317,0.9780505,0.06361835,0.5006687,0.31907517,0.751003,0.09443591,0.27003366,0.6355304,0.8644664,2.3737392,0.6355304,0.09443591,Patch,145.618,407.29385,154.42865,262.3433,116.75309,154.42865,TCN,0,-8.810654,-28.864906,130.102
419,2024-08-16 18:00:00+00:00,0.0017289681,0.28288564,3.1687992,0.7617424,0.9757816,0.078567244,0.44674402,0.28471932,0.67011595,0.09596917,0.27058437,0.63344646,0.8678447,2.3817718,0.63344646,0.09596917,Patch,158.15472,412.44693,159.485,250.5684,151.26714,159.485,TCN,0,-1.3302765,-6.8875885,117.56528
420,2024-08-16 19:00:00+00:00,0.0023460065,0.2825077,3.1887221,0.76903754,0.9716415,0.117843844,0.41806707,0.2702735,0.6271006,0.0963827,0.2709237,0.6326936,0.8689121,2.3843155,0.6326936,0.0963827,Patch,200.8289,430.2583,227.84358,255.34894,209.42369,227.84358,TCN,0,-27.014679,8.594788,74.8911
421,2024-08-16 20:00:00+00:00,0.0030163834,0.28233185,3.2129397,0.7775633,0.9664074,0.17152266,0.43786788,0.2815236,0.6568018,0.094799526,0.27064583,0.6345547,0.86568147,2.3766253,0.6345547,0.094799526,Patch,321.63705,440.962,295.31955,396.47128,274.28943,295.31955,TCN,0,26.317505,-47.347626,-45.917053
422,2024-08-16 21:00:00+00:00,0.0037238083,0.28227264,3.2499099,0.7867769,0.9639429,0.19547947,0.46342024,0.30052567,0.69513035,0.09341073,0.27028817,0.63630116,0.8627235,2.3696055,0.63630116,0.09341073,Patch,400.2607,439.80435,323.16025,499.27335,311.55008,323.16025,TCN,0,77.100464,-88.71063,-124.54071
423,2024-08-16 22:00:00+00:00,0.00440703,0.28134763,3.2864087,0.79591525,0.969203,0.17846219,0.4874893,0.31542283,0.73123395,0.092786014,0.27002642,0.63718754,0.86129797,2.36623,0.63718754,0.092786014,Patch,410.55966,452.46524,357.48193,499.43118,320.9617,357.48193,TCN,0,53.07773,-89.59796,-134.83966
424,2024-08-16 23:00:00+00:00,0.0049928026,0.28031787,3.308076,0.8032639,0.97640944,0.12565796,0.4557351,0.2973779,0.6836027,0.09411237,0.27015173,0.63573587,0.86395,2.3725135,0.63573587,0.09411237,Patch,373.6149,475.09033,342.01395,456.0569,299.89426,342.01395,TCN,0,31.600952,-73.72064,-97.8949
425,2024-08-17 00:00:00+00:00,0.005476836,0.2792559,3.3145442,0.8096487,0.9825183,0.13753402,0.40940592,0.26667023,0.6141088,0.095602624,0.27071798,0.63367933,0.86726576,2.3803935,0.63367933,0.095602624,Patch,307.44568,494.27505,308.329,359.33765,257.1806,308.329,TCN,0,-0.8833313,-50.265076,-31.725677
426,2024-08-17 01:00:00+00:00,0.005849179,0.27682158,3.3122294,0.8140295,0.98439664,0.15173757,0.36873066,0.23172891,0.553096,0.096839875,0.27121982,0.63194036,0.87002176,2.3869627,0.63194036,0.096839875,Patch,216.58754,480.92822,217.59651,278.36725,252.98958,217.59651,TCN,0,-1.0089722,36.40204,59.13246
427,2024-08-17 02:00:00+00:00,0.006029132,0.2759013,3.31268,0.8160043,0.98270947,0.1296999,0.35754275,0.22515824,0.53631413,0.097320646,0.27123126,0.63144803,0.870932,2.3891366,0.63144803,0.097320646,Patch,187.37929,443.12485,259.547,266.93393,255.52722,259.547,TCN,0,-72.16771,68.147934,88.34071
428,2024-08-17 03:00:00+00:00,0.0060226517,0.27526277,3.322478,0.8161756,0.9782545,0.1328884,0.42065787,0.27055484,0.6309868,0.09499028,0.27042562,0.63458407,0.8658562,2.3770406,0.63458407,0.09499028,Patch,192.10681,428.19424,317.0935,265.3686,266.88715,265.3686,Patch,1,-73.26178,74.780334,83.61319
429,2024-08-17 04:00:00+00:00,0.0058519,0.27540955,3.3438683,0.81508285,0.97035766,0.13548785,0.44797438,0.2833883,0.6719615,0.09370738,0.27004105,0.6362515,0.8630806,2.370452,0.6362515,0.09370738,Patch,203.49309,434.31726,281.34848,253.71667,257.91177,253.71667,Patch,1,-50.223587,54.418686,72.22691
430,2024-08-17 05:00:00+00:00,0.0055675777,0.2754247,3.3778663,0.81319255,0.96248645,0.14357583,0.46830297,0.29579163,0.70245445,0.09261053,0.26977515,0.63761437,0.86074364,2.3649187,0.63761437,0.09261053,Patch,196.18481,452.6787,272.89548,256.856,256.6529,256.856,Patch,1,-60.671173,60.46808,79.53519
431,2024-08-17 06:00:00+00:00,0.005194958,0.2754724,3.4047358,0.8104844,0.95740813,0.15280361,0.4354512,0.2756886,0.6531768,0.09330801,0.27014998,0.6365421,0.8624079,2.3688579,0.6365421,0.09330801,Patch,204.70744,457.85403,254.69444,249.8673,262.6052,249.8673,Patch,1,-45.15985,57.89775,71.01256
432,2024-08-17 07:00:00+00:00,0.004758039,0.27563205,3.35008,0.80727345,0.9559589,0.15874974,0.39635062,0.251314,0.5945259,0.094889924,0.2706526,0.6344575,0.86585903,2.377047,0.6344575,0.094889924,Patch,209.96802,451.38443,260.68594,250.26918,270.05624,250.26918,Patch,1,-40.301163,60.088226,65.75198
433,2024-08-17 08:00:00+00:00,0.0042945496,0.2756711,3.2509012,0.80370665,0.9609045,0.1509549,0.3625856,0.2300514,0.54387844,0.09699487,0.271153,0.63185215,0.8702558,2.3875215,0.63185215,0.09699487,Patch,254.49615,452.7395,272.2026,336.65976,294.2162,272.2026,TCN,0,-17.706451,39.72003,21.223846
434,2024-08-17 09:00:00+00:00,0.0038311896,0.2756487,3.2584317,0.7993943,0.9692607,0.1574724,0.3736894,0.23662584,0.5605341,0.0967473,0.2711852,0.6320675,0.8698188,2.3864784,0.6320675,0.0967473,Patch,291.15207,459.21658,307.29773,390.26266,317.05447,307.29773,TCN,0,-16.14566,25.902405,-15.432068
435,2024-08-17 10:00:00+00:00,0.0033967998,0.27550212,3.2480733,0.7939904,0.9773619,0.15118165,0.32840988,0.20874342,0.49261484,0.09828522,0.27163512,0.6300796,0.87307036,2.3942506,0.6300796,0.09828522,Patch,317.82025,491.9138,339.64398,387.469,351.77444,339.64398,TCN,0,-21.82373,33.954193,-42.10025
436,2024-08-17 11:00:00+00:00,0.0030160905,0.2739306,3.2338846,0.7885528,0.9843527,0.16114613,0.30544728,0.1941387,0.4581709,0.0987761,0.27177525,0.6294487,0.8740987,2.3967142,0.6294487,0.0987761,Patch,350.7689,535.9555,409.39938,373.64145,397.7676,373.64145,Patch,1,-22.872559,46.99872,-75.04889
437,2024-08-17 12:00:00+00:00,0.0027918415,0.27359924,3.2296352,0.7851312,0.98890644,0.16739328,0.3354338,0.21030204,0.5031507,0.097851105,0.27153748,0.6306114,0.87218046,2.3921213,0.6306114,0.097851105,Patch,292.3494,544.1565,390.45435,281.68478,371.48233,281.68478,Patch,1,10.664612,79.132935,-16.629395
438,2024-08-17 13:00:00+00:00,0.0027280983,0.27356476,3.2329068,0.7838768,0.9916069,0.16219686,0.3786027,0.24122003,0.56790406,0.096823536,0.2712384,0.63193804,0.8700069,2.3869274,0.63193804,0.096823536,Patch,229.98035,559.2625,306.0995,215.02284,329.53217,215.02284,Patch,1,14.957504,99.55182,45.739655
439,2024-08-17 14:00:00+00:00,0.0028169467,0.27403587,3.2332673,0.78462857,0.99130726,0.16073452,0.40186307,0.26084745,0.6027946,0.0962699,0.2710596,0.6326705,0.86881506,2.3840842,0.6326705,0.0962699,Patch,195.5194,568.11334,283.97055,171.29236,316.3801,171.29236,Patch,1,24.227036,120.8607,80.20061
440,2024-08-17 15:00:00+00:00,0.0030486889,0.27524006,3.2311654,0.78697336,0.98651564,0.1657807,0.47000986,0.30622247,0.7050147,0.094218925,0.27042478,0.6353563,0.8643869,2.3735504,0.6353563,0.094218925,Patch,182.21486,573.47,349.93173,163.48415,306.48807,163.48415,Patch,1,18.730713,124.27321,93.50514
441,2024-08-17 16:00:00+00:00,0.003388802,0.27606553,3.2280905,0.7905379,0.9773193,0.17817365,0.5160363,0.33546185,0.7740544,0.09255051,0.26989448,0.637555,0.8607305,2.3648877,0.637555,0.09255051,Patch,234.688,565.96735,460.2947,156.12093,333.04996,156.12093,Patch,1,78.56708,98.36195,41.031998
442,2024-08-17 17:00:00+00:00,0.0038009277,0.27602705,3.2341616,0.79505527,0.96669734,0.18941325,0.49929398,0.3267194,0.74894094,0.09257807,0.26988068,0.63754123,0.8607719,2.3649855,0.63754123,0.09257807,Patch,259.37665,546.8144,495.62857,175.33281,347.14926,175.33281,Patch,1,84.04384,87.77261,16.343353
443,2024-08-17 18:00:00+00:00,0.0043042838,0.2765597,3.2473936,0.7996279,0.95395374,0.2055773,0.44747442,0.29012036,0.6712116,0.09342831,0.27017915,0.6363926,0.86266387,2.3694642,0.6363926,0.09342831,Patch,304.03745,532.4507,461.53848,251.23262,343.6478,251.23262,Patch,1,52.804825,39.61035,-28.317444
444,2024-08-17 19:00:00+00:00,0.0048652273,0.27646294,3.2701356,0.80360544,0.94339186,0.2471752,0.39039382,0.2502607,0.5855907,0.09404456,0.27053013,0.6354253,0.86414397,2.372974,0.6354253,0.09404456,Patch,290.3199,497.09653,359.70663,261.7765,325.11887,261.7765,Patch,1,28.543396,34.79898,-14.599884
445,2024-08-17 20:00:00+00:00,0.005465645,0.27639782,3.3143744,0.8073893,0.94167286,0.31055525,0.35826397,0.23146218,0.53739595,0.09366295,0.2706842,0.63565284,0.8635456,2.3715544,0.63565284,0.09366295,Patch,210.34406,460.78513,264.5433,189.9762,272.82297,189.9762,Patch,1,20.367859,62.478912,65.375946
446,2024-08-17 21:00:00+00:00,0.0060560065,0.276518,3.202978,0.811819,0.9490128,0.35821053,0.35128844,0.23000595,0.52693266,0.093377836,0.27031714,0.63630503,0.8626852,2.369515,0.63630503,0.093377836,Patch,161.03984,451.32178,215.10606,126.99192,244.01593,126.99192,Patch,1,34.04792,82.97609,114.68016
447,2024-08-17 22:00:00+00:00,0.006581654,0.27571088,3.0012891,0.8155552,0.96086454,0.36295596,0.35278475,0.22748089,0.5291771,0.09458187,0.27013803,0.6352801,0.8648339,2.3746116,0.6352801,0.09458187,Patch,172.19525,480.5818,208.15245,160.18109,260.5947,160.18109,Patch,1,12.01416,88.399445,103.52475
448,2024-08-17 23:00:00+00:00,0.0069800024,0.27487487,3.037886,0.8185505,0.9723449,0.33387628,0.3883625,0.2518081,0.58254373,0.09415806,0.27002788,0.6358141,0.8639313,2.3724692,0.6358141,0.09415806,Patch,176.1358,506.1268,207.59753,177.03477,258.87357,177.03477,Patch,1,-0.89897156,82.73776,99.5842
449,2024-08-18 00:00:00+00:00,0.0072509656,0.27393243,3.0641074,0.82046264,0.97943866,0.2536228,0.40205202,0.2610429,0.603078,0.095181294,0.27016675,0.63465196,0.8659979,2.3773773,0.63465196,0.095181294,Patch,145.83946,517.92267,174.72705,152.27112,248.24579,152.27112,Patch,1,-6.431656,102.40633,129.88054
450,2024-08-18 01:00:00+00:00,0.0073887766,0.272517,3.0747955,0.8215684,0.98463637,0.18520384,0.39550194,0.2502445,0.59325296,0.09664735,0.27047196,0.63288075,0.8690262,2.3845875,0.63288075,0.09664735,Patch,133.89449,501.26797,222.4984,138.59283,248.07819,138.59283,Patch,1,-4.698349,114.1837,141.82552
451,2024-08-18 02:00:00+00:00,0.0073484834,0.27233425,3.0738728,0.8210676,0.9884888,0.18294565,0.40030277,0.25166893,0.60045415,0.09667043,0.27049723,0.63283235,0.86909103,2.3847423,0.63283235,0.09667043,Patch,134.88231,456.74365,257.63696,130.52628,235.27232,130.52628,Patch,1,4.3560333,100.390015,140.83769
452,2024-08-18 03:00:00+00:00,0.0071425703,0.272463,3.0680861,0.8191451,0.9905872,0.18479185,0.439419,0.27644452,0.65912855,0.09579432,0.2702997,0.633906,0.8672721,2.3804083,0.633906,0.09579432,Patch,140.94374,423.40308,301.46536,138.29161,223.19598,138.29161,Patch,1,2.6521301,82.25224,134.77626
453,2024-08-18 04:00:00+00:00,0.0067849546,0.27318043,3.0602393,0.81607467,0.9915149,0.18384992,0.43837184,0.2782933,0.6575577,0.095920734,0.27032927,0.63375,0.86753595,2.3810365,0.63375,0.095920734,Patch,132.58636,413.07214,291.17783,107.19016,199.20296,107.19016,Patch,1,25.396202,66.61659,143.13364
454,2024-08-18 05:00:00+00:00,0.006316384,0.2734065,3.0497954,0.81272334,0.9919714,0.18281321,0.42599726,0.27233306,0.6389959,0.096332,0.2704253,0.6332427,0.8683933,2.383079,0.6332427,0.096332,Patch,124.74398,409.43546,243.22925,110.1829,188.11333,110.1829,Patch,1,14.561081,63.369347,150.97601
455,2024-08-18 06:00:00+00:00,0.005762081,0.27370298,3.0533845,0.80954605,0.99235755,0.18130867,0.38762796,0.24868684,0.58144194,0.09727431,0.27068493,0.63204074,0.8703827,2.3878245,0.63204074,0.09727431,Patch,127.65094,392.95566,188.1681,114.81427,184.35683,114.81427,Patch,1,12.83667,56.705887,148.06906
456,2024-08-18 07:00:00+00:00,0.0051550684,0.27379292,3.1664162,0.806516,0.99275917,0.18114404,0.3129349,0.20004515,0.4694023,0.098603256,0.271405,0.62999177,0.8734671,2.3952007,0.62999177,0.098603256,Patch,143.96777,362.41516,140.8289,131.07161,195.18858,131.07161,Patch,1,12.896164,51.22081,131.75223
457,2024-08-18 08:00:00+00:00,0.0045149596,0.27383178,3.2045188,0.805503,0.99326736,0.18185665,0.25151098,0.16462646,0.37726647,0.1001969,0.271996,0.62780714,0.87690306,2.4034448,0.62780714,0.1001969,Patch,188.69118,335.4373,189.2618,173.86235,226.60643,173.86235,Patch,1,14.828827,37.915253,87.028824
458,2024-08-18 09:00:00+00:00,0.0038710767,0.27382764,3.1706145,0.8060646,0.99361163,0.19064641,0.23543751,0.1504833,0.35315627,0.10067771,0.27206627,0.62725604,0.8778428,2.4057043,0.62725604,0.10067771,Patch,239.7617,324.03867,273.8021,218.9459,266.99982,218.9459,Patch,1,20.815796,27.238113,35.958298
459,2024-08-18 10:00:00+00:00,0.0032417458,0.2737388,3.1245558,0.809714,0.9937512,0.21983056,0.23414682,0.14944285,0.35122022,0.10033194,0.27185172,0.6278163,0.87703013,2.4037504,0.6278163,0.10033194,Patch,298.7213,354.5975,372.66245,268.4663,323.28247,268.4663,Patch,1,30.255005,24.561157,-23.001312
460,2024-08-18 11:00:00+00:00,0.002659283,0.27310047,3.081278,0.8139851,0.9939068,0.28320608,0.26872432,0.17462574,0.40308648,0.09811835,0.2711412,0.6307404,0.8723439,2.392512,0.6307404,0.09811835,Patch,354.59766,419.7012,486.24194,306.85583,388.29697,306.85583,Patch,1,47.74182,33.69931,-78.877655
461,2024-08-18 12:00:00+00:00,0.0021946998,0.2732169,3.0547273,0.8176379,0.9938535,0.25246862,0.29517776,0.19287209,0.44276664,0.098194875,0.27097997,0.63082516,0.87235,2.3925266,0.63082516,0.098194875,Patch,347.39038,456.0769,477.20187,298.17093,385.7819,298.17093,Patch,1,49.21945,38.39151,-71.67038
462,2024-08-18 13:00:00+00:00,0.001855697,0.27372953,3.0419037,0.82055956,0.99369943,0.19977182,0.3574346,0.22896223,0.5361519,0.09788064,0.27079505,0.63132423,0.87160856,2.3907535,0.63132423,0.09788064,Patch,365.99295,493.4192,510.36185,314.96658,406.43246,314.96658,Patch,1,51.026367,40.439514,-90.27295
463,2024-08-18 14:00:00+00:00,0.0016204194,0.27381742,3.0386155,0.8229202,0.9932319,0.1587168,0.40000933,0.25207353,0.600014,0.09770399,0.2706898,0.6316062,0.8711899,2.3897529,0.6316062,0.09770399,Patch,367.53012,536.4039,500.17126,320.51028,409.069,320.51028,Patch,1,47.019836,41.53888,-91.81012
464,2024-08-18 15:00:00+00:00,0.0014979485,0.2742769,3.0455637,0.8254218,0.99192697,0.14464329,0.44005913,0.27847058,0.6600886,0.09693195,0.27046573,0.63260233,0.86955523,2.3858495,0.63260233,0.09693195,Patch,355.84274,559.789,515.53937,305.8478,408.0565,305.8478,Patch,1,49.994934,52.213745,-80.12274
465,2024-08-18 16:00:00+00:00,0.0014893424,0.274976,3.0617669,0.828446,0.9890167,0.17654718,0.45851803,0.28996968,0.687777,0.09570528,0.27022663,0.6340681,0.86704147,2.3798597,0.6340681,0.09570528,Patch,314.40518,552.9248,441.7872,278.26724,370.09042,278.26724,Patch,1,36.13794,55.68524,-38.68518
466,2024-08-18 17:00:00+00:00,0.001587277,0.275493,3.0834482,0.8313262,0.98469007,0.19226699,0.45899296,0.29122832,0.68848944,0.095094144,0.27009907,0.6348068,0.86577463,2.3768466,0.6348068,0.095094144,Patch,279.37067,529.2641,412.9736,273.23654,333.53775,273.23654,Patch,1,6.1341248,54.167084,-3.6506653
467,2024-08-18 18:00:00+00:00,0.0017800826,0.2757224,3.1011953,0.83448005,0.9787428,0.23457275,0.42170382,0.26765925,0.6325557,0.09488063,0.2700979,0.6350214,0.8653681,2.3758807,0.6350214,0.09488063,Patch,256.58487,488.88467,352.05435,277.96097,305.7242,277.96097,Patch,1,-21.376099,49.139343,19.135132
468,2024-08-18 19:00:00+00:00,0.002054293,0.27535287,3.1115685,0.83728033,0.97277904,0.2672391,0.3740822,0.23911558,0.56112325,0.095203325,0.27021167,0.634585,0.866078,2.3775678,0.634585,0.095203325,Patch,252.86932,459.3401,329.66135,247.6021,296.0264,247.6021,Patch,1,5.267227,43.157074,22.850677
469,2024-08-18 20:00:00+00:00,0.002411942,0.27541775,3.11034,0.83906597,0.96803486,0.25609267,0.34678078,0.22200899,0.52017117,0.09614746,0.2704462,0.63340634,0.86806333,2.3822927,0.63340634,0.09614746,Patch,255.08405,420.5476,335.33215,257.93808,270.3193,257.93808,Patch,1,-2.8540344,15.23526,20.635956
470,2024-08-18 21:00:00+00:00,0.0028157483,0.27551678,3.0988636,0.83839774,0.96864545,0.18124604,0.32949257,0.21336536,0.49423885,0.09833235,0.27088854,0.6307791,0.87252843,2.3929539,0.6307791,0.09833235,Patch,258.2311,359.44275,330.94766,275.10364,242.95561,275.10364,Patch,1,-16.872528,-15.275497,17.488892
471,2024-08-18 22:00:00+00:00,0.0031831723,0.27509153,3.0920188,0.83697605,0.97482693,0.14926688,0.33338594,0.21164188,0.5000789,0.09902845,0.271032,0.62993956,0.87394035,2.3963346,0.62993956,0.09902845,Patch,226.9986,344.37662,344.4762,204.87964,242.84966,204.87964,Patch,1,22.118958,15.851059,48.721405
472,2024-08-18 23:00:00+00:00,0.0034495804,0.27505895,3.0909061,0.8359792,0.9829019,0.13862646,0.38000092,0.24453256,0.57000136,0.097848915,0.2706259,0.6315253,0.8714061,2.3902693,0.6315253,0.097848915,Patch,222.5951,368.8003,381.36038,184.16284,255.15407,184.16284,Patch,1,38.43225,32.558975,53.12491
473,2024-08-19 00:00:00+00:00,0.0036283634,0.2742636,3.0928013,0.8356499,0.98736,0.15419775,0.4085254,0.2635731,0.6127881,0.096888006,0.27041557,0.6326964,0.8694302,2.385551,0.6326964,0.096888006,Patch,230.7303,378.97928,349.63773,227.71382,231.42351,227.71382,Patch,1,3.0164795,0.6932068,44.9897
474,2024-08-19 01:00:00+00:00,0.0036723965,0.27368906,3.0997386,0.8360805,0.9911286,0.17461121,0.39246783,0.2567312,0.5887017,0.09688818,0.27044886,0.63266295,0.8694588,2.3856194,0.63266295,0.09688818,Patch,257.3405,348.41904,340.47556,266.68082,242.11983,266.68082,Patch,1,-9.3403015,-15.220688,18.379486
475,2024-08-19 02:00:00+00:00,0.0035407767,0.2741408,3.1012433,0.8367642,0.9935701,0.16884434,0.36079893,0.23368621,0.5411984,0.097988546,0.27077883,0.6312326,0.8717959,2.3912015,0.6312326,0.097988546,Patch,267.91885,326.9537,320.51364,291.9158,235.15889,291.9158,Patch,1,-23.996948,-32.759964,7.8011475
476,2024-08-19 03:00:00+00:00,0.0032375983,0.27513254,3.0952444,0.8378663,0.994771,0.17000107,0.33768663,0.21588215,0.5065299,0.09879945,0.271028,0.63017255,0.873513,2.3953106,0.63017255,0.09879945,Patch,290.33145,307.8072,272.78683,323.80032,265.73785,272.78683,TCN,0,17.544617,-24.593597,-14.61145
477,2024-08-19 04:00:00+00:00,0.0027978192,0.27607784,3.0833292,0.83883584,0.99556524,0.15759222,0.33232653,0.21512765,0.4984898,0.09933136,0.27110186,0.6295667,0.87455916,2.3978179,0.6295667,0.09933136,Patch,306.50723,349.15097,272.79666,334.3336,292.85245,272.79666,TCN,0,33.71057,-13.654785,-30.787231
478,2024-08-19 05:00:00+00:00,0.0022794765,0.27631146,3.0708025,0.8399902,0.99597436,0.15331884,0.37760052,0.24631445,0.56640077,0.098142296,0.27068666,0.63117105,0.87200415,2.3916996,0.63117105,0.098142296,Patch,305.58148,403.00098,276.6762,326.66623,288.70224,276.6762,TCN,0,28.905273,-16.879242,-29.86148
479,2024-08-19 06:00:00+00:00,0.0017063435,0.27641034,3.0617058,0.8413892,0.9960948,0.14941756,0.4044803,0.26263922,0.60672045,0.09767444,0.2705427,0.6317828,0.87101007,2.389323,0.6317828,0.09767444,Patch,291.7031,419.99527,302.8766,298.75357,290.33704,298.75357,Patch,1,-7.050476,-1.3660583,-15.983093
480,2024-08-19 07:00:00+00:00,0.001097646,0.27628058,3.05643,0.84305805,0.996268,0.1512652,0.37011918,0.23713395,0.55517876,0.098590665,0.27078632,0.63062304,0.8729217,2.393895,0.63062304,0.098590665,Patch,298.5999,418.86514,321.0575,305.86948,300.4913,305.86948,Patch,1,-7.269562,1.8913879,-22.879913
481,2024-08-19 08:00:00+00:00,0.0005294439,0.27607363,3.0626218,0.84430635,0.9962675,0.15412752,0.37972158,0.24208969,0.56958234,0.09823684,0.27071446,0.63104874,0.8722035,2.3921762,0.63104874,0.09823684,Patch,293.99396,426.2981,325.55368,293.094,301.35992,293.094,Patch,1,0.8999634,7.365967,-18.273956
482,2024-08-19 09:00:00+00:00,2.575281e-05,0.27503532,3.077488,0.8463885,0.99613166,0.15439312,0.3783253,0.243747,0.56748796,0.09809606,0.27067527,0.63122874,0.87190837,2.3914702,0.63122874,0.09809606,Patch,260.91946,435.02832,316.53885,250.33318,285.69638,250.33318,Patch,1,10.586288,24.776917,14.800537
483,2024-08-19 10:00:00+00:00,-0.00034079567,0.2757931,3.101793,0.84798425,0.9955147,0.16323614,0.39735135,0.2573888,0.596027,0.09719592,0.27048895,0.6323151,0.87006974,2.3870773,0.6323151,0.09719592,Patch,214.2173,427.8314,281.86777,198.34839,242.42082,198.34839,Patch,1,15.868912,28.203522,61.5027
484,2024-08-19 11:00:00+00:00,-0.0006032588,0.27595666,3.128141,0.84874195,0.99515057,0.21210583,0.50026715,0.32074505,0.7504008,0.09384363,0.26982537,0.636331,0.86315644,2.3706317,0.636331,0.09384363,Patch,190.45671,421.44876,431.87634,157.23833,214.61046,157.23833,Patch,1,33.218384,24.153748,85.26329
485,2024-08-19 12:00:00+00:00,-0.00076315517,0.2754854,3.1383638,0.84835374,0.99443036,0.24252093,0.5116636,0.33454308,0.7674955,0.09295748,0.269644,0.6373985,0.86129963,2.3662338,0.6373985,0.09295748,Patch,177.09026,449.31372,428.4437,135.18602,203.78706,135.18602,Patch,1,41.904236,26.696808,98.629745
486,2024-08-19 13:00:00+00:00,-0.00080415694,0.2758714,3.1383898,0.84712565,0.9936291,0.26331642,0.5257586,0.34151694,0.788638,0.092328005,0.26956198,0.63811,0.86001456,2.3631952,0.63811,0.092328005,Patch,205.17004,468.46127,441.50723,160.30396,234.58209,160.30396,Patch,1,44.86609,29.412048,70.54996
487,2024-08-19 14:00:00+00:00,-0.0007525471,0.27556956,3.1338527,0.8453747,0.9930036,0.30935788,0.53488624,0.34538954,0.8023294,0.091410294,0.26945072,0.63913894,0.85813916,2.3587675,0.63913894,0.091410294,Patch,256.65543,495.23923,483.08008,221.90039,279.73605,221.90039,Patch,1,34.755035,23.080627,19.064575
488,2024-08-19 15:00:00+00:00,-0.00063462433,0.2749056,3.138987,0.84433246,0.98820037,0.3508962,0.47235224,0.298008,0.7085284,0.0917038,0.26959002,0.63870615,0.8588297,2.3603966,0.63870615,0.0917038,Patch,214.36201,524.4062,293.1235,232.66203,253.15979,232.66203,Patch,1,-18.300018,38.797775,61.357986
489,2024-08-19 16:00:00+00:00,-0.00040588502,0.27548787,3.14987,0.84296274,0.98555845,0.36165226,0.46921355,0.29875332,0.7038202,0.09143356,0.2695398,0.6390267,0.85826135,2.3590555,0.6390267,0.09143356,Patch,347.56277,550.86346,430.1945,328.24707,355.73257,328.24707,Patch,1,19.315704,8.1698,-71.84277
490,2024-08-19 17:00:00+00:00,-0.00013624945,0.27502137,3.1733084,0.8421623,0.98235667,0.3560131,0.46273494,0.29183576,0.69410247,0.09140818,0.2695584,0.6390334,0.8582281,2.358977,0.6390334,0.09140818,Patch,389.26218,569.19464,397.3153,392.69458,384.07886,392.69458,Patch,1,-3.4324036,-5.183319,-113.542175
491,2024-08-19 18:00:00+00:00,0.00020776752,0.27496555,3.2140105,0.8415176,0.98108584,0.34981236,0.4504355,0.28876162,0.6756532,0.09139549,0.2695631,0.63904136,0.85820746,2.3589284,0.63904136,0.09139549,Patch,428.2561,581.6448,297.29916,484.18954,406.8453,297.29916,TCN,0,130.95694,-21.410797,-152.5361
492,2024-08-19 19:00:00+00:00,0.00056790386,0.2750061,3.2806132,0.84143484,0.9753079,0.36034814,0.4420581,0.2877273,0.6630871,0.090977825,0.269585,0.63943714,0.857413,2.3570552,0.63943714,0.090977825,Patch,312.23746,576.9723,242.00249,381.13004,337.8053,242.00249,TCN,0,70.23497,25.56784,-36.517456
493,2024-08-19 20:00:00+00:00,0.000948095,0.27461797,3.1580453,0.8418067,0.97150356,0.34777793,0.45192784,0.29011083,0.6778917,0.09161874,0.26949283,0.63888836,0.8585807,2.3598092,0.63888836,0.09161874,Patch,292.75162,578.1094,254.99648,354.15262,338.77203,254.99648,TCN,0,37.755142,46.020416,-17.031616
494,2024-08-19 21:00:00+00:00,0.0013654492,0.2745985,3.156996,0.84189844,0.9661357,0.31710732,0.4379786,0.28415167,0.6569679,0.092307575,0.2695613,0.63813114,0.85997444,2.3631003,0.63813114,0.092307575,Patch,286.39468,607.12714,296.22202,308.878,345.1732,296.22202,TCN,0,-9.827332,58.778503,-10.674683
495,2024-08-19 22:00:00+00:00,0.0017633047,0.27414507,3.200069,0.84223026,0.9568858,0.33163247,0.4573354,0.29602784,0.68600315,0.09112175,0.26932275,0.6395555,0.8574669,2.357182,0.6395555,0.09112175,Patch,325.2794,632.4135,309.531,369.17264,376.61087,309.531,TCN,0,15.748383,51.331482,-49.559387
496,2024-08-19 23:00:00+00:00,0.0020546645,0.27365,3.230167,0.84250396,0.95043755,0.36594805,0.47470433,0.31354177,0.7120564,0.08983269,0.26904282,0.6411245,0.85470164,2.350673,0.6411245,0.08983269,Patch,327.7805,643.2834,292.82162,388.15298,383.39624,292.82162,TCN,0,34.958862,55.615753,-52.060486
497,2024-08-20 00:00:00+00:00,0.002246874,0.27225122,3.2507563,0.8425937,0.95311815,0.3535349,0.46984863,0.31271666,0.70477295,0.090007864,0.26907918,0.64091295,0.8550774,2.3515565,0.64091295,0.090007864,Patch,340.17365,659.9205,257.23898,407.4358,389.34756,257.23898,TCN,0,82.93466,49.17392,-64.45364
498,2024-08-20 01:00:00+00:00,0.0023045011,0.2693203,3.2598555,0.84251404,0.9548453,0.3618823,0.4654506,0.30060673,0.6981759,0.089960195,0.2691526,0.64088714,0.85504746,2.3514857,0.64088714,0.089960195,Patch,349.70987,657.54834,267.76785,445.16968,404.10043,267.76785,TCN,0,81.94202,54.390564,-73.98987
499,2024-08-20 02:00:00+00:00,0.0021555866,0.2694239,3.2566698,0.84200406,0.9540563,0.3788806,0.41399965,0.2577764,0.62099946,0.0910465,0.26959217,0.6393613,0.857553,2.3573852,0.6393613,0.0910465,Patch,378.28354,612.9348,397.2631,464.1293,435.92142,397.2631,TCN,0,-18.979553,57.63788,-102.56354
500,2024-08-20 03:00:00+00:00,0.0018417587,0.2692041,3.2433188,0.841142,0.94914037,0.39430022,0.40290603,0.25471187,0.6043589,0.091034696,0.26957396,0.6393913,0.8575143,2.357294,0.6393913,0.091034696,Patch,359.15796,561.3816,486.9946,432.55908,416.54813,432.55908,Patch,1,-73.40112,57.390167,-83.43796
501,2024-08-20 04:00:00+00:00,0.0013688412,0.26995423,3.2242312,0.84021956,0.9438323,0.39856246,0.41721615,0.2620678,0.6258242,0.09051732,0.26936868,0.640114,0.8563266,2.3544958,0.640114,0.09051732,Patch,378.2959,491.59854,552.2795,407.2316,414.83725,407.2316,Patch,1,-28.9357,36.54135,-102.5759
502,2024-08-20 05:00:00+00:00,0.00080075586,0.2702152,3.204402,0.83854353,0.938722,0.3856465,0.37468943,0.23705332,0.56203413,0.091943584,0.26974633,0.63831013,0.85942936,2.3618128,0.63831013,0.091943584,Patch,377.28177,433.33755,536.7662,378.236,399.4746,378.236,Patch,1,-0.95422363,22.19284,-101.56177
503,2024-08-20 06:00:00+00:00,0.00017785297,0.2702113,3.1936088,0.8369411,0.93635434,0.3730897,0.34574008,0.22038463,0.5186101,0.09305466,0.27005565,0.6368897,0.86184025,2.3675137,0.6368897,0.09305466,Patch,380.8292,383.6282,532.813,384.59775,391.59384,383.6282,GRU,0,-2.7990112,10.764648,-105.10919
504,2024-08-20 07:00:00+00:00,-0.0005040586,0.27057126,3.2844777,0.83394516,0.93450576,0.37387148,0.23568153,0.15131155,0.3535223,0.09600089,0.27135402,0.63264513,0.8685576,2.3834703,0.63264513,0.09600089,Patch,303.47525,320.60416,348.66782,331.56107,294.76675,320.60416,GRU,0,-17.128906,-8.708496,-27.755249
505,2024-08-20 08:00:00+00:00,-0.0011643871,0.2703357,3.2876003,0.83113676,0.936758,0.36590275,0.22509757,0.14548181,0.33764634,0.09646296,0.2715059,0.63203114,0.86955595,2.3858511,0.63203114,0.09646296,Patch,294.75546,300.27158,377.50818,317.86743,299.54282,300.27158,GRU,0,-5.5161133,4.7873535,-19.035461
506,2024-08-20 09:00:00+00:00,-0.0017439151,0.2701026,3.3109145,0.8286853,0.93996125,0.36662522,0.22059447,0.14303732,0.3308917,0.096520945,0.27161628,0.63186276,0.8697581,2.3863337,0.63186276,0.096520945,Patch,284.2645,288.6872,326.81668,309.01602,283.89676,288.6872,GRU,0,-4.422699,-0.36773682,-8.544495
507,2024-08-20 10:00:00+00:00,-0.0022070168,0.270643,3.354596,0.8271775,0.94382995,0.3868103,0.25558192,0.16377442,0.38337287,0.095051296,0.27135333,0.6335954,0.866761,2.3791924,0.6335954,0.095051296,Patch,352.6013,291.51523,313.50885,394.93668,322.5414,291.51523,GRU,0,61.08606,-30.059875,-76.88129
508,2024-08-20 11:00:00+00:00,-0.0025873643,0.27054662,3.3958213,0.8253324,0.95168245,0.43774995,0.3131716,0.20062247,0.46975738,0.092494614,0.27074188,0.6367635,0.8613492,2.3663514,0.6367635,0.092494614,Patch,340.80252,287.47253,246.6618,412.4541,284.0451,246.6618,TCN,0,94.14072,-56.757416,-65.08252
509,2024-08-20 12:00:00+00:00,-0.0029056885,0.2697126,3.4129877,0.82326674,0.9578158,0.47125372,0.34554034,0.22658704,0.5183105,0.09105001,0.27035618,0.6385938,0.8582181,2.3589535,0.6385938,0.09105001,Patch,335.6865,271.47775,202.23979,416.52527,277.66928,202.23979,TCN,0,133.4467,-58.017212,-59.96649
510,2024-08-20 13:00:00+00:00,-0.003132739,0.26894587,3.4153252,0.8213566,0.96434355,0.5281573,0.40511543,0.26760828,0.60767317,0.08842749,0.26954928,0.64202327,0.85236776,2.3451931,0.64202327,0.08842749,Patch,307.73508,257.48828,140.0755,410.80518,250.09694,140.0755,TCN,0,167.65958,-57.638138,-32.015076
511,2024-08-20 14:00:00+00:00,-0.0032746007,0.26837325,3.41159,0.8193069,0.9712226,0.5664006,0.45381245,0.29144585,0.6807186,0.08646023,0.268938,0.6446017,0.84790933,2.3347607,0.6446017,0.08646023,Patch,272.2005,247.96893,126.20522,406.65536,209.75691,126.20522,TCN,0,145.99527,-62.44359,3.5195007
512,2024-08-20 15:00:00+00:00,-0.003359908,0.2673938,3.405701,0.81711125,0.96980095,0.5105604,0.49177384,0.3086829,0.73766077,0.08662453,0.26899293,0.64438254,0.8482872,2.335643,0.64438254,0.08662453,Patch,186.13293,230.13527,227.42653,325.38403,152.3947,227.42653,TCN,0,-41.293594,-33.738235,89.58707
513,2024-08-20 16:00:00+00:00,-0.0033561396,0.26657078,3.4116564,0.81465733,0.9682364,0.56282836,0.44235906,0.2798843,0.6635386,0.08674902,0.26907232,0.6441787,0.8486062,2.3363883,0.6441787,0.08674902,Patch,156.5162,235.22786,205.33153,293.4021,137.97667,205.33153,TCN,0,-48.815323,-18.539536,119.2038
514,2024-08-20 17:00:00+00:00,-0.0032913256,0.2657468,3.4355485,0.8110608,0.9581372,0.5401515,0.45365393,0.29027504,0.68048084,0.08651551,0.2689522,0.6445323,0.8480327,2.3350484,0.6445323,0.08651551,Patch,150.36366,238.80608,232.81506,281.1533,116.19907,232.81506,TCN,0,-82.4514,-34.16459,125.35634
515,2024-08-20 18:00:00+00:00,-0.0031636595,0.26523864,3.4873796,0.80695,0.9438796,0.5610702,0.46780607,0.29906628,0.70170903,0.085043594,0.2684308,0.6465256,0.84460497,2.3270583,0.6465256,0.085043594,Patch,160.90431,242.59917,261.1929,285.18423,120.14329,242.59917,GRU,0,-81.694855,-40.761024,114.81569
516,2024-08-20 19:00:00+00:00,-0.002987226,0.26515305,3.5684788,0.8017309,0.92195094,0.4936447,0.40578675,0.26124644,0.6086801,0.08713433,0.26918253,0.64368314,0.8494739,2.3384163,0.64368314,0.08713433,Patch,134.63591,237.98988,276.03262,214.7657,130.05428,214.7657,Patch,1,-80.12979,-4.5816345,141.08409
517,2024-08-20 20:00:00+00:00,-0.0027587637,0.26482636,3.686979,0.79715145,0.9138354,0.44783616,0.3085652,0.19945727,0.4628478,0.089765094,0.270227,0.64000785,0.85559356,2.3527706,0.64000785,0.089765094,Patch,139.37001,234.28981,182.917,189.64246,141.92267,182.917,TCN,0,-43.546997,2.552658,136.34999
518,2024-08-20 21:00:00+00:00,-0.0024805919,0.264745,3.6555023,0.79221714,0.9023267,0.43668404,0.27796477,0.17840475,0.41694713,0.090701744,0.27051905,0.63877916,0.857679,2.3576822,0.63877916,0.090701744,Patch,128.93924,217.2137,182.74336,178.15619,134.86871,178.15619,Patch,1,-49.21695,5.929474,146.78076
519,2024-08-20 22:00:00+00:00,-0.0022223303,0.2637533,3.4609694,0.7874812,0.89456093,0.4531189,0.24937586,0.15707946,0.3740638,0.09208343,0.27078837,0.6371282,0.86059475,2.3645668,0.6371282,0.09208343,Patch,121.33341,201.96104,160.05695,180.00029,127.865074,160.05695,TCN,0,-38.723534,6.531662,154.3866
520,2024-08-20 23:00:00+00:00,-0.0020466296,0.26310766,3.5322626,0.7837962,0.8943808,0.47149155,0.27032697,0.16983645,0.40549046,0.09060051,0.27038962,0.6390099,0.85737,2.3569539,0.6390099,0.09060051,Patch,152.41626,204.66685,179.09227,210.03914,135.02953,179.09227,TCN,0,-26.67601,-17.386734,123.30374
521,2024-08-21 00:00:00+00:00,-0.0019083684,0.26114756,3.6196513,0.7819062,0.91236883,0.5090441,0.26129997,0.16516522,0.39194995,0.08974301,0.27023184,0.6400252,0.85555434,2.3526783,0.6400252,0.08974301,Patch,128.30669,215.6204,134.0738,194.88293,123.417885,134.0738,TCN,0,-5.7671204,-4.8888016,147.41331
522,2024-08-21 01:00:00+00:00,-0.0019067453,0.25810057,3.6623309,0.78062254,0.931782,0.5647719,0.32759112,0.21099383,0.49138665,0.08697035,0.269323,0.6437066,0.8492683,2.3379357,0.6437066,0.08697035,Patch,155.94843,210.76616,170.76231,239.92744,132.99944,170.76231,TCN,0,-14.813889,-22.94899,119.771576
523,2024-08-21 02:00:00+00:00,-0.0021211545,0.25848028,3.6454604,0.7793235,0.9412144,0.5785765,0.3047991,0.19713819,0.45719862,0.08746265,0.26951218,0.64302516,0.8504168,2.3406222,0.64302516,0.08746265,Patch,153.81488,183.15057,153.91925,245.33907,120.290504,153.91925,TCN,0,-0.10437012,-33.524376,121.90512
524,2024-08-21 03:00:00+00:00,-0.0025083558,0.25905332,3.5780265,0.7774786,0.9320877,0.5870598,0.3557453,0.23062007,0.53361785,0.08622455,0.26899168,0.64478385,0.8474824,2.3337638,0.64478385,0.08622455,Patch,278.97107,153.70697,157.44539,378.03043,171.53694,153.70697,GRU,0,125.2641,-107.43413,-3.251068
525,2024-08-21 04:00:00+00:00,-0.0030117668,0.25880522,3.497938,0.7759651,0.92060137,0.5625233,0.31860548,0.21073517,0.47790813,0.0879012,0.26948097,0.6426178,0.8512633,2.3426046,0.6426178,0.0879012,Patch,240.54773,130.43768,104.07461,354.57593,150.38618,104.07461,TCN,0,136.47311,-90.161545,35.17227
526,2024-08-21 05:00:00+00:00,-0.0035936902,0.25871104,3.4738517,0.77461326,0.9128523,0.5405927,0.26094747,0.17252925,0.3914212,0.08982391,0.27010873,0.6400674,0.85560703,2.352802,0.6400674,0.08982391,Patch,179.66927,133.20555,109.43978,256.8433,124.978485,109.43978,TCN,0,70.229485,-54.69078,96.050735
527,2024-08-21 06:00:00+00:00,-0.00422351,0.25860626,3.5187118,0.77367145,0.9073575,0.5448831,0.24704091,0.16413486,0.37056136,0.08974673,0.2701388,0.6401145,0.8554814,2.3525066,0.6401145,0.08974673,Patch,131.00618,123.53152,107.11218,212.88765,88.82584,107.11218,TCN,0,23.893997,-42.180336,144.71382
528,2024-08-21 07:00:00+00:00,-0.004887559,0.25861442,3.4818401,0.77325433,0.9044459,0.48319784,0.2712294,0.17253995,0.40684408,0.09066513,0.27040374,0.63893116,0.8575084,2.35728,0.63893116,0.09066513,Patch,104.33454,114.48535,160.2718,182.4102,97.62594,114.48535,GRU,0,-10.15081,-6.708603,171.38547
529,2024-08-21 08:00:00+00:00,-0.00554928,0.2582874,3.4077072,0.77241004,0.9045142,0.48705092,0.26523185,0.16707414,0.39784774,0.09120422,0.27051738,0.6382784,0.85865676,2.3599887,0.6382784,0.09120422,Patch,96.13113,133.99513,155.69081,168.54842,90.36713,133.99513,GRU,0,-37.864006,-5.764,179.58887
530,2024-08-21 09:00:00+00:00,-0.0061191064,0.2579902,3.3618603,0.7720383,0.9091006,0.49785447,0.2613812,0.16493464,0.3920718,0.09143951,0.2705582,0.6380023,0.8591493,2.3611512,0.6380023,0.09143951,Patch,72.827675,156.51111,194.40959,115.53309,97.24941,115.53309,Patch,1,-42.705414,24.421738,202.89233
531,2024-08-21 10:00:00+00:00,-0.0065374062,0.25917706,3.3420131,0.77199227,0.9168991,0.5241023,0.24324799,0.15522338,0.36487198,0.09159396,0.2706098,0.63779616,0.8594935,2.3619642,0.63779616,0.09159396,Patch,120.74805,200.76424,264.52216,79.376465,158.96497,79.376465,Patch,1,41.371582,38.21692,154.97195
532,2024-08-21 11:00:00+00:00,-0.0068750917,0.25903133,3.3305185,0.7718261,0.9276203,0.4859012,0.21245995,0.14039671,0.31868988,0.09362974,0.27124074,0.6351295,0.86395633,2.3725286,0.6351295,0.09362974,Patch,87.85242,232.2694,215.78711,69.07964,148.0211,69.07964,Patch,1,18.772774,60.168686,187.86758
533,2024-08-21 12:00:00+00:00,-0.0071694483,0.25754687,3.3266275,0.7718533,0.93981665,0.40097544,0.24307218,0.15884414,0.3646083,0.094626695,0.2714114,0.6339619,0.86600375,2.3773913,0.6339619,0.094626695,Patch,71.31783,215.8894,202.91307,101.730125,121.71647,101.730125,Patch,1,-30.412292,50.398636,204.40216
534,2024-08-21 13:00:00+00:00,-0.007353484,0.25705525,3.3469412,0.77174366,0.9511557,0.33292046,0.30199832,0.1936734,0.45299745,0.09449636,0.2713427,0.63416094,0.8656974,2.376663,0.63416094,0.09449636,Patch,61.46867,216.40509,259.3854,89.253815,122.73049,89.253815,Patch,1,-27.785145,61.26182,214.25133
535,2024-08-21 14:00:00+00:00,-0.0074722054,0.25514302,3.392685,0.77154094,0.96030915,0.26940712,0.30555487,0.1968875,0.4583323,0.09559486,0.2716723,0.6327328,0.86806035,2.3822856,0.6327328,0.09559486,Patch,86.54531,226.66594,274.7534,129.88542,145.36409,129.88542,Patch,1,-43.34011,58.81878,189.17468
536,2024-08-21 15:00:00+00:00,-0.0074801845,0.2545175,3.4497762,0.7712512,0.9648201,0.18792526,0.29155257,0.18945572,0.43732882,0.09723077,0.27210698,0.63066226,0.8715019,2.3904986,0.63066226,0.09723077,Patch,81.47825,250.75175,284.09183,117.36554,161.69289,117.36554,Patch,1,-35.88729,80.21464,194.24176
537,2024-08-21 16:00:00+00:00,-0.0074351607,0.25277656,3.5547025,0.7696709,0.96648145,0.17067315,0.25344396,0.1665556,0.38016593,0.09777243,0.27240714,0.6298204,0.87276477,2.3935192,0.6298204,0.09777243,Patch,68.918396,231.91032,215.481,89.94019,140.66685,89.94019,Patch,1,-21.021797,71.74846,206.8016
538,2024-08-21 17:00:00+00:00,-0.0073033106,0.25243744,3.6827216,0.76708513,0.9623623,0.17155497,0.2529993,0.16439752,0.37949896,0.096641205,0.2722017,0.6311571,0.8704772,2.3880503,0.6311571,0.096641205,Patch,75.10828,226.61275,182.75395,126.443016,129.53113,126.443016,Patch,1,-51.33474,54.42285,200.61172
539,2024-08-21 18:00:00+00:00,-0.0071337833,0.25131354,3.7851205,0.7623313,0.95486313,0.19061816,0.2624677,0.16656354,0.39370155,0.09478603,0.27168405,0.6335299,0.8665377,2.378661,0.6335299,0.09478603,Patch,67.70254,220.35913,155.75523,121.01483,112.68502,121.01483,Patch,1,-53.312294,44.982483,208.01746
540,2024-08-21 19:00:00+00:00,-0.006896242,0.25135916,3.9740021,0.756373,0.9457857,0.22350502,0.24467218,0.15484081,0.3670082,0.092895195,0.27123684,0.63586795,0.8625434,2.369179,0.63586795,0.092895195,Patch,75.122826,221.06793,144.17253,92.65753,122.55259,92.65753,Patch,1,-17.534706,47.429764,200.59717
541,2024-08-21 20:00:00+00:00,-0.006613274,0.25138688,4.1574945,0.7483302,0.9429336,0.24245341,0.19867727,0.12650907,0.29801586,0.092317,0.2712433,0.63643974,0.8614346,2.3665533,0.63643974,0.092317,Patch,82.70825,205.02934,121.25724,84.99753,119.723854,84.99753,Patch,1,-2.2892761,37.015602,193.01175
542,2024-08-21 21:00:00+00:00,-0.0062718047,0.2515847,4.1281276,0.74011326,0.9426109,0.25298157,0.20597845,0.13179155,0.30896768,0.09217138,0.27123457,0.63659406,0.8611459,2.3658702,0.63659406,0.09217138,Patch,73.87594,197.38185,116.69712,101.69169,107.59247,101.69169,Patch,1,-27.81575,33.71653,201.84406
543,2024-08-21 22:00:00+00:00,-0.005933764,0.2504386,3.8898396,0.7330522,0.9433282,0.2439592,0.19331972,0.121988446,0.28997958,0.09466113,0.27202764,0.63331115,0.866591,2.3787875,0.63331115,0.09466113,Patch,71.31759,211.23921,114.34918,80.09372,104.64518,80.09372,Patch,1,-8.776131,33.32759,204.4024
544,2024-08-21 23:00:00+00:00,-0.0056585446,0.24917391,3.7837408,0.72866017,0.9445329,0.2398538,0.21796954,0.13908261,0.32695433,0.09498971,0.27207085,0.63293946,0.86725134,2.380359,0.63293946,0.09498971,Patch,83.0165,232.26031,116.4011,100.01455,102.70278,100.01455,Patch,1,-16.998047,19.68628,192.70349
545,2024-08-22 00:00:00+00:00,-0.0054473085,0.24709976,3.4242435,0.7252221,0.9486515,0.18361151,0.25055754,0.16191737,0.3758363,0.098123275,0.2726033,0.6292735,0.87358177,2.3954756,0.6292735,0.098123275,Patch,88.02378,239.9287,139.19508,103.47,108.80359,103.47,Patch,1,-15.44622,20.779808,187.69623
546,2024-08-22 01:00:00+00:00,-0.0053735194,0.24471202,3.1953554,0.7237237,0.9531563,0.20705362,0.26789954,0.17165983,0.40184927,0.098017015,0.27191073,0.6300722,0.87280357,2.3936121,0.6300722,0.098017015,Patch,75.56055,224.45476,170.48428,72.089745,108.07473,72.089745,Patch,1,3.4708023,32.514183,200.15945
547,2024-08-22 02:00:00+00:00,-0.0054774177,0.24279323,3.2142048,0.72467905,0.95374143,0.20166779,0.25576508,0.16068049,0.38364762,0.09841398,0.27209124,0.62949485,0.87369263,2.395741,0.62949485,0.09841398,Patch,80.07965,187.65425,176.7132,90.590515,107.27252,90.590515,Patch,1,-10.510864,27.192871,195.64035
548,2024-08-22 03:00:00+00:00,-0.0057684155,0.24232225,3.186844,0.7276321,0.9535275,0.21201599,0.2624663,0.16864274,0.39369953,0.098107904,0.2718889,0.63000315,0.87295425,2.3939729,0.63000315,0.098107904,Patch,133.30031,146.01027,143.7593,204.02385,102.71494,143.7593,TCN,0,-10.458984,-30.585365,142.4197
549,2024-08-22 04:00:00+00:00,-0.006207554,0.24211027,3.1323125,0.73097116,0.9527827,0.21714945,0.26006386,0.1685206,0.39009577,0.09830348,0.27174753,0.6299489,0.87319887,2.3945584,0.6299489,0.09830348,Patch,169.88338,134.6056,138.71571,258.2482,120.1936,134.6056,GRU,0,35.27777,-49.689774,105.836624
550,2024-08-22 05:00:00+00:00,-0.0067393854,0.24217412,3.0856724,0.7346113,0.95305026,0.22105305,0.22575817,0.14783727,0.3386372,0.09951117,0.27194056,0.62854826,0.87559557,2.4003043,0.62854826,0.09951117,Patch,146.48738,153.10143,136.10321,222.52965,108.35712,136.10321,TCN,0,10.384171,-38.130264,129.23262
551,2024-08-22 06:00:00+00:00,-0.0072995177,0.24178386,3.033938,0.7378102,0.9519449,0.23594622,0.19981655,0.1322313,0.29972482,0.100268364,0.27200675,0.6277249,0.8770431,2.4037814,0.6277249,0.100268364,Patch,126.247925,175.72093,166.18831,176.10388,123.06571,166.18831,TCN,0,-39.940384,-3.1822128,149.47208
552,2024-08-22 07:00:00+00:00,-0.007920531,0.24169947,3.0211723,0.74142516,0.95158225,0.25285757,0.23168895,0.14788349,0.3475334,0.09895769,0.2716018,0.62944055,0.87428916,2.3971708,0.62944055,0.09895769,Patch,122.48926,175.1501,204.349,160.68312,132.16212,160.68312,Patch,1,-38.193863,9.672867,153.23074
553,2024-08-22 08:00:00+00:00,-0.0085050175,0.24137229,2.9786925,0.7441547,0.95057195,0.24820793,0.27527475,0.17445718,0.4129121,0.09793544,0.27111867,0.6309459,0.87198424,2.3916519,0.6309459,0.09793544,Patch,153.55592,174.38643,222.3257,231.08467,141.74458,174.38643,GRU,0,-20.830505,-11.81134,122.16408
554,2024-08-22 09:00:00+00:00,-0.009008567,0.2407628,2.9504535,0.7455592,0.95094854,0.27434593,0.29237503,0.18613796,0.4385625,0.096972965,0.27077976,0.63224727,0.8698988,2.3866692,0.63224727,0.096972965,Patch,132.35762,201.18355,242.07283,234.27887,143.46284,201.18355,GRU,0,-68.82593,11.105225,143.36238
555,2024-08-22 10:00:00+00:00,-0.009366089,0.2420745,2.942823,0.74615175,0.9548079,0.3579223,0.28191185,0.18144517,0.42286775,0.09550948,0.27049932,0.6339912,0.8669035,2.3795311,0.6339912,0.09550948,Patch,99.256355,241.5818,243.92656,162.9573,153.4259,162.9573,Patch,1,-63.70095,54.169548,176.46365
556,2024-08-22 11:00:00+00:00,-0.009643565,0.2414456,2.9402924,0.74695736,0.9575266,0.35777664,0.2689938,0.17783019,0.40349066,0.09593018,0.27058306,0.63348675,0.86776996,2.381594,0.63348675,0.09593018,Patch,120.166954,271.72714,255.53212,195.26054,173.84383,195.26054,Patch,1,-75.09359,53.676872,155.55304
557,2024-08-22 12:00:00+00:00,-0.009835992,0.24123526,2.9416027,0.7481009,0.9581751,0.27197883,0.3073582,0.20153455,0.46103725,0.09674313,0.2706308,0.63262606,0.8693411,2.3853385,0.63262606,0.09674313,Patch,137.38696,267.41806,308.06573,209.77132,178.85164,209.77132,Patch,1,-72.38435,41.464676,138.33304
558,2024-08-22 13:00:00+00:00,-0.009978452,0.23948686,2.9484384,0.7487584,0.9588744,0.26242393,0.29471707,0.19182877,0.4420756,0.097291134,0.27079272,0.6319161,0.8705056,2.3881178,0.6319161,0.097291134,Patch,150.88855,257.85056,339.19873,130.73227,195.66309,130.73227,Patch,1,20.15628,44.774536,124.83145
559,2024-08-22 14:00:00+00:00,-0.0100178765,0.23721616,2.9604776,0.74899423,0.95925456,0.21499795,0.24415915,0.15880856,0.36623868,0.09986113,0.27148548,0.6286534,0.87585825,2.400935,0.6286534,0.09986113,Patch,146.33038,269.3537,323.0881,70.03892,211.6548,70.03892,Patch,1,76.291466,65.32442,129.38962
560,2024-08-22 15:00:00+00:00,-0.009949763,0.23584528,2.9691942,0.74859464,0.96004415,0.21850647,0.2239893,0.14661098,0.33598393,0.1003639,0.27167246,0.6279636,0.8769386,2.4035301,0.6279636,0.1003639,Patch,157.2046,293.11426,297.95682,84.52801,219.40497,84.52801,Patch,1,72.6766,62.200363,118.515396
561,2024-08-22 16:00:00+00:00,-0.00980172,0.23423691,2.9837527,0.7476413,0.9604491,0.15072827,0.23642378,0.15067479,0.35463566,0.10147667,0.2719171,0.6266062,0.87917626,2.4089143,0.6266062,0.10147667,Patch,166.95033,286.7896,262.76025,119.41561,211.77515,119.41561,Patch,1,47.53472,44.824814,108.76967
562,2024-08-22 17:00:00+00:00,-0.009566829,0.23300967,2.9849532,0.74631447,0.9617841,0.12666486,0.28571406,0.18006591,0.42857108,0.10046689,0.2715836,0.62794954,0.8770529,2.4038053,0.62794954,0.10046689,Patch,168.0089,275.74448,262.70505,153.90851,206.88312,153.90851,Patch,1,14.100388,38.87422,107.711105
563,2024-08-22 18:00:00+00:00,-0.0092624165,0.23244007,2.9793155,0.74588627,0.9645102,0.07101269,0.3100563,0.1946315,0.4650844,0.10110067,0.27163905,0.62726027,0.87825847,2.4067047,0.62726027,0.10110067,Patch,174.0707,277.9878,268.34045,167.3875,206.326,167.3875,Patch,1,6.683197,32.25531,101.64931
564,2024-08-22 19:00:00+00:00,-0.008893538,0.23220356,2.9711413,0.74659747,0.96954703,0.06687906,0.30080506,0.19166085,0.45120758,0.10157803,0.2717083,0.6267137,0.87918633,2.408939,0.6267137,0.10157803,Patch,179.95134,279.67114,260.33075,181.25061,209.756,181.25061,Patch,1,-1.2992706,29.804657,95.76866
565,2024-08-22 20:00:00+00:00,-0.008450618,0.2326219,3.2470787,0.7489934,0.9727134,0.06993589,0.2526926,0.16360602,0.3790389,0.10077694,0.27222604,0.626997,0.8781576,2.4064622,0.626997,0.10077694,Patch,153.97975,269.37393,261.27048,128.49251,193.26054,128.49251,Patch,1,25.487244,39.280792,121.74025
566,2024-08-22 21:00:00+00:00,-0.007939102,0.23279275,3.5070844,0.75171465,0.9742437,0.069040336,0.25383997,0.16369884,0.38075995,0.09869773,0.27217093,0.62913144,0.87428546,2.3971617,0.62913144,0.09869773,Patch,149.70348,260.31088,295.1773,94.90504,203.23778,94.90504,Patch,1,54.79844,53.5343,126.016525
567,2024-08-22 22:00:00+00:00,-0.0074228668,0.23078956,3.4591355,0.75370276,0.97420406,0.084190905,0.23596625,0.1518518,0.3539494,0.09946566,0.27237964,0.6281547,0.87587905,2.4009848,0.6281547,0.09946566,Patch,162.98848,281.0425,271.0018,110.45941,211.60046,110.45941,Patch,1,52.529068,48.611984,112.73152
568,2024-08-22 23:00:00+00:00,-0.006994885,0.23036435,3.4062958,0.75400084,0.973274,0.08988329,0.24303691,0.15448505,0.36455536,0.09955563,0.27230728,0.62813705,0.8759844,2.4012377,0.62813705,0.09955563,Patch,146.46132,301.74695,248.72997,115.47229,208.23181,115.47229,Patch,1,30.989029,61.770493,129.25868
569,2024-08-23 00:00:00+00:00,-0.006626368,0.22811763,3.381346,0.75348985,0.9721144,0.11268463,0.2719428,0.17463163,0.40791413,0.09857937,0.27202722,0.62939346,0.8739457,2.3963475,0.62939346,0.09857937,Patch,120.97573,306.00674,245.8969,121.734344,194.73207,121.734344,Patch,1,-0.7586136,73.75634,154.74426
570,2024-08-23 01:00:00+00:00,-0.006407916,0.22529061,3.3734405,0.75233,0.9717186,0.10101789,0.30353323,0.1952592,0.45529982,0.09769204,0.2716373,0.6306706,0.8719681,2.391613,0.6306706,0.09769204,Patch,119.005104,281.06854,285.27347,105.53424,188.90031,105.53424,Patch,1,13.470863,69.89521,156.7149
571,2024-08-23 02:00:00+00:00,-0.0064138393,0.22571935,3.3741572,0.752444,0.9715614,0.099091835,0.31426948,0.20090485,0.47140417,0.09736747,0.27152258,0.63111,0.8712654,2.389933,0.63111,0.09736747,Patch,103.80459,255.86668,271.92154,122.89152,155.90271,122.89152,Patch,1,-19.08693,52.09812,171.9154
572,2024-08-23 03:00:00+00:00,-0.006602502,0.22527945,3.3819807,0.75413173,0.9699599,0.09136509,0.3058959,0.19869173,0.4588438,0.09762816,0.27156356,0.63080823,0.8717868,2.3911796,0.63080823,0.09762816,Patch,125.982765,251.70549,248.69075,196.73744,145.37349,196.73744,Patch,1,-70.75468,19.390724,149.73724
573,2024-08-23 04:00:00+00:00,-0.0069510518,0.22543004,3.384456,0.75715363,0.96790123,0.08438772,0.26628852,0.17023277,0.39943275,0.098871216,0.27194363,0.62918514,0.87441623,2.3974752,0.62918514,0.098871216,Patch,144.84789,257.22113,215.99591,207.60126,160.05278,207.60126,Patch,1,-62.753372,15.204895,130.87212
574,2024-08-23 05:00:00+00:00,-0.007403636,0.22571194,3.3702931,0.75978744,0.96371263,0.096136,0.2328957,0.14973712,0.34934354,0.09992544,0.2723139,0.6277607,0.87667024,2.4028854,0.6277607,0.09992544,Patch,135.53442,263.56525,194.54207,185.36662,159.54652,185.36662,Patch,1,-49.8322,24.0121,140.18558
575,2024-08-23 06:00:00+00:00,-0.0079153245,0.22585903,3.4813805,0.7621248,0.9596527,0.10587773,0.20879106,0.13592038,0.3131866,0.099732384,0.2725721,0.6276955,0.8765308,2.4025505,0.6276955,0.099732384,Patch,140.51414,261.0105,193.09344,148.34593,173.65971,148.34593,Patch,1,-7.831787,33.14557,135.20586
576,2024-08-23 07:00:00+00:00,-0.00844529,0.22580841,3.4991877,0.76427484,0.956188,0.104305565,0.20929639,0.13277093,0.31394458,0.099526405,0.27253473,0.62793887,0.87612045,2.4015646,0.62793887,0.099526405,Patch,161.65518,258.09012,216.52783,165.46407,187.66924,165.46407,Patch,1,-3.8088837,26.014053,114.06482
577,2024-08-23 08:00:00+00:00,-0.008982864,0.22554271,3.4845378,0.7660655,0.9552184,0.10589268,0.19431286,0.12286991,0.29146928,0.10010694,0.27269953,0.62719357,0.8773252,2.4044595,0.62719357,0.10010694,Patch,175.53442,251.59383,248.7074,172.29277,205.0461,172.29277,Patch,1,3.2416534,29.511673,100.18558
578,2024-08-23 09:00:00+00:00,-0.009442023,0.22503008,3.462766,0.7665723,0.95640916,0.10899577,0.18215215,0.11660117,0.27322823,0.1006867,0.2728548,0.62645847,0.87851626,2.4073253,0.62645847,0.1006867,Patch,187.44112,281.09058,285.65836,168.92635,224.2904,168.92635,Patch,1,18.51477,36.84929,88.278885
579,2024-08-23 10:00:00+00:00,-0.009763275,0.22576264,3.4480965,0.7657175,0.961385,0.1363213,0.18983272,0.12199285,0.28474906,0.10041192,0.27288145,0.62670666,0.87803566,2.4061685,0.62670666,0.10041192,Patch,220.89699,329.80704,331.04578,196.31761,267.5258,196.31761,Patch,1,24.579376,46.6288,54.823013
580,2024-08-23 11:00:00+00:00,-0.009986345,0.22518693,3.4417558,0.76521534,0.96659195,0.13485731,0.19027993,0.12446666,0.28541988,0.10055486,0.27290273,0.62654245,0.878315,2.4068408,0.62654245,0.10055486,Patch,257.2758,375.0917,370.60892,223.8271,305.70862,223.8271,Patch,1,33.448685,48.43283,18.444214
581,2024-08-23 12:00:00+00:00,-0.0101133855,0.22459835,3.4411495,0.765466,0.97026515,0.1263275,0.20599715,0.13250609,0.30899572,0.10014694,0.27271563,0.6271374,0.87741196,2.4046683,0.6271374,0.10014694,Patch,276.17728,396.2661,384.6539,229.63869,322.96732,229.63869,Patch,1,46.53859,46.79004,-0.4572754
582,2024-08-23 13:00:00+00:00,-0.01015289,0.22371194,3.441235,0.76586,0.972907,0.09567057,0.1905056,0.1217674,0.28575838,0.100952625,0.27282244,0.6262249,0.87897515,2.4084303,0.6262249,0.100952625,Patch,291.57193,406.80728,384.21652,257.36337,338.37106,257.36337,Patch,1,34.208557,46.799133,-15.851929
583,2024-08-23 14:00:00+00:00,-0.010093706,0.22297075,3.4389353,0.76556134,0.9731182,0.085505955,0.19115043,0.12177116,0.28672564,0.10102472,0.27278614,0.6261891,0.87907654,2.4086745,0.6261891,0.10102472,Patch,314.73947,429.49707,393.34286,277.2945,360.50064,277.2945,Patch,1,37.444977,45.76117,-39.01947
584,2024-08-23 15:00:00+00:00,-0.009954042,0.22196102,3.4360163,0.7636451,0.9726995,0.08738316,0.20698616,0.13233247,0.31047922,0.10047155,0.27260527,0.62692314,0.877915,2.4058783,0.62692314,0.10047155,Patch,328.04077,464.24228,414.14172,279.77487,381.83157,279.77487,Patch,1,48.2659,53.790802,-52.32077
585,2024-08-23 16:00:00+00:00,-0.00971758,0.221711,3.419531,0.7599138,0.9724153,0.09261602,0.24538684,0.15733342,0.36808032,0.099270865,0.2721984,0.6285308,0.8753682,2.3997588,0.6285308,0.099270865,Patch,335.76242,469.97546,386.73856,304.11478,380.32724,304.11478,Patch,1,31.647644,44.56482,-60.04242
586,2024-08-23 17:00:00+00:00,-0.009382951,0.22224446,3.3839192,0.75472486,0.97235465,0.09135794,0.29740143,0.19011216,0.44610214,0.09788024,0.27166265,0.63045716,0.87234014,2.392503,0.63045716,0.09788024,Patch,333.2091,456.56094,382.74155,322.84305,369.14255,322.84305,Patch,1,10.366058,35.93344,-57.489105
587,2024-08-23 18:00:00+00:00,-0.008963241,0.22291027,3.3202095,0.74616504,0.9733885,0.09701878,0.31498158,0.20169589,0.47247237,0.09776032,0.27155736,0.6306823,0.87202805,2.3917565,0.6306823,0.09776032,Patch,344.808,442.87668,401.1971,338.80783,367.19662,338.80783,Patch,1,6.000183,22.38861,-69.08801
588,2024-08-23 19:00:00+00:00,-0.008450568,0.22389305,3.4023018,0.73472774,0.9724208,0.106711514,0.29025707,0.18926284,0.43538556,0.097806394,0.27189758,0.63029605,0.8724003,2.392647,0.63029605,0.097806394,Patch,357.16745,429.26413,414.4226,356.50143,367.68332,356.50143,Patch,1,0.6660156,10.515869,-81.44745
589,2024-08-23 20:00:00+00:00,-0.007850615,0.22475523,3.6350143,0.7222002,0.96868145,0.11569986,0.2812128,0.1789463,0.42181918,0.09620052,0.27190346,0.6318961,0.8693979,2.3854742,0.6318961,0.09620052,Patch,350.193,411.78064,460.44388,309.30386,373.24866,309.30386,Patch,1,40.88913,23.055664,-74.47299
590,2024-08-23 21:00:00+00:00,-0.0071945395,0.22498469,3.7095253,0.7119473,0.9624752,0.148974,0.27480972,0.17452882,0.41221452,0.09519269,0.2718019,0.63300544,0.8674089,2.3807342,0.63300544,0.09519269,Patch,364.0846,411.79074,484.8451,308.33786,394.38748,308.33786,Patch,1,55.746735,30.302887,-88.36459
591,2024-08-23 22:00:00+00:00,-0.006571863,0.22464694,3.58668,0.7042666,0.96059614,0.21053378,0.23487234,0.15076624,0.3523085,0.096928164,0.27262422,0.63044757,0.87136996,2.3901832,0.63044757,0.096928164,Patch,365.39185,447.9193,405.54507,353.1963,389.2747,353.1963,Patch,1,12.195557,23.882843,-89.671844
592,2024-08-23 23:00:00+00:00,-0.006068536,0.22579414,3.5213864,0.69954497,0.9633587,0.1890977,0.22422104,0.14471014,0.33633155,0.097954884,0.27280712,0.629238,0.8734391,2.395134,0.629238,0.097954884,Patch,333.2988,471.62512,321.3938,320.9111,366.07996,320.9111,Patch,1,12.387695,32.78116,-57.578796
593,2024-08-24 00:00:00+00:00,-0.00566088,0.22634438,3.4914088,0.69678915,0.96682364,0.19053744,0.24042794,0.15486608,0.3606419,0.0977118,0.272704,0.62958425,0.87290037,2.393844,0.62958425,0.0977118,Patch,291.68954,475.27896,318.09604,257.73273,343.59033,257.73273,Patch,1,33.956818,51.900787,-15.969543
594,2024-08-24 01:00:00+00:00,-0.0053865914,0.2259221,3.481216,0.6957124,0.9689172,0.17384239,0.27338532,0.17767748,0.41007793,0.09694841,0.27234495,0.63070667,0.8711735,2.3897135,0.63070667,0.09694841,Patch,290.27432,454.3351,399.9147,228.43483,355.30856,228.43483,Patch,1,61.839493,65.03424,-14.554321
595,2024-08-24 02:00:00+00:00,-0.0053102165,0.22650397,3.4831944,0.6961265,0.9697402,0.13281447,0.2760027,0.17787962,0.41400403,0.09721458,0.27224207,0.63054335,0.8715852,2.3906977,0.63054335,0.09721458,Patch,282.23032,413.52173,424.70395,217.63997,344.71506,217.63997,Patch,1,64.59035,62.48474,-6.510315
596,2024-08-24 03:00:00+00:00,-0.0054177847,0.22709937,3.4903195,0.6978092,0.9697449,0.12594326,0.26496702,0.17257528,0.39745054,0.097588524,0.2723356,0.6300759,0.872362,2.3925555,0.6300759,0.097588524,Patch,287.11084,403.6852,414.68506,242.94653,333.4735,242.94653,Patch,1,44.164307,46.36267,-11.390839
597,2024-08-24 04:00:00+00:00,-0.005686111,0.22812362,3.4930239,0.6999329,0.96812445,0.1349178,0.2560684,0.16430506,0.38410258,0.09774662,0.27243593,0.6298175,0.87274075,2.393462,0.6298175,0.09774662,Patch,297.49997,414.1018,368.2986,285.0582,330.7288,285.0582,Patch,1,12.441772,33.22882,-21.779968
598,2024-08-24 05:00:00+00:00,-0.00605791,0.2283097,3.479378,0.70224756,0.9664522,0.1512911,0.24167041,0.15490487,0.3625056,0.09814804,0.27262077,0.6292312,0.8736423,2.3956206,0.6292312,0.09814804,Patch,281.4816,434.27786,310.1779,280.12598,321.77747,280.12598,Patch,1,1.3556213,40.295868,-5.7615967
599,2024-08-24 06:00:00+00:00,-0.006503563,0.22836563,3.4621704,0.70433384,0.96551895,0.17550968,0.20963113,0.13549423,0.31444672,0.099106885,0.2730292,0.62786394,0.8757591,2.400697,0.62786394,0.099106885,Patch,278.86478,439.0043,280.8633,265.86597,318.94138,265.86597,Patch,1,12.99881,40.0766,-3.1447754
600,2024-08-24 07:00:00+00:00,-0.006993184,0.2284132,3.5496624,0.70552284,0.96553576,0.18685031,0.19599444,0.12674402,0.29399168,0.098764926,0.27310154,0.6281335,0.8751874,2.399325,0.6281335,0.098764926,Patch,273.30963,424.33572,278.429,265.3767,310.41824,265.3767,Patch,1,7.9329224,37.108612,2.4103699
601,2024-08-24 08:00:00+00:00,-0.0074980906,0.22841145,3.5574694,0.70567524,0.9671802,0.20627002,0.1544688,0.10192963,0.2317032,0.09978368,0.27352998,0.62668633,0.87742174,2.4046917,0.62668633,0.09978368,Patch,274.02527,392.74954,302.02762,254.41893,307.70377,254.41893,Patch,1,19.606339,33.678497,1.6947327
602,2024-08-24 09:00:00+00:00,-0.007982228,0.22828981,3.5011747,0.7036665,0.9708337,0.22486156,0.15848607,0.101549685,0.23772912,0.09951965,0.27336064,0.6271197,0.87679565,2.4031868,0.6271197,0.09951965,Patch,280.7284,357.7291,337.0795,249.2898,306.90915,249.2898,Patch,1,31.438599,26.180756,-5.0083923
603,2024-08-24 10:00:00+00:00,-0.008414873,0.22823453,3.4374957,0.69931316,0.9760803,0.26270646,0.18552727,0.120835885,0.2782909,0.098175816,0.27283874,0.62898546,0.8738762,2.3961809,0.62898546,0.098175816,Patch,315.69504,356.00598,375.12827,299.3606,323.17996,299.3606,Patch,1,16.334442,7.4849243,-39.975037
604,2024-08-24 11:00:00+00:00,-0.008787427,0.22644335,3.386888,0.69505996,0.979807,0.292406,0.20240144,0.13235211,0.30360213,0.09722447,0.27246526,0.63031024,0.871791,2.3911898,0.63031024,0.09722447,Patch,323.2904,371.28687,407.79037,296.27908,335.4123,296.27908,Patch,1,27.011322,12.121887,-47.570404
605,2024-08-24 12:00:00+00:00,-0.009011587,0.22553536,3.3613176,0.6930906,0.9812823,0.3128055,0.20182595,0.12921175,0.3027389,0.09689557,0.2723502,0.63075423,0.87107897,2.3894877,0.63075423,0.09689557,Patch,302.68454,381.2606,360.7235,274.57486,327.9534,274.57486,Patch,1,28.10968,25.26886,-26.964539
606,2024-08-24 13:00:00+00:00,-0.009097727,0.22457615,3.3515935,0.69274765,0.98095673,0.32811123,0.23288135,0.14994018,0.34932205,0.0957045,0.27196243,0.63233304,0.8685125,2.383363,0.63233304,0.0957045,Patch,309.8901,396.739,321.5293,297.53305,335.87903,297.53305,Patch,1,12.357056,25.988922,-34.170105
607,2024-08-24 14:00:00+00:00,-0.009052177,0.22331941,3.3502734,0.6936251,0.97890663,0.3463179,0.30193713,0.19323668,0.45290565,0.09345591,0.27127615,0.635268,0.8636534,2.3718102,0.635268,0.09345591,Patch,319.00742,420.8397,310.99777,316.71103,339.56396,310.99777,TCN,0,8.009644,20.55655,-43.287415
608,2024-08-24 15:00:00+00:00,-0.008869455,0.22298014,3.3512502,0.69574136,0.9755652,0.3575528,0.33177313,0.21452628,0.49765962,0.09245694,0.2709665,0.6365766,0.8614685,2.3666334,0.6365766,0.09245694,Patch,302.68527,453.4808,259.24106,314.67233,332.44785,259.24106,TCN,0,43.444214,29.762573,-26.965271
609,2024-08-24 16:00:00+00:00,-0.008539482,0.22438863,3.3430734,0.6975118,0.9743406,0.36339656,0.38653308,0.24457645,0.5797996,0.09108189,0.27057573,0.6383424,0.8584688,2.359545,0.6383424,0.09108189,Patch,304.75015,472.58325,255.83679,317.35022,327.82776,255.83679,TCN,0,48.91336,23.077606,-29.030151
610,2024-08-24 17:00:00+00:00,-0.008092432,0.22459473,3.3212147,0.6977299,0.97488517,0.36763415,0.38741872,0.24645561,0.58112806,0.09103216,0.27050844,0.6384594,0.85831416,2.35918,0.6384594,0.09103216,Patch,305.12442,485.8798,321.3335,301.3536,349.1204,301.3536,Patch,1,3.770813,43.99597,-29.404419
611,2024-08-24 18:00:00+00:00,-0.0075012436,0.22580017,3.2745755,0.69679976,0.97519934,0.37868825,0.39161885,0.25120175,0.5874283,0.09083358,0.27035618,0.6388103,0.85779625,2.3579586,0.6388103,0.09083358,Patch,307.0994,495.2202,340.2135,288.3737,353.23312,288.3737,Patch,1,18.725708,46.133728,-31.379395
612,2024-08-24 19:00:00+00:00,-0.006771315,0.22734246,3.1994846,0.69479966,0.9760123,0.40913463,0.37125677,0.24004285,0.55688506,0.090891294,0.27022886,0.63887984,0.8577992,2.3579655,0.63887984,0.090891294,Patch,315.0637,505.29736,336.08755,293.07974,362.8281,293.07974,Patch,1,21.983948,47.764404,-39.34369
613,2024-08-24 20:00:00+00:00,-0.005922001,0.22828291,3.3388908,0.69056803,0.9769282,0.45876256,0.37242454,0.23663172,0.55863684,0.0895152,0.27018562,0.64029914,0.8550666,2.3515308,0.64029914,0.0895152,Patch,312.88547,514.3139,344.6228,295.93973,352.14767,295.93973,Patch,1,16.94574,39.262207,-37.165466
614,2024-08-24 21:00:00+00:00,-0.005037515,0.22813597,3.4016244,0.68405235,0.9744939,0.5120115,0.36415443,0.23018607,0.5462317,0.08800064,0.26976514,0.64223415,0.85170776,2.3436458,0.64223415,0.08800064,Patch,346.62778,534.67816,366.68045,327.35373,386.2665,327.35373,Patch,1,19.274048,39.638733,-70.907776
615,2024-08-24 22:00:00+00:00,-0.004210967,0.22710112,3.3155766,0.67824006,0.9702069,0.52702135,0.3516974,0.2246815,0.52754605,0.088303566,0.2697852,0.64191127,0.8523266,2.3450966,0.64191127,0.088303566,Patch,366.65588,588.23047,391.7434,343.35425,431.32675,343.35425,Patch,1,23.301636,64.67087,-90.93588
616,2024-08-24 23:00:00+00:00,-0.0035476938,0.22827417,3.2657301,0.6730848,0.96565294,0.45076418,0.36397108,0.23527238,0.5459566,0.08978005,0.27016065,0.6400593,0.85556567,2.3527048,0.6400593,0.08978005,Patch,332.17252,630.74133,333.7,311.62354,410.16003,311.62354,Patch,1,20.54898,77.98752,-56.452515
617,2024-08-25 00:00:00+00:00,-0.0030135259,0.2282709,3.2399902,0.6682617,0.9622268,0.38950494,0.38355362,0.24840152,0.57533044,0.09050193,0.27028808,0.63921,0.85709,2.3562942,0.63921,0.09050193,Patch,329.2286,660.21014,372.54776,293.48767,425.3965,293.48767,Patch,1,35.740936,96.16791,-53.508606
618,2024-08-25 01:00:00+00:00,-0.0026591066,0.22806302,3.2292075,0.66524297,0.96017087,0.35221747,0.37062818,0.24248502,0.55594224,0.09152586,0.27053028,0.63794386,0.859293,2.3614905,0.63794386,0.09152586,Patch,386.34644,660.11914,457.12808,338.13223,476.68918,338.13223,Patch,1,48.214203,90.34274,-110.626434
619,2024-08-25 02:00:00+00:00,-0.0025334714,0.22917953,3.2297661,0.66436625,0.958476,0.3249808,0.37283024,0.23705918,0.55924535,0.09201767,0.27069792,0.6372844,0.86039007,2.3640828,0.6372844,0.09201767,Patch,422.2242,660.9875,506.4546,364.25452,492.70175,364.25452,Patch,1,57.969696,70.47754,-146.50421
620,2024-08-25 03:00:00+00:00,-0.0026155051,0.22978036,3.237907,0.66527677,0.95685375,0.3126168,0.3840172,0.24556324,0.5760258,0.09198079,0.2706921,0.6373271,0.86031365,2.363902,0.6373271,0.09198079,Patch,421.65396,670.94904,499.54956,365.81665,496.7335,365.81665,Patch,1,55.83731,75.07953,-145.93396
621,2024-08-25 04:00:00+00:00,-0.0028848373,0.23068783,3.247195,0.6677132,0.955032,0.2937667,0.46688288,0.30163318,0.70032424,0.09049698,0.2703065,0.6391965,0.8570962,2.3563087,0.6391965,0.09049698,Patch,405.6277,686.82855,466.5585,366.517,473.16635,366.517,Patch,1,39.110687,67.538666,-129.90768
622,2024-08-25 05:00:00+00:00,-0.0032879994,0.23125885,3.2542374,0.6712371,0.95376873,0.2822216,0.46651834,0.30118757,0.6997775,0.090740226,0.2703692,0.63889056,0.85762537,2.3575556,0.63889056,0.090740226,Patch,394.7598,695.73535,427.33212,361.46408,468.19888,361.46408,Patch,1,33.295715,73.43909,-119.039795
623,2024-08-25 06:00:00+00:00,-0.0037783366,0.23143901,3.2587128,0.675641,0.952531,0.27523828,0.43536028,0.2826398,0.65304035,0.091578506,0.27056748,0.63785404,0.8594271,2.3618073,0.63785404,0.091578506,Patch,409.02258,708.312,377.0942,390.28348,477.9359,377.0942,TCN,0,31.928375,68.91333,-133.30258
624,2024-08-25 07:00:00+00:00,-0.004324718,0.2316004,3.2542303,0.6805414,0.95176715,0.27108705,0.42282018,0.2748241,0.63423014,0.09198921,0.27063525,0.63737553,0.86028135,2.3638256,0.63737553,0.09198921,Patch,404.7837,713.57733,340.93173,393.92984,477.1078,340.93173,TCN,0,63.85196,72.3241,-129.06369
625,2024-08-25 08:00:00+00:00,-0.004891475,0.23163043,3.24126,0.6865429,0.9514145,0.2677652,0.42773065,0.27762824,0.64159596,0.092013404,0.2705685,0.63741815,0.86027086,2.363801,0.63741815,0.092013404,Patch,399.94543,708.957,337.64288,390.21524,469.2941,337.64288,TCN,0,62.30255,69.34866,-124.22543
626,2024-08-25 09:00:00+00:00,-0.0054521966,0.23156066,3.2108953,0.69318914,0.951899,0.26762185,0.36581874,0.23503715,0.54872817,0.09363859,0.27091444,0.63544697,0.8636954,2.3719096,0.63544697,0.09363859,Patch,434.57584,709.74927,428.4297,401.17813,510.8394,401.17813,Patch,1,33.397705,76.26355,-158.85583
627,2024-08-25 10:00:00+00:00,-0.0059761195,0.23131399,3.1679268,0.7003471,0.95284724,0.28771225,0.3091595,0.19399433,0.46373925,0.094902396,0.27117965,0.6339179,0.8663311,2.3781695,0.6339179,0.094902396,Patch,534.1424,742.8903,605.30817,473.1705,606.55975,473.1705,Patch,1,60.971893,72.41736,-258.4224
628,2024-08-25 11:00:00+00:00,-0.0064276815,0.23018393,3.131993,0.7073653,0.9538707,0.3452548,0.301347,0.18997532,0.45202047,0.09407836,0.2708878,0.63503385,0.8645136,2.373851,0.63503385,0.09407836,Patch,606.66705,803.0796,695.9548,540.6839,677.2007,540.6839,Patch,1,65.983154,70.53363,-330.94705
629,2024-08-25 12:00:00+00:00,-0.0067232666,0.23023836,3.1145704,0.7111105,0.9556817,0.33772865,0.3388997,0.21205339,0.5083496,0.093328394,0.27057394,0.63609767,0.86281,2.3698106,0.63609767,0.093328394,Patch,585.9499,857.1052,668.8354,517.3891,673.87164,517.3891,Patch,1,68.56079,87.92175,-310.2299
630,2024-08-25 13:00:00+00:00,-0.00685511,0.23111278,3.10982,0.7121779,0.9587325,0.3144977,0.39465365,0.25164175,0.59198046,0.09245782,0.27024215,0.63729995,0.8608502,2.3651707,0.63729995,0.09245782,Patch,537.7724,884.8108,581.74384,479.5939,636.52264,479.5939,Patch,1,58.178497,98.750244,-262.0524
631,2024-08-25 14:00:00+00:00,-0.0068298304,0.23201421,3.109859,0.710734,0.963171,0.303889,0.4749717,0.30857342,0.71245754,0.09088165,0.26980925,0.6393091,0.85741895,2.357069,0.6393091,0.09088165,Patch,484.431,893.8234,489.13724,443.03564,587.71643,443.03564,Patch,1,41.395355,103.28543,-208.711
632,2024-08-25 15:00:00+00:00,-0.006626145,0.2330223,3.1048338,0.7071224,0.9696037,0.29509482,0.5214446,0.33862528,0.7821669,0.0901613,0.26965833,0.64018035,0.85588,2.3534446,0.64018035,0.0901613,Patch,461.73227,881.4492,486.8872,408.32047,579.32324,408.32047,Patch,1,53.411804,117.59097,-186.01227
633,2024-08-25 16:00:00+00:00,-0.006211272,0.23519413,3.081826,0.70051277,0.97436374,0.2740769,0.60784614,0.38901076,0.9117691,0.08948791,0.26968357,0.64082855,0.854579,2.3503847,0.64082855,0.08948791,Patch,377.10645,843.71436,466.29886,331.16556,503.95364,331.16556,Patch,1,45.940887,126.8472,-101.386444
634,2024-08-25 17:00:00+00:00,-0.0056151664,0.23646708,3.038191,0.69309,0.97806567,0.27878368,0.5888698,0.38069698,0.8833047,0.08993008,0.26971164,0.6403583,0.8554725,2.3524857,0.6403583,0.08993008,Patch,377.47208,806.42755,456.1625,361.6223,477.29196,361.6223,Patch,1,15.849762,99.819885,-101.752075
635,2024-08-25 18:00:00+00:00,-0.0048623933,0.23759452,2.9761965,0.6855203,0.9836832,0.28615746,0.54437375,0.3551736,0.8165606,0.09092446,0.26982406,0.63925153,0.8575152,2.357296,0.63925153,0.09092446,Patch,423.71445,800.99786,466.38187,417.64795,511.19492,417.64795,Patch,1,6.066498,87.48047,-147.99445
636,2024-08-25 19:00:00+00:00,-0.003979812,0.23857222,3.0690784,0.6814422,0.9885642,0.30761698,0.53113604,0.34051737,0.796704,0.09007605,0.26980844,0.64011544,0.8558426,2.3533566,0.64011544,0.09007605,Patch,463.515,782.42816,495.1415,489.78653,528.3925,489.78653,Patch,1,-26.271515,64.8775,-187.79501
637,2024-08-25 20:00:00+00:00,-0.0029835554,0.23959103,3.2481854,0.68007195,0.9908509,0.3571423,0.5133039,0.33054256,0.7699558,0.08889041,0.26993337,0.64117616,0.8536168,2.3481243,0.64117616,0.08889041,Patch,490.92197,760.7027,502.12314,564.4179,537.55133,502.12314,TCN,0,-11.201172,46.629364,-215.20197
638,2024-08-25 21:00:00+00:00,-0.0019375777,0.23960477,3.283389,0.68103254,0.9910551,0.42441604,0.48788452,0.3178298,0.7318268,0.08804001,0.2697378,0.64222217,0.85176224,2.3437736,0.64222217,0.08804001,Patch,538.71906,730.8277,513.48315,625.1696,539.0249,513.48315,TCN,0,25.2359,0.30584717,-262.99905
639,2024-08-25 22:00:00+00:00,-0.0009625721,0.23889714,3.196057,0.68228793,0.99065804,0.47011268,0.48254865,0.30598095,0.723823,0.08745473,0.26945826,0.64308697,0.8503541,2.3404753,0.64308697,0.08745473,Patch,578.161,747.50586,577.3885,636.9305,577.436,577.3885,TCN,0,0.772522,-0.7250366,-302.441
640,2024-08-25 23:00:00+00:00,-0.00013005527,0.23954844,3.1273255,0.68182445,0.99082565,0.44684973,0.4818214,0.30230933,0.722732,0.0880492,0.26949587,0.642455,0.8515705,2.3433242,0.642455,0.0880492,Patch,645.0699,816.0977,642.1211,679.8296,637.51483,642.1211,TCN,0,2.9487915,-7.5550537,-369.34988
641,2024-08-26 00:00:00+00:00,0.0005992427,0.23853853,3.0717068,0.67950445,0.9921344,0.44420585,0.4735311,0.30192202,0.71029663,0.08847029,0.26948705,0.6420427,0.8523985,2.3452652,0.6420427,0.08847029,Patch,649.55023,884.4975,630.7242,675.88184,655.6881,630.7242,TCN,0,18.82605,6.1378784,-373.83023
642,2024-08-26 01:00:00+00:00,0.0011245946,0.23894653,3.0423517,0.67714745,0.99377394,0.44366455,0.41427597,0.26734203,0.62141395,0.08969172,0.26966262,0.6406456,0.8549619,2.3512847,0.6406456,0.08969172,Patch,661.40497,910.7886,679.5403,661.17114,686.8674,661.17114,Patch,1,0.23382568,25.462402,-385.68497
643,2024-08-26 02:00:00+00:00,0.0014074792,0.24067798,3.0357327,0.67568016,0.99447894,0.44172883,0.38626122,0.24704753,0.57939184,0.09040317,0.2698566,0.6397402,0.85652494,2.354963,0.6397402,0.09040317,Patch,620.8933,926.2557,569.3059,629.04803,674.47345,569.3059,TCN,0,51.587402,53.58014,-345.1733
644,2024-08-26 03:00:00+00:00,0.0014621977,0.24280962,3.0445437,0.6752567,0.9941446,0.44579706,0.44419456,0.28335816,0.66629183,0.089093395,0.26958477,0.64132184,0.8537158,2.3483567,0.64132184,0.089093395,Patch,574.24677,921.4222,448.06567,591.39996,643.22766,448.06567,TCN,0,126.18109,68.980896,-298.52676
645,2024-08-26 04:00:00+00:00,0.0013520643,0.24401303,3.065231,0.6755331,0.99248433,0.44874033,0.5314146,0.3379179,0.7971219,0.08755651,0.2693513,0.64309216,0.850464,2.3407326,0.64309216,0.08755651,Patch,542.09235,934.4981,400.24252,563.0368,620.3379,400.24252,TCN,0,141.84982,78.245544,-266.37234
646,2024-08-26 05:00:00+00:00,0.0011490999,0.24436422,3.0948663,0.6763792,0.9903335,0.45245373,0.57890105,0.3662804,0.8683516,0.08655863,0.26915497,0.64428645,0.84829646,2.3356645,0.64428645,0.08655863,Patch,527.4382,933.3277,366.04916,571.9615,605.463,366.04916,TCN,0,161.389,78.02484,-251.71817
647,2024-08-26 06:00:00+00:00,0.00088601623,0.24454062,3.1313388,0.6778798,0.9880114,0.46327797,0.6191479,0.39286,0.9287218,0.0854804,0.26889047,0.6456291,0.84589297,2.3300574,0.6456291,0.0854804,Patch,503.49878,945.0909,351.90933,558.7549,583.4217,351.90933,TCN,0,151.58945,79.92291,-227.77878
648,2024-08-26 07:00:00+00:00,0.0005803607,0.24458085,3.172141,0.6794291,0.9859338,0.47632304,0.6149868,0.39200938,0.9224801,0.08501787,0.26875967,0.6462225,0.8448416,2.327609,0.6462225,0.08501787,Patch,505.5028,953.5101,367.57483,552.1931,589.5254,367.57483,TCN,0,137.92798,84.02258,-229.7828
649,2024-08-26 08:00:00+00:00,0.00031849954,0.24433702,3.2163286,0.68147564,0.9840526,0.4948244,0.6798486,0.43318832,1.0197729,0.08322758,0.26820192,0.64857054,0.8406973,2.3179827,0.64857054,0.08322758,Patch,476.15268,943.342,384.44547,550.12445,566.665,384.44547,TCN,0,91.707214,90.5123,-200.43268
650,2024-08-26 09:00:00+00:00,0.00013609588,0.24341938,3.2725966,0.68350893,0.98248017,0.5380804,0.69052315,0.43662375,1.0357847,0.08163384,0.26761284,0.6507533,0.83688515,2.309163,0.6507533,0.08163384,Patch,526.0984,941.01263,399.4369,635.0732,583.60065,399.4369,TCN,0,126.6615,57.50226,-250.37839
651,2024-08-26 10:00:00+00:00,0.00013825223,0.2448102,3.333312,0.68265545,0.9806542,0.63323265,0.7779597,0.49008083,1.1669395,0.07716244,0.26797768,0.65485984,0.82778937,2.2882547,0.65485984,0.07716244,Patch,481.17712,911.7014,375.29526,630.8366,534.4842,375.29526,TCN,0,105.88187,53.307068,-205.45712
652,2024-08-26 11:00:00+00:00,0.00025112255,0.24462053,3.3904123,0.68109775,0.9803971,0.7340725,0.8451618,0.5316474,1.2677426,0.07385247,0.2677036,0.658444,0.820384,2.2713718,0.658444,0.07385247,Patch,488.04916,899.989,371.88342,685.09406,526.7949,371.88342,TCN,0,116.16574,38.745758,-212.32916
653,2024-08-26 12:00:00+00:00,0.00047947094,0.24474594,3.4297183,0.67778444,0.98238605,0.72746164,0.9690578,0.6090596,1.4535866,0.07227263,0.26735786,0.6603695,0.81659645,2.2627852,0.6603695,0.07227263,Patch,457.937,889.4299,380.88156,685.14325,497.63284,380.88156,TCN,0,77.05545,39.69583,-182.21701
654,2024-08-26 13:00:00+00:00,0.0008497293,0.24539489,3.4483922,0.6737275,0.9864595,0.68035746,1.0506704,0.6646208,1.5760057,0.072120234,0.26738077,0.66049904,0.81627977,2.2620687,0.66049904,0.072120234,Patch,440.15918,878.0329,395.46005,720.00684,459.3837,395.46005,TCN,0,44.699127,19.224518,-164.43918
655,2024-08-26 14:00:00+00:00,0.0013771373,0.24793969,3.436655,0.6683505,0.99013865,0.6469971,1.038343,0.66052574,1.5575142,0.07281669,0.26750323,0.65968007,0.8179291,2.2658026,0.65968007,0.07281669,Patch,374.0387,856.46484,410.64697,634.49274,414.77258,410.64697,TCN,0,-36.608276,40.733887,-98.318695
656,2024-08-26 15:00:00+00:00,0.0020175877,0.25023445,3.383376,0.6613172,0.98653096,0.61715424,1.0159677,0.6438699,1.5239515,0.07374452,0.2677488,0.6585067,0.82018846,2.2709277,0.6585067,0.07374452,Patch,290.24344,815.6628,439.6735,543.8517,366.335,439.6735,TCN,0,-149.43005,76.09155,-14.5234375
657,2024-08-26 16:00:00+00:00,0.002800831,0.25258422,3.2915416,0.6567946,0.9814311,0.55982834,0.93915784,0.59579223,1.4087366,0.0760482,0.26823553,0.65571624,0.82562816,2.2833147,0.65571624,0.0760482,Patch,217.63672,777.7461,480.44937,397.51004,350.8601,397.51004,Patch,1,-179.87332,133.22339,58.083282
658,2024-08-26 17:00:00+00:00,0.0036300076,0.25365454,3.397599,0.65511245,0.9718193,0.5335814,0.8569802,0.54714835,1.2854702,0.07648787,0.26786304,0.6556491,0.8262408,2.284714,0.6556491,0.07648787,Patch,247.79381,760.355,465.5399,368.76236,375.0238,368.76236,Patch,1,-120.96855,127.229996,27.926193
659,2024-08-26 18:00:00+00:00,0.0044992343,0.25408524,3.45203,0.657741,0.9665677,0.52990925,0.75919235,0.48754734,1.1387885,0.078309335,0.26708055,0.6546101,0.82943034,2.2920127,0.6546101,0.078309335,Patch,327.0241,766.9379,418.98013,423.02463,433.28842,418.98013,TCN,0,-91.956024,106.26431,-51.304108
660,2024-08-26 19:00:00+00:00,0.0053214864,0.25413442,3.397955,0.66393596,0.9598283,0.53157645,0.6124913,0.3911732,0.9187369,0.08167573,0.26763278,0.6506915,0.8369898,2.3094049,0.6506915,0.08167573,Patch,418.59338,799.9157,367.99332,508.93594,493.14993,367.99332,TCN,0,50.600067,74.55655,-142.87338
661,2024-08-26 20:00:00+00:00,0.006135746,0.25441617,3.4160256,0.6721336,0.9543729,0.5334991,0.5942437,0.38024864,0.8913655,0.081962846,0.26772743,0.65030974,0.83766913,2.310974,0.65030974,0.081962846,Patch,498.52335,819.992,404.07056,605.4321,536.545,404.07056,TCN,0,94.45279,38.021637,-222.80334
662,2024-08-26 21:00:00+00:00,0.0069180937,0.2542082,3.3978236,0.6807454,0.9515776,0.54678625,0.6838245,0.43111596,1.0257367,0.07975588,0.26675832,0.65348583,0.8321985,2.2983663,0.65348583,0.07975588,Patch,530.1378,857.95135,406.72665,669.0832,567.8309,406.72665,TCN,0,123.41116,37.693054,-254.41782
663,2024-08-26 22:00:00+00:00,0.0076160096,0.25357616,3.3064394,0.6874601,0.9495451,0.5855277,0.7144875,0.45404023,1.0717313,0.07889004,0.26703364,0.65407634,0.8306189,2.2947385,0.65407634,0.07889004,Patch,545.0156,939.5166,431.19302,661.0555,615.36426,431.19302,TCN,0,113.8226,70.34863,-269.29562
664,2024-08-26 23:00:00+00:00,0.008202216,0.2544067,3.2359693,0.69134676,0.94740313,0.6313197,0.75715184,0.48549354,1.1357278,0.077428386,0.26767644,0.6548951,0.8280883,2.2889388,0.6548951,0.077428386,Patch,575.0417,1020.05927,458.82822,702.5651,660.66327,458.82822,TCN,0,116.21347,85.62158,-299.3217
665,2024-08-27 00:00:00+00:00,0.008710842,0.25481984,3.185996,0.69375527,0.9489846,0.66018033,0.7975332,0.5045308,1.1962998,0.07667183,0.26825446,0.6550737,0.82698566,2.2864163,0.6550737,0.07667183,Patch,600.156,1101.982,535.232,751.93915,710.23883,535.232,TCN,0,64.92401,110.082825,-324.436
666,2024-08-27 01:00:00+00:00,0.009097504,0.25633463,3.1636477,0.69448733,0.95111233,0.69721013,0.76045746,0.48346323,1.140686,0.076715216,0.26814237,0.65514237,0.8269787,2.2864003,0.65514237,0.076715216,Patch,637.1903,1110.0448,566.2251,802.5809,733.4782,566.2251,TCN,0,70.96521,96.2879,-361.4703
667,2024-08-27 02:00:00+00:00,0.009313727,0.25956413,3.1671169,0.69403553,0.94909126,0.75134414,0.7298519,0.46148533,1.094778,0.07615871,0.26777846,0.65606284,0.8254571,2.2829242,0.65606284,0.07615871,Patch,662.17444,1062.931,601.89166,836.73096,740.8256,601.89166,TCN,0,60.282776,78.651184,-386.45444
668,2024-08-27 03:00:00+00:00,0.009351589,0.2634091,3.1886277,0.69280034,0.9448188,0.8039343,0.66735476,0.43450338,1.0010321,0.07612188,0.2669629,0.65691525,0.8246451,2.2810712,0.65691525,0.07612188,Patch,710.1314,1026.7103,562.1589,875.59644,725.9454,562.1589,TCN,0,147.97253,15.813965,-434.4114
669,2024-08-27 04:00:00+00:00,0.00925296,0.26492748,3.2229538,0.69108903,0.9377238,0.8184428,0.6329384,0.41465783,0.9494076,0.07610792,0.2663329,0.6575592,0.82404673,2.2797067,0.6575592,0.07610792,Patch,699.5008,1004.5938,449.5585,828.49396,702.10565,449.5585,TCN,0,249.94229,2.6048584,-423.7808
670,2024-08-27 05:00:00+00:00,0.009052025,0.2660835,3.2674487,0.6893582,0.93144035,0.77995664,0.6254439,0.401599,0.93816584,0.076694176,0.26604635,0.6572595,0.82504946,2.2819936,0.6572595,0.076694176,Patch,703.51514,984.5791,372.80136,824.9927,698.44806,372.80136,TCN,0,330.71378,-5.0670776,-427.79514
671,2024-08-27 06:00:00+00:00,0.008785093,0.26635978,3.3176894,0.68746334,0.92819864,0.73493546,0.5631687,0.35442102,0.844753,0.07831041,0.2660166,0.65567297,0.82847583,2.289826,0.65567297,0.07831041,Patch,735.5723,987.67267,426.77493,842.8283,741.9438,426.77493,TCN,0,308.7974,6.37146,-459.85233
672,2024-08-27 07:00:00+00:00,0.008462336,0.26637763,3.3752463,0.68586504,0.9249461,0.7213032,0.5728167,0.36026463,0.85922503,0.07815233,0.2660188,0.65582883,0.8281417,2.2890608,0.65582883,0.07815233,Patch,770.66034,1047.8964,502.73447,864.24713,790.3327,502.73447,TCN,0,267.92587,19.672363,-494.94034
673,2024-08-27 08:00:00+00:00,0.008162669,0.26595768,3.4430752,0.68379635,0.9258253,0.66121745,0.64472836,0.40399277,0.9670925,0.077642605,0.26586783,0.65648955,0.8269191,2.2862642,0.65648955,0.077642605,Patch,831.929,1117.2139,531.2614,951.4047,839.6066,531.2614,TCN,0,300.6676,7.6776123,-556.209
674,2024-08-27 09:00:00+00:00,0.007916922,0.26500875,3.4854755,0.6825112,0.9294624,0.61636686,0.69182223,0.43543205,1.0377333,0.07737273,0.26585546,0.65677184,0.82633126,2.2849207,0.65677184,0.07737273,Patch,932.64667,1175.56,571.9781,1086.5956,915.2041,571.9781,TCN,0,360.66858,-17.442566,-656.92664
675,2024-08-27 10:00:00+00:00,0.007832741,0.2680249,3.483072,0.68206966,0.9333458,0.48635158,0.8324684,0.5278137,1.2487025,0.07685922,0.2669867,0.6561541,0.8262517,2.2847385,0.6561541,0.07685922,Patch,887.2959,1148.6581,465.00455,1082.1002,858.31006,465.00455,TCN,0,422.29135,-28.98584,-611.5759
676,2024-08-27 11:00:00+00:00,0.0078068227,0.26819736,3.31951,0.68183047,0.94415796,0.477446,0.7672672,0.48481798,1.1509008,0.079899475,0.2674258,0.65267473,0.83309716,2.3004327,0.65267473,0.079899475,Patch,906.1716,1146.1162,559.03046,1084.5221,884.13983,559.03046,TCN,0,347.1411,-22.031738,-630.45154
677,2024-08-27 12:00:00+00:00,0.007856189,0.26921764,3.184856,0.68187547,0.9553016,0.451259,0.7959795,0.5065274,1.1939691,0.08116976,0.26851368,0.65031654,0.8367193,2.3087802,0.65031654,0.08116976,Patch,879.76825,1123.8652,559.80884,1060.6967,855.2126,559.80884,TCN,0,319.9594,-24.555664,-604.0482
678,2024-08-27 13:00:00+00:00,0.007988509,0.27057058,3.2426927,0.6826593,0.9692479,0.41133022,0.89994687,0.5708393,1.3499203,0.079570316,0.2685704,0.6518593,0.8334235,2.3011835,0.6518593,0.079570316,Patch,888.52655,1088.3827,441.43246,1109.6093,829.8535,441.43246,TCN,0,447.0941,-58.673035,-612.8065
679,2024-08-27 14:00:00+00:00,0.00821634,0.2737595,3.271205,0.6846142,0.97818387,0.33242407,0.94343174,0.5955569,1.4151477,0.0803891,0.26871228,0.6508986,0.83526635,2.3054283,0.6508986,0.0803891,Patch,809.701,1029.2058,305.59216,1042.0585,744.0596,305.59216,TCN,0,504.10883,-65.64142,-533.98096
680,2024-08-27 15:00:00+00:00,0.008496094,0.27567506,3.2651105,0.6890693,0.97205865,0.25477174,0.9254807,0.5846118,1.3882211,0.08176154,0.26846412,0.6497743,0.83790445,2.311518,0.6497743,0.08176154,Patch,782.22577,992.58936,251.09691,1016.46344,700.2578,251.09691,TCN,0,531.12885,-81.96796,-506.50577
681,2024-08-27 16:00:00+00:00,0.008844736,0.27849078,3.2186122,0.69546497,0.9600364,0.21596713,0.8853817,0.56137246,1.3280725,0.08353335,0.26827875,0.6481879,0.8413923,2.3195944,0.6481879,0.08353335,Patch,694.72675,952.5908,264.27664,919.285,613.64154,264.27664,TCN,0,430.4501,-81.085205,-419.00674
682,2024-08-27 17:00:00+00:00,0.009217527,0.28096223,3.138018,0.70241094,0.9318335,0.22532015,0.87513775,0.5604836,1.3127065,0.08371535,0.2681981,0.6480865,0.84169376,2.320294,0.6480865,0.08371535,Patch,616.8757,934.3497,344.53174,846.5495,554.8395,344.53174,TCN,0,272.34393,-62.036194,-341.15567
683,2024-08-27 18:00:00+00:00,0.00960247,0.28232497,3.2327704,0.70886403,0.8995811,0.27309301,0.79579705,0.5123422,1.1936954,0.08328986,0.267735,0.6489751,0.8404123,2.317322,0.6489751,0.08328986,Patch,601.49384,917.591,404.2982,824.22003,585.0544,404.2982,TCN,0,197.19565,-16.439453,-325.77383
684,2024-08-27 19:00:00+00:00,0.009983927,0.28269812,3.3101583,0.71359473,0.8672634,0.32279488,0.7139537,0.45816606,1.0709307,0.0825721,0.26735282,0.6500751,0.83859605,2.313117,0.6500751,0.0825721,Patch,674.0191,909.78485,460.69467,882.3328,631.55707,460.69467,TCN,0,213.32443,-42.462036,-398.2991
685,2024-08-27 20:00:00+00:00,0.0103789065,0.28285232,3.3070848,0.7188401,0.85182613,0.37479305,0.74069524,0.47476435,1.1110429,0.08062415,0.2664895,0.6528864,0.83377874,2.302001,0.6528864,0.08062415,Patch,727.06226,902.6384,486.7545,969.8477,666.4454,486.7545,TCN,0,240.30777,-60.616882,-451.34225
686,2024-08-27 21:00:00+00:00,0.010759929,0.2829067,3.2846808,0.7240432,0.8451217,0.4266646,0.85858583,0.5480534,1.2878788,0.0768791,0.26633748,0.6567834,0.8257094,2.2835002,0.6567834,0.0768791,Patch,755.9582,903.35126,483.44888,1044.2185,662.7312,483.44888,TCN,0,272.5093,-93.22699,-480.2382
687,2024-08-27 22:00:00+00:00,0.011114964,0.2829986,3.1989574,0.7284119,0.8515677,0.48513857,0.88729906,0.56992424,1.3309486,0.076313876,0.26649493,0.6571912,0.8246368,2.281052,0.6571912,0.076313876,Patch,683.9778,939.667,486.95654,966.3667,649.05914,486.95654,TCN,0,197.02124,-34.91864,-408.25778
688,2024-08-27 23:00:00+00:00,0.011428769,0.28374782,3.131956,0.73091626,0.8633076,0.5296902,0.9316355,0.5937591,1.3974532,0.07598994,0.26688218,0.6571279,0.8242879,2.2802563,0.6571279,0.07598994,Patch,641.73566,1004.866,470.85168,919.54266,649.1122,470.85168,TCN,0,170.88397,7.376526,-366.01566
689,2024-08-28 00:00:00+00:00,0.011727286,0.2847817,3.0885243,0.73259467,0.89268845,0.57524854,0.9640465,0.6125023,1.4460696,0.07612533,0.26757252,0.6563021,0.82520056,2.2823384,0.6563021,0.07612533,Patch,636.78876,1072.2369,516.6329,921.1976,669.4001,516.6329,TCN,0,120.15588,32.61133,-361.06876
690,2024-08-28 01:00:00+00:00,0.0119528035,0.28545094,3.0681596,0.73260593,0.92229426,0.5993642,0.95441025,0.60832083,1.4316154,0.076826684,0.26816294,0.6550104,0.827236,2.2869887,0.6550104,0.076826684,Patch,637.87604,1080.8195,517.21124,941.0323,669.71533,517.21124,TCN,0,120.664795,31.839294,-362.15604
691,2024-08-28 02:00:00+00:00,0.012053577,0.2889376,3.073568,0.73174196,0.92978406,0.6120823,0.89536,0.5736772,1.34304,0.07742962,0.268227,0.65434337,0.82858264,2.2900705,0.65434337,0.07742962,Patch,636.62476,1039.439,517.53217,915.72876,663.7764,517.53217,TCN,0,119.09259,27.151672,-360.90475
692,2024-08-28 03:00:00+00:00,0.012036542,0.2923997,3.0991437,0.7300748,0.9141483,0.6274905,0.84057426,0.54536676,1.2608614,0.07716463,0.2678025,0.6550329,0.8276373,2.2879066,0.6550329,0.07716463,Patch,653.3825,988.6811,484.85928,899.929,643.8376,484.85928,TCN,0,168.52322,-9.544922,-377.6625
693,2024-08-28 04:00:00+00:00,0.011932607,0.29462072,3.1373494,0.72815514,0.8926172,0.66174096,0.72404945,0.47140393,1.0860742,0.07731051,0.2668516,0.65583783,0.8270966,2.28667,0.65583783,0.07731051,Patch,637.1723,953.44904,399.93533,810.61005,610.7008,399.93533,TCN,0,237.23697,-26.471497,-361.4523
694,2024-08-28 05:00:00+00:00,0.011761887,0.29586995,3.1802375,0.72653323,0.87521833,0.69785494,0.6667437,0.43150553,1.0001156,0.07705255,0.2658467,0.6571007,0.8256378,2.2833366,0.6571007,0.07705255,Patch,597.9834,931.0004,351.4192,730.58185,603.53656,351.4192,TCN,0,246.56421,5.5531616,-322.2634
695,2024-08-28 06:00:00+00:00,0.011524313,0.29707238,3.2213273,0.7251946,0.864857,0.7259205,0.6201935,0.3911202,0.93029016,0.07707242,0.2651748,0.65775275,0.8250712,2.2820432,0.65775275,0.07707242,Patch,611.2055,910.91327,418.4541,723.6638,632.5693,418.4541,TCN,0,192.7514,21.36377,-335.4855
696,2024-08-28 07:00:00+00:00,0.0112501,0.2974102,3.1987076,0.7239288,0.85686857,0.7667675,0.61463684,0.38472113,0.9219552,0.076282084,0.2651107,0.65860724,0.8233138,2.2780364,0.65860724,0.076282084,Patch,647.46893,965.47754,487.45078,747.1922,690.95605,487.45078,TCN,0,160.01816,43.48712,-371.74893
697,2024-08-28 08:00:00+00:00,0.010965032,0.29665342,3.174212,0.7228335,0.8556415,0.79695374,0.6848525,0.42715842,1.0272787,0.074172996,0.265779,0.660048,0.81934357,2.26901,0.660048,0.074172996,Patch,728.08203,1052.9691,539.9257,867.388,756.54395,539.9257,TCN,0,188.15631,28.461914,-452.36203
698,2024-08-28 09:00:00+00:00,0.0107345795,0.29535615,3.2057784,0.7218269,0.86407787,0.86264914,0.8506162,0.53972197,1.2759244,0.07125069,0.2662954,0.6624539,0.81336224,2.2554789,0.6624539,0.07125069,Patch,785.7464,1121.4794,575.13055,1009.804,771.66144,575.13055,TCN,0,210.61584,-14.084961,-510.0264
699,2024-08-28 10:00:00+00:00,0.010625364,0.29742646,3.229791,0.7209581,0.8755347,0.78629297,0.9088664,0.57887787,1.3632997,0.07177663,0.2663143,0.66190904,0.8145499,2.2581592,0.66190904,0.07177663,Patch,740.4716,1126.1066,606.18146,973.18677,767.9797,606.18146,TCN,0,134.29016,27.508057,-464.75162
700,2024-08-28 11:00:00+00:00,0.010547508,0.29754767,3.2506561,0.7203086,0.89271986,0.83119535,0.8615526,0.5431205,1.2923287,0.07192845,0.26661128,0.66146034,0.8151571,2.2595308,0.66146034,0.07192845,Patch,751.41797,1145.3157,614.7381,963.4438,780.9388,614.7381,TCN,0,136.67987,29.520813,-475.69797
701,2024-08-28 12:00:00+00:00,0.010512557,0.29820162,3.266462,0.71997577,0.9114975,0.8313578,0.8747115,0.55363274,1.3120673,0.07208959,0.26680854,0.6611019,0.8156936,2.2607431,0.6611019,0.07208959,Patch,755.48956,1125.2354,602.67975,975.91187,766.6221,602.67975,TCN,0,152.80981,11.132507,-479.76956
702,2024-08-28 13:00:00+00:00,0.01056212,0.30071133,3.2780643,0.7194288,0.93097913,0.80675364,1.0028727,0.64094085,1.504309,0.071577966,0.2669912,0.6614308,0.8147236,2.2585514,0.6614308,0.071577966,Patch,696.67413,1080.2972,476.2539,978.3963,673.51465,476.2539,TCN,0,220.42023,-23.159485,-420.95413
703,2024-08-28 14:00:00+00:00,0.010677444,0.30350143,3.2769814,0.7197206,0.94521797,0.7108434,1.0071839,0.64407563,1.5107758,0.073230416,0.2672852,0.6594843,0.81864285,2.2674205,0.6594843,0.073230416,Patch,614.6588,1015.32715,337.4255,896.2674,577.5583,337.4255,TCN,0,277.2333,-37.100525,-338.9388
704,2024-08-28 15:00:00+00:00,0.01085599,0.3059624,3.2614782,0.72067153,0.95183873,0.6677062,1.0345839,0.65945196,1.5518758,0.07395323,0.2675579,0.6584889,0.8204732,2.2715745,0.6584889,0.07395323,Patch,538.23535,941.78516,310.21848,834.0113,510.34494,310.21848,TCN,0,228.01688,-27.890411,-262.51535
705,2024-08-28 16:00:00+00:00,0.011070689,0.3091415,3.2267141,0.72280705,0.9515131,0.5838308,0.97351617,0.6178663,1.4602742,0.076160505,0.2678215,0.65601796,0.8254995,2.2830207,0.65601796,0.076160505,Patch,417.29745,878.2405,359.4314,683.1828,462.27853,359.4314,TCN,0,57.86606,44.98108,-141.57745
706,2024-08-28 17:00:00+00:00,0.011312543,0.31062108,3.1783438,0.727081,0.9460408,0.47685435,0.9272047,0.5920314,1.3908069,0.07886293,0.26816663,0.6529704,0.83157325,2.2969296,0.6529704,0.07886293,Patch,362.94223,843.22437,429.4869,571.736,453.296,429.4869,TCN,0,-66.54468,90.35376,-87.22223
707,2024-08-28 18:00:00+00:00,0.011561007,0.31167984,3.129128,0.7327335,0.93560624,0.38726974,0.88281906,0.56912684,1.3242286,0.08141598,0.2684803,0.65010375,0.8372017,2.309894,0.65010375,0.08141598,Patch,368.74094,819.9571,481.26425,526.6702,477.48526,481.26425,TCN,0,-112.523315,108.74432,-93.020935
708,2024-08-28 19:00:00+00:00,0.011815282,0.31164482,3.1475236,0.73972446,0.92874753,0.35237265,0.8095114,0.5234901,1.2142671,0.08352926,0.26824057,0.6482302,0.8413501,2.3194964,0.6482302,0.08352926,Patch,419.83463,823.26776,453.16464,538.30914,505.83017,453.16464,TCN,0,-33.330017,85.995544,-144.11462
709,2024-08-28 20:00:00+00:00,0.012078363,0.31153363,3.094292,0.74761087,0.92714465,0.3519838,0.7988876,0.5091825,1.1983314,0.0844333,0.26844236,0.64712435,0.8433747,2.3241973,0.64712435,0.0844333,Patch,466.8329,831.67804,400.91727,608.1896,518.69586,400.91727,TCN,0,65.91562,51.862976,-191.11288
710,2024-08-28 21:00:00+00:00,0.012350363,0.31156653,3.0513766,0.7560693,0.92744887,0.33690867,0.9255146,0.5888709,1.388272,0.08263637,0.26869783,0.6486658,0.83991873,2.3161788,0.6486658,0.08263637,Patch,479.16562,861.33795,377.93237,692.2676,521.6556,377.93237,TCN,0,101.233246,42.48996,-203.44562
711,2024-08-28 22:00:00+00:00,0.012606496,0.3119656,3.018479,0.763536,0.9274078,0.35376343,0.9793236,0.62797344,1.4689853,0.08204523,0.2687258,0.64922893,0.83872294,2.3134108,0.64922893,0.08204523,Patch,429.61783,909.10077,488.6963,598.1735,532.5873,488.6963,TCN,0,-59.07846,102.96945,-153.89783
712,2024-08-28 23:00:00+00:00,0.012828126,0.31334156,2.9957185,0.76998264,0.9264695,0.37288108,0.99510187,0.6371387,1.4926529,0.08184216,0.26880482,0.64935297,0.83837235,2.3126,0.64935297,0.08184216,Patch,397.91544,945.1958,500.99228,539.09564,528.9202,500.99228,TCN,0,-103.07684,131.00479,-122.195435
713,2024-08-29 00:00:00+00:00,0.013022163,0.31355208,2.9790065,0.77451473,0.92717266,0.382416,1.0476192,0.6699986,1.571429,0.081412606,0.26901188,0.64957553,0.83766407,2.3109622,0.64957553,0.081412606,Patch,365.6777,988.1299,579.5058,530.04425,521.663,530.04425,Patch,1,-164.36655,155.98532,-89.9577
714,2024-08-29 01:00:00+00:00,0.0131299645,0.31724718,2.9747143,0.7777929,0.9270212,0.3865528,0.99267113,0.6373005,1.4890068,0.08198187,0.26883748,0.64918065,0.8386904,2.3133354,0.64918065,0.08198187,Patch,348.6528,942.28094,514.19543,580.18036,499.83072,514.19543,TCN,0,-165.54263,151.17792,-72.9328
715,2024-08-29 02:00:00+00:00,0.013142891,0.31942496,2.9789784,0.7787814,0.9267291,0.392725,0.9628048,0.6127135,1.4442072,0.08223294,0.26884282,0.64892423,0.8392142,2.3145475,0.64892423,0.08223294,Patch,340.08572,887.6387,465.6135,601.29364,481.4668,465.6135,TCN,0,-125.52777,141.38107,-64.36572
716,2024-08-29 03:00:00+00:00,0.013051974,0.3219819,2.9945116,0.7783687,0.92845887,0.407519,0.94837284,0.6068758,1.4225593,0.08206704,0.26882517,0.6491078,0.8388556,2.3137178,0.6491078,0.08206704,Patch,397.00082,827.9563,362.34946,694.86084,427.1688,362.34946,TCN,0,34.651367,30.167969,-121.28082
717,2024-08-29 04:00:00+00:00,0.012860991,0.32481915,3.0138786,0.7770613,0.9305416,0.40768123,0.8272185,0.5423187,1.2408277,0.0835265,0.2687031,0.64777035,0.84175205,2.3204288,0.64777035,0.0835265,Patch,385.4341,773.92334,283.60623,616.73926,380.743,283.60623,TCN,0,101.82788,-4.691101,-109.71411
718,2024-08-29 05:00:00+00:00,0.012609108,0.32581547,3.0380204,0.7748387,0.932737,0.40220484,0.7866454,0.50218844,1.1799681,0.08463244,0.2684961,0.64687145,0.84382725,2.3252492,0.64687145,0.08463244,Patch,366.816,724.4445,279.66336,566.4068,371.8086,279.66336,TCN,0,87.15265,4.992584,-91.09601
719,2024-08-29 06:00:00+00:00,0.012307081,0.32636362,3.0659757,0.77231663,0.93364257,0.41619888,0.71853364,0.45167443,1.0778005,0.085558996,0.26858798,0.64585304,0.8457867,2.32981,0.64585304,0.085558996,Patch,374.08374,729.2497,326.17307,515.9221,418.18625,326.17307,TCN,0,47.910675,44.10251,-98.36374
720,2024-08-29 07:00:00+00:00,0.011973624,0.32655716,3.0733268,0.76987535,0.9337234,0.4243336,0.73792404,0.4583996,1.106886,0.08504048,0.26849976,0.64645976,0.8446593,2.3271847,0.64645976,0.08504048,Patch,404.90463,800.9212,426.025,512.0657,493.0145,426.025,TCN,0,-21.120361,88.10986,-129.18463
721,2024-08-29 08:00:00+00:00,0.011636343,0.3261671,3.022026,0.76753896,0.93409294,0.4483234,0.77951264,0.48763537,1.169269,0.08406785,0.2687624,0.6471697,0.8429111,2.32312,0.6471697,0.08406785,Patch,445.4554,883.3262,403.90463,601.1663,530.15094,403.90463,TCN,0,41.55078,84.695526,-169.73541
722,2024-08-29 09:00:00+00:00,0.01135998,0.32556868,2.8463967,0.76560795,0.93443173,0.4591156,0.90689296,0.5768738,1.3603392,0.083430134,0.26936856,0.6472013,0.8421391,2.3213272,0.6472013,0.083430134,Patch,478.11276,942.5766,459.95248,704.4948,555.1539,459.95248,TCN,0,18.160278,77.04111,-202.39276
723,2024-08-29 10:00:00+00:00,0.011170872,0.32646772,2.863817,0.7640138,0.9366366,0.36369658,0.93746793,0.598445,1.4062018,0.08452526,0.2692086,0.64626616,0.8442345,2.3261964,0.64626616,0.08452526,Patch,476.40048,957.6079,478.9954,692.90546,574.9227,478.9954,TCN,0,-2.5949097,98.52225,-200.68048
724,2024-08-29 11:00:00+00:00,0.011022822,0.32670543,2.8811324,0.762771,0.93953466,0.38544765,0.9173789,0.58188367,1.3760685,0.08429946,0.26926467,0.6464359,0.84382397,2.3252416,0.6464359,0.08429946,Patch,486.62183,964.77515,472.59595,719.16766,576.57446,472.59595,TCN,0,14.025879,89.95264,-210.90182
725,2024-08-29 12:00:00+00:00,0.010921541,0.32732555,2.8930697,0.7618591,0.9374966,0.38811374,0.9182212,0.58379865,1.3773317,0.084056854,0.26922306,0.64672005,0.84329295,2.3240073,0.64672005,0.084056854,Patch,475.59668,969.82764,459.49008,716.9798,555.4488,459.49008,TCN,0,16.106598,79.85211,-199.87668
726,2024-08-29 13:00:00+00:00,0.010871281,0.3283669,2.901075,0.7617231,0.93737644,0.30086765,0.9385842,0.5934167,1.4078764,0.08525181,0.2691181,0.6456302,0.8456297,2.3294442,0.6456302,0.08525181,Patch,463.5001,954.6035,349.7604,710.1755,496.99484,349.7604,TCN,0,113.739685,33.49475,-187.78009
727,2024-08-29 14:00:00+00:00,0.010889325,0.33036283,2.9031463,0.7627944,0.93548083,0.2274406,0.99638677,0.62747985,1.49458,0.08576936,0.26904032,0.6451904,0.8466077,2.3317235,0.6451904,0.08576936,Patch,409.62088,909.6304,351.47305,685.2541,441.29428,351.47305,TCN,0,58.147827,31.6734,-133.90088
728,2024-08-29 15:00:00+00:00,0.010968599,0.3322871,2.900667,0.76511854,0.9343047,0.20383601,1.0461597,0.6635848,1.5692395,0.08519773,0.26866472,0.6461376,0.84512293,2.328264,0.6461376,0.08519773,Patch,337.62448,863.22235,443.45874,650.5512,397.09067,443.45874,TCN,0,-105.83426,59.466187,-61.90448
729,2024-08-29 16:00:00+00:00,0.011101284,0.33432573,2.893202,0.76956105,0.9363434,0.21253018,0.9773352,0.6221985,1.4660028,0.08643829,0.2688347,0.64472705,0.84777486,2.3344467,0.64472705,0.08643829,Patch,254.63326,805.79126,466.56287,518.5007,362.10254,466.56287,TCN,0,-211.92961,107.469284,21.086746
730,2024-08-29 17:00:00+00:00,0.011276273,0.33553094,2.885065,0.77551425,0.9406943,0.26322034,0.86438656,0.5432722,1.2965797,0.08744615,0.268919,0.64363486,0.8498671,2.3393357,0.64363486,0.08744615,Patch,200.42834,746.9964,433.78726,380.4904,357.6583,380.4904,Patch,1,-180.06204,157.22995,75.29166
731,2024-08-29 18:00:00+00:00,0.011477224,0.33618867,2.8775332,0.78288776,0.9518208,0.3192287,0.80711377,0.5076313,1.2106707,0.08783566,0.26908436,0.64307994,0.85078776,2.3414905,0.64307994,0.08783566,Patch,174.52338,709.9201,508.09262,234.41493,347.36157,234.41493,Patch,1,-59.891556,172.8382,101.196625
732,2024-08-29 19:00:00+00:00,0.011691293,0.3359955,2.8784728,0.79064494,0.96281296,0.3140384,0.7491002,0.4712361,1.1236503,0.08934683,0.26936844,0.6412847,0.8540281,2.34909,0.6412847,0.08934683,Patch,208.02765,673.9359,450.67618,252.27257,342.64542,252.27257,Patch,1,-44.24492,134.61777,67.69235
733,2024-08-29 20:00:00+00:00,0.011917071,0.33579516,2.8898172,0.7979481,0.96706814,0.25312147,0.8108153,0.50884783,1.2162228,0.089177616,0.26927114,0.6415513,0.8536099,2.3481078,0.6415513,0.089177616,Patch,228.91022,695.0393,378.79953,347.26538,334.30374,347.26538,Patch,1,-118.35516,105.393524,46.809784
734,2024-08-29 21:00:00+00:00,0.01214213,0.33676723,2.9217443,0.80516857,0.9584504,0.21944194,0.9133363,0.57070154,1.3700044,0.08776236,0.26882377,0.64341384,0.8504145,2.340617,0.64341384,0.08776236,Patch,248.97154,746.2749,342.1997,442.7294,343.91394,342.1997,TCN,0,-93.228165,94.9424,26.748459
735,2024-08-29 22:00:00+00:00,0.0123377405,0.3377817,2.9594784,0.8114623,0.94349027,0.20607042,0.93422115,0.5838171,1.4013317,0.08664114,0.26830056,0.64505833,0.8477144,2.3343055,0.64505833,0.08664114,Patch,217.23228,788.8986,368.85434,405.712,352.73438,368.85434,TCN,0,-151.62206,135.50209,58.487717
736,2024-08-29 23:00:00+00:00,0.012479127,0.33865952,2.993635,0.8162508,0.9335297,0.19098032,0.9406589,0.5894901,1.4109883,0.08582961,0.2677507,0.64641964,0.8455971,2.3293684,0.64641964,0.08582961,Patch,168.87294,831.76025,364.00464,372.82837,336.4094,364.00464,TCN,0,-195.1317,167.53645,106.84706
737,2024-08-30 00:00:00+00:00,0.012577883,0.33852422,3.0163968,0.8197442,0.92286205,0.21542783,0.94361174,0.5927877,1.4154176,0.08499718,0.267759,0.64724374,0.84391904,2.3254628,0.64724374,0.08499718,Patch,134.60753,840.5197,443.54965,335.9457,325.69492,335.9457,Patch,1,-201.33818,191.08739,141.11247
738,2024-08-30 01:00:00+00:00,0.012580367,0.3392215,3.024822,0.82109475,0.9144295,0.18327165,0.9366658,0.5981667,1.4049988,0.084928855,0.2671585,0.6479126,0.8432493,2.3239057,0.6479126,0.084928855,Patch,134.2639,783.6171,465.45325,389.84824,311.88528,389.84824,Patch,1,-255.58434,177.62138,141.4561
739,2024-08-30 02:00:00+00:00,0.012463287,0.34064323,3.0162423,0.8209707,0.9135884,0.18143247,0.9035279,0.57664466,1.3552921,0.0855317,0.26748016,0.64698815,0.84475625,2.3274105,0.64698815,0.0855317,Patch,150.72864,680.8024,434.71127,431.8326,271.63406,431.8326,Patch,1,-281.10397,120.905426,124.99136
740,2024-08-30 03:00:00+00:00,0.012235194,0.3424091,2.9962316,0.8195943,0.91682667,0.18200307,0.81659114,0.5230193,1.2248865,0.08788183,0.26834133,0.64377683,0.8502309,2.340187,0.64377683,0.08788183,Patch,209.37001,603.57605,305.90536,452.92398,234.94664,305.90536,TCN,0,-96.535355,25.57663,66.34999
741,2024-08-30 04:00:00+00:00,0.011912934,0.34371775,2.9683547,0.8171615,0.92100614,0.18615699,0.78352594,0.5036945,1.1752889,0.0891235,0.26876977,0.6421067,0.85306716,2.346834,0.6421067,0.0891235,Patch,191.80879,551.69165,335.6985,398.33447,202.39032,335.6985,TCN,0,-143.8897,10.581528,83.91121
742,2024-08-30 05:00:00+00:00,0.01152125,0.34435016,2.9610453,0.8141814,0.9244828,0.19541283,0.74683374,0.47039422,1.1202506,0.0901197,0.26919052,0.6406898,0.85539335,2.3522995,0.6406898,0.0901197,Patch,180.21608,518.8016,366.37265,341.62317,183.44682,341.62317,Patch,1,-161.40709,3.2307434,95.50392
743,2024-08-30 06:00:00+00:00,0.011082006,0.34468517,3.0708015,0.8109073,0.9274509,0.19541721,0.6453724,0.40638086,0.96805847,0.09100689,0.2695013,0.63949174,0.85739744,2.3570185,0.63949174,0.09100689,Patch,196.6651,505.08627,328.27322,271.19965,229.08923,271.19965,Patch,1,-74.534546,32.424133,79.0549
744,2024-08-30 07:00:00+00:00,0.010613143,0.34482995,3.135065,0.8072111,0.9302245,0.19460875,0.5980158,0.3760457,0.8970237,0.0912236,0.26955324,0.63922316,0.85786444,2.3581195,0.63922316,0.0912236,Patch,232.21223,537.55597,278.00964,296.6107,279.55298,278.00964,TCN,0,-45.79741,47.340744,43.507767
745,2024-08-30 08:00:00+00:00,0.010144299,0.34447914,3.1128576,0.80317366,0.9324013,0.20539741,0.6094363,0.3799388,0.9141544,0.091123454,0.2696213,0.6392552,0.8577281,2.3577979,0.6392552,0.091123454,Patch,261.30103,589.8258,245.91138,345.7561,318.67368,245.91138,TCN,0,15.389648,57.37265,14.418976
746,2024-08-30 09:00:00+00:00,0.009715767,0.34372607,3.0928757,0.7981577,0.93405235,0.17173214,0.573033,0.36246926,0.8595494,0.09249735,0.2698164,0.63768625,0.8605607,2.3644862,0.63768625,0.09249735,Patch,299.0945,648.19336,216.77943,382.54184,354.9944,216.77943,TCN,0,82.31508,55.89987,-23.374512
747,2024-08-30 10:00:00+00:00,0.009370339,0.34443262,3.0715642,0.7929965,0.93409806,0.15103033,0.6169879,0.39087415,0.9254818,0.09194836,0.26961643,0.63843524,0.8593267,2.3615701,0.63843524,0.09194836,Patch,299.58963,676.5976,276.30347,347.13272,378.8549,276.30347,TCN,0,23.286163,79.26526,-23.869629
748,2024-08-30 11:00:00+00:00,0.00907416,0.34465536,3.057083,0.78821146,0.9330658,0.1564042,0.5520168,0.35523972,0.8280252,0.0934278,0.2699805,0.63659173,0.86249256,2.3690584,0.63659173,0.0934278,Patch,297.64233,700.72687,287.41867,307.30957,388.05176,287.41867,TCN,0,10.223663,90.409424,-21.922333
749,2024-08-30 12:00:00+00:00,0.008839629,0.34535584,3.0469406,0.7845151,0.9315513,0.15947177,0.5807269,0.38008106,0.8710903,0.092851005,0.26986045,0.6372885,0.8612807,2.366189,0.6372885,0.092851005,Patch,257.72165,729.73755,318.33664,240.52892,371.5132,240.52892,Patch,1,17.192734,113.791565,17.998352
750,2024-08-30 13:00:00+00:00,0.008668383,0.34610486,3.0388823,0.7818057,0.9295007,0.15471691,0.6399944,0.41322875,0.95999163,0.091836706,0.26969808,0.63846517,0.8591807,2.3612254,0.63846517,0.091836706,Patch,212.40184,745.5562,258.27298,235.11841,336.27548,235.11841,Patch,1,-22.716568,123.87364,63.31816
751,2024-08-30 14:00:00+00:00,0.008560797,0.3469367,3.0373914,0.7802186,0.92767894,0.14182751,0.6769719,0.43219346,1.0154579,0.09107498,0.26944274,0.6394823,0.85747945,2.3572118,0.6394823,0.09107498,Patch,192.6156,738.5739,207.54071,264.08807,320.00665,207.54071,TCN,0,-14.92511,127.39105,83.1044
752,2024-08-30 15:00:00+00:00,0.008510183,0.34766936,3.0475533,0.78014535,0.928675,0.16468197,0.69328725,0.44186103,1.0399308,0.090507254,0.26943794,0.64005476,0.8563668,2.3545904,0.64005476,0.090507254,Patch,174.4777,734.97906,215.72491,287.7887,306.87637,215.72491,TCN,0,-41.247208,132.39867,101.242294
753,2024-08-30 16:00:00+00:00,0.0085251555,0.34831342,3.077536,0.782037,0.93433225,0.20609282,0.6681804,0.42885292,1.0022706,0.09039657,0.26959035,0.64001304,0.8562821,2.354391,0.64001304,0.09039657,Patch,139.82979,705.11237,265.2015,218.0802,294.13284,218.0802,Patch,1,-78.25041,154.30305,135.89021
754,2024-08-30 17:00:00+00:00,0.008599187,0.3485602,3.1268184,0.78546554,0.94306636,0.26255363,0.63353556,0.40338692,0.9503033,0.089869626,0.2696168,0.64051354,0.8552718,2.3520136,0.64051354,0.089869626,Patch,112.11102,663.5452,246.6051,175.35783,266.78644,175.35783,Patch,1,-63.24681,154.67542,163.60898
755,2024-08-30 18:00:00+00:00,0.008712243,0.34809273,3.2024448,0.7901689,0.9571686,0.32951963,0.5841343,0.37385035,0.8762014,0.08935308,0.2696077,0.64103925,0.8542478,2.3496063,0.64103925,0.08935308,Patch,120.96664,626.3267,262.27768,132.46071,272.0447,132.46071,Patch,1,-11.494072,151.07806,154.75336
756,2024-08-30 19:00:00+00:00,0.00887182,0.34771547,3.273744,0.79506737,0.97062224,0.31367767,0.55976045,0.35979757,0.8396406,0.08977649,0.26972532,0.6404982,0.85518277,2.3518043,0.6404982,0.08977649,Patch,153.98128,592.83765,247.75038,137.41205,279.59293,137.41205,Patch,1,16.56923,125.61165,121.73872
757,2024-08-30 20:00:00+00:00,0.00907127,0.34755805,3.3353796,0.7994893,0.9789421,0.23698203,0.59503096,0.37743634,0.8925464,0.09010747,0.26980153,0.640091,0.85589826,2.3534875,0.640091,0.09010747,Patch,169.41664,593.4563,298.80695,168.0089,287.157,168.0089,Patch,1,1.4077454,117.74037,106.30336
758,2024-08-30 21:00:00+00:00,0.0092838425,0.3475405,3.2718036,0.80251914,0.9755577,0.10404324,0.64208573,0.40665376,0.96312857,0.09047878,0.26910472,0.6404165,0.8560225,2.35378,0.6404165,0.09047878,Patch,160.46822,620.70605,317.79587,185.794,291.51797,185.794,Patch,1,-25.32579,131.04976,115.251785
759,2024-08-30 22:00:00+00:00,0.009454937,0.34723306,3.257977,0.80447394,0.9684913,0.13869525,0.6239629,0.40555978,0.9359443,0.09068702,0.26927906,0.6400339,0.8565808,2.3550942,0.6400339,0.09068702,Patch,162.41266,656.57104,302.03165,148.01402,298.1148,148.01402,Patch,1,14.398636,135.70215,113.30734
760,2024-08-30 23:00:00+00:00,0.009539921,0.3476048,3.335373,0.80584943,0.96555954,0.15907934,0.5912536,0.38880628,0.88688034,0.09031813,0.26925048,0.64043146,0.85583425,2.3533368,0.64043146,0.09031813,Patch,170.63765,650.7697,299.34274,132.04236,307.0081,132.04236,Patch,1,38.59529,136.37044,105.08235
761,2024-08-31 00:00:00+00:00,0.009558644,0.346799,3.3973258,0.8066552,0.9646781,0.117325164,0.592047,0.38136694,0.88807046,0.089763105,0.2688586,0.64137834,0.8544048,2.3499753,0.64137834,0.089763105,Patch,219.13628,690.3548,334.21814,176.01154,361.59116,176.01154,Patch,1,43.12474,142.45488,56.583725
762,2024-08-31 01:00:00+00:00,0.009479491,0.34630182,3.4195836,0.8065838,0.96400017,0.106901474,0.5827049,0.3676965,0.8740573,0.08986081,0.2688834,0.6412558,0.85461843,2.3504775,0.6412558,0.08986081,Patch,251.81749,676.68506,427.3351,218.21883,396.9563,218.21883,Patch,1,33.598663,145.13881,23.902512
763,2024-08-31 02:00:00+00:00,0.009284998,0.34658688,3.416074,0.8057755,0.964859,0.103592195,0.6122974,0.38650048,0.91844606,0.08917221,0.26864254,0.6421852,0.8530525,2.3467994,0.6421852,0.08917221,Patch,303.40994,650.82086,592.1069,242.78192,445.5765,242.78192,Patch,1,60.62802,142.16656,-27.689941
764,2024-08-31 03:00:00+00:00,0.0089658005,0.34780648,3.3903615,0.8043292,0.9654774,0.104372405,0.61840945,0.39344746,0.92761415,0.08935301,0.26870883,0.64193815,0.853467,2.3477724,0.64193815,0.08935301,Patch,235.43224,583.42804,547.7007,262.91122,374.00052,262.91122,Patch,1,-27.478989,138.56828,40.287766
765,2024-08-31 04:00:00+00:00,0.008537478,0.34892473,3.3527603,0.8024512,0.9660681,0.106859684,0.65522206,0.41713107,0.9828329,0.089055695,0.2686837,0.6422607,0.8528582,2.3463438,0.6422607,0.089055695,Patch,250.29796,543.90424,607.1121,262.01245,371.45596,262.01245,Patch,1,-11.714493,121.158005,25.422043
766,2024-08-31 05:00:00+00:00,0.0080337655,0.34945148,3.3098629,0.8000115,0.9668032,0.10956791,0.6516528,0.41147345,0.9774792,0.08959562,0.26888576,0.6415186,0.854099,2.3492568,0.6415186,0.08959562,Patch,281.48883,491.50327,659.0074,268.33658,365.28262,268.33658,Patch,1,13.152252,83.79379,-5.7688293
767,2024-08-31 06:00:00+00:00,0.0074661,0.34995115,3.3941357,0.79704803,0.967617,0.10978272,0.56700575,0.35766482,0.8505086,0.09060025,0.26921746,0.6401823,0.85635775,2.3545692,0.6401823,0.09060025,Patch,307.7026,418.69153,601.6793,279.66098,350.67978,279.66098,Patch,1,28.041626,42.977173,-31.982605
768,2024-08-31 07:00:00+00:00,0.0068575386,0.35013843,3.4584785,0.79363036,0.9683337,0.10693481,0.49366134,0.31183514,0.74049205,0.09239564,0.2699865,0.6376178,0.8605106,2.3643677,0.6376178,0.09239564,Patch,294.8089,363.19202,501.12857,281.33856,316.77585,281.33856,Patch,1,13.470337,21.96695,-19.088898
769,2024-08-31 08:00:00+00:00,0.0062321783,0.35015073,3.4339998,0.7897,0.96931237,0.105610155,0.41165408,0.260596,0.6174811,0.09518156,0.2709561,0.6338624,0.86667085,2.3789778,0.6338624,0.09518156,Patch,267.13434,359.19882,391.4718,263.4734,282.96298,263.4734,Patch,1,3.6609497,15.828644,8.585663
770,2024-08-31 09:00:00+00:00,0.005602072,0.3500525,3.3698907,0.7845656,0.9706029,0.112168364,0.33277297,0.21195841,0.49915943,0.098393954,0.2720318,0.62957424,0.8736056,2.3955326,0.62957424,0.098393954,Patch,228.65614,359.9507,341.22488,210.20416,262.41327,210.20416,Patch,1,18.45198,33.757126,47.063858
771,2024-08-31 10:00:00+00:00,0.004996538,0.35003302,3.303822,0.77803284,0.97219956,0.13252942,0.28329873,0.1832403,0.42494807,0.100503415,0.27274245,0.62675416,0.8780875,2.4062934,0.62675416,0.100503415,Patch,198.93555,387.68665,307.1857,156.27936,257.16257,156.27936,Patch,1,42.65619,58.22702,76.784454
772,2024-08-31 11:00:00+00:00,0.004426447,0.34962192,3.2495704,0.7716088,0.97354674,0.14403428,0.34213966,0.22162084,0.51320934,0.09871431,0.2720883,0.6291974,0.874247,2.3970695,0.6291974,0.09871431,Patch,165.82227,419.61768,273.44238,134.02553,236.0547,134.02553,Patch,1,31.796738,70.23244,109.897736
773,2024-08-31 12:00:00+00:00,0.003947879,0.350356,3.217275,0.76660055,0.9741377,0.16459775,0.35946736,0.22785917,0.5392011,0.09790338,0.27184972,0.6302468,0.8725407,2.392983,0.6302468,0.09790338,Patch,167.46492,422.58682,194.11757,159.91249,221.4999,159.91249,Patch,1,7.552429,54.034973,108.25508
774,2024-08-31 13:00:00+00:00,0.0035724961,0.3516985,3.204874,0.763273,0.97465426,0.1774708,0.4301599,0.28011116,0.64523983,0.095513225,0.27108228,0.6334045,0.86740613,2.3807275,0.6334045,0.095513225,Patch,214.31667,437.78162,258.24893,217.98914,228.96208,217.98914,Patch,1,-3.67247,14.645416,61.403336
775,2024-08-31 14:00:00+00:00,0.0032847284,0.3522097,3.2094088,0.76133555,0.97545063,0.1724015,0.44407845,0.28799742,0.66611767,0.095211275,0.27101502,0.63377374,0.8667773,2.379231,0.63377374,0.095211275,Patch,248.84724,447.38452,262.7269,273.1782,259.1531,262.7269,TCN,0,-13.879654,10.305862,26.872757
776,2024-08-31 15:00:00+00:00,0.0030891667,0.35226187,3.2345684,0.760743,0.9782751,0.16067405,0.489254,0.3138689,0.733881,0.09413109,0.27076203,0.63510686,0.8645071,2.3738358,0.63510686,0.09413109,Patch,256.47202,450.31323,334.7684,269.29608,272.29156,269.29608,Patch,1,-12.824066,15.81955,19.247986
777,2024-08-31 16:00:00+00:00,0.0029870549,0.35226548,3.2881072,0.7612334,0.9832836,0.1549573,0.5183993,0.33041474,0.777599,0.093082726,0.2705168,0.6364005,0.8622893,2.3685768,0.6364005,0.093082726,Patch,308.32034,446.51883,412.7289,299.83334,319.96463,299.83334,Patch,1,8.4869995,11.644287,-32.60034
778,2024-08-31 17:00:00+00:00,0.0029516905,0.35161754,3.3742561,0.76239645,0.9885299,0.1475665,0.50096476,0.32050282,0.7514471,0.09321112,0.27068,0.6361089,0.8626755,2.3694918,0.6361089,0.09321112,Patch,269.3922,424.21817,274.39297,317.1683,288.40073,274.39297,TCN,0,-5.000763,19.008514,6.3277893
779,2024-08-31 18:00:00+00:00,0.0029550374,0.35070094,3.5046303,0.76347715,0.9879135,0.13775308,0.47956404,0.30892986,0.719346,0.092861556,0.27069008,0.6364484,0.862012,2.3679202,0.6364484,0.092861556,Patch,197.36818,389.27597,170.65315,272.24313,218.74353,170.65315,TCN,0,26.715027,21.37535,78.35182
780,2024-08-31 19:00:00+00:00,0.0029891399,0.34998512,3.6137986,0.7641215,0.97600365,0.17064838,0.49085766,0.32361326,0.7362865,0.09087337,0.27018672,0.63893986,0.8577281,2.3577979,0.63893986,0.09087337,Patch,160.07451,371.06314,178.36885,241.6512,159.1418,178.36885,TCN,0,-18.294342,-0.93270874,115.64549
781,2024-08-31 20:00:00+00:00,0.0030643153,0.34978455,3.521173,0.7642924,0.95387894,0.20226018,0.477367,0.3106247,0.7160505,0.09114026,0.2702799,0.63857985,0.8583282,2.3592134,0.63857985,0.09114026,Patch,148.56664,400.6478,220.65862,212.72404,167.53032,212.72404,Patch,1,-64.15741,18.963684,127.153366
782,2024-08-31 21:00:00+00:00,0.0031347203,0.35004324,3.3339944,0.7636272,0.9204948,0.233961,0.4244331,0.277362,0.6366496,0.09302268,0.2707136,0.6362637,0.8623421,2.368702,0.6362637,0.09302268,Patch,177.46666,425.43277,268.55826,212.3167,182.34547,212.3167,Patch,1,-34.850037,4.8788147,98.25334
783,2024-08-31 22:00:00+00:00,0.003155668,0.34944737,3.2163792,0.76237977,0.88535684,0.2757514,0.38648295,0.2518267,0.57972443,0.09320357,0.27054453,0.636252,0.86254513,2.3691828,0.636252,0.09320357,Patch,231.77745,441.11923,292.41592,259.05594,208.14125,259.05594,Patch,1,-27.278488,-23.6362,43.94255
784,2024-08-31 23:00:00+00:00,0.0030959044,0.34888977,3.3047123,0.76135445,0.8648409,0.3133895,0.4045616,0.2599219,0.6068424,0.09071733,0.26993722,0.63934547,0.8572086,2.3565733,0.63934547,0.09071733,Patch,279.335,471.52417,284.14725,337.8091,226.17255,284.14725,TCN,0,-4.812256,-53.162445,-3.6149902
785,2024-09-01 00:00:00+00:00,0.002969811,0.34757528,3.372285,0.7606476,0.856991,0.3325127,0.43271324,0.27322167,0.6490699,0.08889353,0.2694499,0.6416566,0.853204,2.347155,0.6416566,0.08889353,Patch,308.08926,480.0493,260.67337,396.87222,233.26672,260.67337,TCN,0,47.415894,-74.82254,-32.369263
786,2024-09-01 01:00:00+00:00,0.002747641,0.3459506,3.3956602,0.7601499,0.8558467,0.36881685,0.4132155,0.25790414,0.6198232,0.088486806,0.26937678,0.64213634,0.8523356,2.3451178,0.64213634,0.088486806,Patch,305.04874,471.93335,244.8274,406.1748,243.29369,244.8274,TCN,0,60.221344,-61.75505,-29.328735
787,2024-09-01 02:00:00+00:00,0.0024015375,0.34531292,3.3824189,0.7594928,0.85753495,0.41741487,0.3630013,0.22949591,0.5445019,0.08901542,0.26960462,0.6413799,0.85357904,2.3480356,0.6413799,0.08901542,Patch,283.16965,455.51016,275.8129,359.19565,253.5876,275.8129,TCN,0,7.3567505,-29.582047,-7.449646
788,2024-09-01 03:00:00+00:00,0.0019390957,0.34513405,3.345163,0.7588447,0.85702276,0.42863655,0.3922375,0.24633877,0.58835626,0.08812597,0.2692569,0.6426172,0.8515152,2.3431945,0.6426172,0.08812597,Patch,343.15857,452.531,314.0233,425.12744,282.0758,314.0233,TCN,0,29.135284,-61.082764,-67.43857
789,2024-09-01 04:00:00+00:00,0.0013787528,0.34510872,3.2977712,0.7586733,0.85655016,0.41451994,0.47768694,0.29947698,0.7165303,0.086346865,0.26856998,0.64508325,0.8473593,2.3334768,0.64508325,0.086346865,Patch,327.46487,456.01465,250.89781,462.20468,256.45477,250.89781,TCN,0,76.56706,-71.0101,-51.744873
790,2024-09-01 05:00:00+00:00,0.00074153027,0.34526464,3.2671392,0.7592513,0.8570117,0.40936923,0.54108524,0.34613377,0.81162786,0.08524657,0.26818627,0.64656717,0.8448014,2.3275156,0.64656717,0.08524657,Patch,273.21744,453.56815,283.60947,443.92075,237.83807,283.60947,TCN,0,-10.392029,-35.379364,2.5025635
791,2024-09-01 06:00:00+00:00,5.6594643e-05,0.34526402,3.3352888,0.7607947,0.8572854,0.37962922,0.49524754,0.31795454,0.7428713,0.086481154,0.26860172,0.64491713,0.8476571,2.3341715,0.64491713,0.086481154,Patch,267.6874,447.52524,277.7406,424.5712,253.93188,277.7406,TCN,0,-10.053192,-13.755524,8.032593
792,2024-09-01 07:00:00+00:00,-0.00066458754,0.34530866,3.3665166,0.76282966,0.85803455,0.36093888,0.3863338,0.24940602,0.5795007,0.08975258,0.2697684,0.640479,0.85517293,2.3517811,0.640479,0.08975258,Patch,279.05923,428.31137,260.0864,389.26904,274.82266,260.0864,TCN,0,18.97284,-4.2365723,-3.3392334
793,2024-09-01 08:00:00+00:00,-0.0014038725,0.34531534,3.3446498,0.76604694,0.859457,0.35419998,0.31089133,0.20085947,0.46633703,0.09245672,0.27070883,0.6368344,0.8612479,2.3661113,0.6368344,0.09245672,Patch,252.48346,408.21768,246.98268,311.50388,267.80017,246.98268,TCN,0,5.500778,15.316711,23.236542
794,2024-09-01 09:00:00+00:00,-0.0021504646,0.34529528,3.2865517,0.77088237,0.8614916,0.32331204,0.22256725,0.14379925,0.33385086,0.096764445,0.27208766,0.63114786,0.8706125,2.3883734,0.63114786,0.096764445,Patch,259.3619,394.72873,294.0634,266.7286,290.44702,266.7286,Patch,1,-7.366699,31.085114,16.358093
795,2024-09-01 10:00:00+00:00,-0.0028822327,0.34519613,3.2270727,0.7787485,0.8643349,0.30216753,0.2160825,0.1377836,0.32412374,0.09810199,0.27230248,0.62959546,0.8732903,2.3947775,0.62959546,0.09810199,Patch,299.507,413.23877,376.53152,262.2322,333.02142,262.2322,Patch,1,37.27478,33.514435,-23.786987
796,2024-09-01 11:00:00+00:00,-0.00357729,0.34439057,3.1774993,0.78622735,0.867539,0.2992045,0.2902215,0.19236974,0.43533224,0.095767125,0.27120027,0.63303256,0.8679862,2.382109,0.63303256,0.095767125,Patch,344.66397,457.54074,498.9315,283.91418,388.05286,283.91418,Patch,1,60.749786,43.388885,-68.94397
797,2024-09-01 12:00:00+00:00,-0.004170445,0.34432498,3.15071,0.7924114,0.8720306,0.31413606,0.32020813,0.21284115,0.4803122,0.0946138,0.27070037,0.6346858,0.8653747,2.3758962,0.6346858,0.0946138,Patch,319.21988,480.79794,448.34436,288.18802,361.00363,288.18802,Patch,1,31.03186,41.783752,-43.499878
798,2024-09-01 13:00:00+00:00,-0.0046555046,0.3439662,3.143255,0.79689,0.8815917,0.36952305,0.36764747,0.24342036,0.5514711,0.09221789,0.26999688,0.63778526,0.86017597,2.3635767,0.63778526,0.09221789,Patch,306.07004,502.46988,423.41846,285.82376,343.51367,285.82376,Patch,1,20.246277,37.443634,-30.350037
799,2024-09-01 14:00:00+00:00,-0.0050315987,0.3430943,3.153786,0.8006118,0.8959455,0.41406545,0.40198058,0.2576258,0.60297084,0.09083347,0.26977137,0.6393951,0.8572923,2.3567705,0.6393951,0.09083347,Patch,295.75092,524.46783,373.70804,290.11826,341.906,290.11826,Patch,1,5.63266,46.15509,-20.030914
800,2024-09-01 15:00:00+00:00,-0.0052922056,0.34161177,3.1849205,0.8033557,0.9171324,0.44469115,0.41585314,0.2672012,0.6237797,0.09014732,0.2697161,0.64013654,0.85590255,2.3534975,0.64013654,0.09014732,Patch,308.5442,550.5126,377.1748,307.7342,351.14932,307.7342,Patch,1,0.80999756,42.605133,-32.82419
801,2024-09-01 16:00:00+00:00,-0.0054288376,0.3408037,3.241353,0.8045593,0.9403817,0.44770658,0.41833276,0.26576158,0.6274991,0.09004822,0.26983216,0.64011955,0.8558085,2.3532763,0.64011955,0.09004822,Patch,303.22946,571.1433,343.81808,328.16895,359.22046,328.16895,Patch,1,-24.939484,55.990997,-27.50946
802,2024-09-01 17:00:00+00:00,-0.0054588076,0.34040597,3.3222022,0.8045838,0.9656396,0.3970329,0.42390126,0.26874253,0.6358518,0.090977624,0.2702491,0.63877326,0.857985,2.3584037,0.63877326,0.090977624,Patch,289.5912,593.46686,354.76505,317.36624,360.61972,317.36624,Patch,1,-27.775055,71.028534,-13.871185
803,2024-09-01 18:00:00+00:00,-0.0053975177,0.34003383,3.4133189,0.80355257,0.98132485,0.25983426,0.42142317,0.26487654,0.63213474,0.09367312,0.27109614,0.6352307,0.8639163,2.3724337,0.6352307,0.09367312,Patch,268.71802,592.36884,395.8143,271.65695,376.9425,271.65695,Patch,1,-2.9389343,108.22449,7.0019836
804,2024-09-01 19:00:00+00:00,-0.0052603036,0.33950642,3.519621,0.8015459,0.98696715,0.15810898,0.39204845,0.25129312,0.58807266,0.09533721,0.27146363,0.6331992,0.86739635,2.3807044,0.6331992,0.09533721,Patch,294.79465,590.82227,409.36703,248.071,390.37085,248.071,Patch,1,46.723648,95.5762,-19.074646
805,2024-09-01 20:00:00+00:00,-0.005042945,0.3397771,3.5662322,0.79835,0.98856694,0.16160856,0.37526488,0.24248743,0.5628973,0.09552823,0.27166265,0.6328091,0.86792624,2.381966,0.6328091,0.09552823,Patch,334.9578,595.4057,387.05896,319.97864,406.89053,319.97864,Patch,1,14.9791565,71.93274,-59.237793
806,2024-09-01 21:00:00+00:00,-0.0047853715,0.3398343,3.4029377,0.7940082,0.9897905,0.20933689,0.3590291,0.22846171,0.53854364,0.096637465,0.2719651,0.6313975,0.870271,2.3875577,0.6313975,0.096637465,Patch,420.225,588.37885,350.59622,450.42905,440.8793,350.59622,TCN,0,69.628784,20.654297,-144.505
807,2024-09-01 22:00:00+00:00,-0.0045595975,0.3392918,3.1136048,0.79006803,0.99278015,0.24945843,0.36547703,0.23348467,0.5482155,0.0968662,0.27127695,0.63185686,0.87011945,2.387196,0.63185686,0.0968662,Patch,509.69412,583.6518,359.28967,579.5904,495.55396,359.28967,TCN,0,150.40445,-14.140167,-233.97412
808,2024-09-01 23:00:00+00:00,-0.0044308305,0.34007913,3.0576098,0.7879593,0.99329925,0.24282587,0.38003597,0.24141154,0.570054,0.097189,0.27127618,0.6315348,0.87072355,2.3886385,0.6315348,0.097189,Patch,496.98917,553.63947,356.02563,573.45966,481.3506,356.02563,TCN,0,140.96353,-15.63858,-221.26917
809,2024-09-02 00:00:00+00:00,-0.0043703136,0.338482,3.1060133,0.7870797,0.99214226,0.19921881,0.3779399,0.24477653,0.56690985,0.09749722,0.2713124,0.63119036,0.87133044,2.3900886,0.63119036,0.09749722,Patch,528.83655,561.4375,388.10388,601.73785,502.985,388.10388,TCN,0,140.73267,-25.851562,-253.11655
810,2024-09-02 01:00:00+00:00,-0.004438115,0.33678207,3.1382759,0.78786767,0.9906011,0.16786139,0.33594096,0.21993664,0.50391144,0.099233985,0.27183756,0.6289284,0.87499785,2.3988702,0.6289284,0.099233985,Patch,531.88837,560.11017,453.64615,574.23114,519.6574,453.64615,TCN,0,78.24222,-12.230957,-256.16837
811,2024-09-02 02:00:00+00:00,-0.0046556457,0.335812,3.1506426,0.79005706,0.9890698,0.1583326,0.33590087,0.2160385,0.5038513,0.099357635,0.27189517,0.62874717,0.87527436,2.3995335,0.62874717,0.099357635,Patch,564.1805,545.898,553.30597,589.9338,551.012,545.898,GRU,0,18.28247,-13.168457,-288.46048
812,2024-09-02 03:00:00+00:00,-0.005022994,0.3365245,3.1418054,0.7927474,0.9867273,0.15357043,0.35753047,0.22896867,0.5362957,0.098730505,0.27163714,0.6296324,0.8738982,2.3962338,0.6296324,0.098730505,Patch,529.69653,531.5044,609.762,530.8357,534.2375,530.8357,Patch,1,-1.1391602,4.5409546,-253.97653
813,2024-09-02 04:00:00+00:00,-0.0055013513,0.337484,3.1188128,0.7954771,0.98262507,0.15231507,0.3813703,0.24457061,0.57205546,0.0980071,0.2713065,0.63068634,0.8722763,2.3923502,0.63068634,0.0980071,Patch,543.1222,518.1672,645.84894,528.4434,542.41364,518.1672,GRU,0,24.955017,-0.7085571,-267.4022
814,2024-09-02 05:00:00+00:00,-0.0060494146,0.33808628,3.0855463,0.79771,0.9759653,0.15587746,0.42298877,0.27198964,0.6344831,0.09710107,0.27099028,0.63190866,0.8703171,2.3876677,0.63190866,0.09710107,Patch,546.3464,502.38058,738.9377,496.7395,560.9571,496.7395,Patch,1,49.606873,14.610718,-270.62637
815,2024-09-02 06:00:00+00:00,-0.00664338,0.33838207,3.0542629,0.7991741,0.9675643,0.16681705,0.40153235,0.25697765,0.6022985,0.09758257,0.27105656,0.6313609,0.8712737,2.3899531,0.6313609,0.09758257,Patch,590.47235,487.57242,768.4302,535.8674,593.23016,487.57242,GRU,0,102.89993,2.7578125,-314.75235
816,2024-09-02 07:00:00+00:00,-0.0072681187,0.33846056,3.1565702,0.80035526,0.95944536,0.18372357,0.33294892,0.21326779,0.49942335,0.09838052,0.27159646,0.63002306,0.8732149,2.394597,0.63002306,0.09838052,Patch,575.44916,467.51138,663.39325,556.6551,560.77026,467.51138,GRU,0,107.937775,-14.678894,-299.72916
817,2024-09-02 08:00:00+00:00,-0.007879905,0.33827522,3.2164474,0.8011468,0.9489388,0.20258866,0.29522908,0.19157413,0.44284362,0.09883621,0.2719887,0.6291751,0.8743892,2.3974104,0.6291751,0.09883621,Patch,533.6523,429.50488,567.0281,536.11554,510.4733,429.50488,GRU,0,104.1474,-23.178986,-257.93228
818,2024-09-02 09:00:00+00:00,-0.008452364,0.3362722,3.1726367,0.8018989,0.93784755,0.19930868,0.28633282,0.183152,0.4294992,0.099200964,0.27195346,0.6288455,0.8750341,2.3989573,0.6288455,0.099200964,Patch,495.18616,388.72302,516.2425,512.0573,466.75418,388.72302,GRU,0,106.463135,-28.431976,-219.46616
819,2024-09-02 10:00:00+00:00,-0.0089278035,0.336072,3.1253715,0.80324584,0.9194971,0.19152074,0.2695196,0.17321466,0.40427935,0.0998504,0.2719601,0.6281895,0.87623644,2.4018433,0.6281895,0.0998504,Patch,462.57364,345.4014,409.73935,522.6396,415.33047,345.4014,GRU,0,117.17224,-47.243164,-186.85364
820,2024-09-02 11:00:00+00:00,-0.009365006,0.33523905,3.0767784,0.80402756,0.90638536,0.21957122,0.28897136,0.18740664,0.433457,0.09852796,0.27141592,0.6300561,0.8733366,2.3948884,0.6300561,0.09852796,Patch,428.94058,318.84436,312.7574,510.93692,372.16684,312.7574,TCN,0,116.1832,-56.773743,-153.22058
821,2024-09-02 12:00:00+00:00,-0.009720301,0.3349475,3.0396502,0.8040858,0.90304744,0.24405645,0.34801027,0.22394395,0.52201533,0.09623555,0.27063608,0.6331284,0.8683909,2.383073,0.6331284,0.09623555,Patch,461.5663,329.54083,308.73373,557.8436,386.02267,308.73373,TCN,0,152.83258,-75.54364,-185.84631
822,2024-09-02 13:00:00+00:00,-0.00999235,0.33370423,3.0187242,0.80365354,0.9045512,0.27630365,0.36082515,0.23341203,0.5412377,0.095501296,0.2704635,0.6340352,0.8668574,2.3794217,0.6340352,0.095501296,Patch,468.6414,337.0632,310.27536,567.0774,391.02548,310.27536,TCN,0,158.36603,-77.615906,-192.92139
823,2024-09-02 14:00:00+00:00,-0.010175632,0.3314342,3.0150006,0.8023516,0.8967472,0.3151108,0.40885097,0.26314184,0.61327636,0.09343542,0.26998386,0.6365807,0.8625102,2.3691,0.6365807,0.09343542,Patch,459.74692,342.92422,308.9857,576.87494,381.71414,308.9857,TCN,0,150.76123,-78.032776,-184.02692
824,2024-09-02 15:00:00+00:00,-0.010266793,0.32983476,3.0369716,0.8002159,0.8731645,0.3666514,0.41962585,0.2753535,0.62943876,0.0915301,0.2695374,0.63893247,0.85844696,2.3594935,0.63893247,0.0915301,Patch,396.15115,355.4327,277.68478,509.50632,333.66742,277.68478,TCN,0,118.46637,-62.483734,-120.43115
825,2024-09-02 16:00:00+00:00,-0.010286431,0.3289023,3.0867066,0.7967785,0.8341189,0.42715445,0.4632603,0.30504602,0.69489044,0.088210754,0.26871705,0.6430722,0.85121334,2.3424873,0.6430722,0.088210754,Patch,336.31854,364.15933,268.58145,451.4614,286.80713,268.58145,TCN,0,67.73709,-49.511414,-60.59854
826,2024-09-02 17:00:00+00:00,-0.010253158,0.32855332,3.1614633,0.7915962,0.79136485,0.47682977,0.4738339,0.30599424,0.7107508,0.08495591,0.26764974,0.6473943,0.8437388,2.3250437,0.6473943,0.08495591,Patch,294.67194,371.71375,279.67252,402.78687,257.16403,279.67252,TCN,0,14.99942,-37.507904,-18.951935
827,2024-09-02 18:00:00+00:00,-0.010178422,0.3286918,3.2405813,0.7848847,0.75534594,0.51586694,0.4485829,0.2870651,0.67287433,0.083072804,0.26690036,0.65002686,0.8392253,2.314573,0.65002686,0.083072804,Patch,275.35995,354.15662,277.1622,385.39624,246.06865,277.1622,TCN,0,-1.8022461,-29.291306,0.3600464
828,2024-09-02 19:00:00+00:00,-0.010070574,0.32874045,3.3133774,0.7773049,0.732732,0.55793506,0.4059598,0.25816235,0.6089397,0.08240472,0.26672387,0.65087134,0.8376904,2.3110232,0.65087134,0.08240472,Patch,268.46927,345.42514,261.14615,353.12695,244.9315,261.14615,TCN,0,7.32312,-23.537766,7.2507324
829,2024-09-02 20:00:00+00:00,-0.009923086,0.32884285,3.3846662,0.7692057,0.7194613,0.61167425,0.3527636,0.22526938,0.52914536,0.08214138,0.26677695,0.6510817,0.837193,2.309874,0.6510817,0.08214138,Patch,257.73093,355.68637,206.45879,309.29422,248.90375,206.45879,TCN,0,51.27214,-8.827179,17.989075
830,2024-09-02 21:00:00+00:00,-0.009746239,0.32888559,3.4353747,0.7606489,0.7213333,0.7442811,0.32377625,0.2062807,0.48566434,0.07994886,0.2660581,0.65399307,0.8319757,2.297854,0.65399307,0.07994886,Patch,256.87448,376.14487,240.3752,283.7332,261.15457,240.3752,TCN,0,16.499283,4.2800903,18.84552
831,2024-09-02 22:00:00+00:00,-0.009578845,0.3281881,3.4664288,0.7526852,0.743155,0.8452284,0.31507286,0.20307195,0.47260925,0.078501165,0.26563334,0.65586555,0.82853484,2.289961,0.65586555,0.078501165,Patch,250.8761,399.33975,281.76843,271.2031,271.01553,271.2031,Patch,1,-20.326996,20.139435,24.843903
832,2024-09-02 23:00:00+00:00,-0.009466583,0.3278676,3.492648,0.74535435,0.77482283,0.81872076,0.29533547,0.19034073,0.44300318,0.080206424,0.26653987,0.6532538,0.83294904,2.3000917,0.6532538,0.080206424,Patch,263.8732,400.5498,323.3955,243.49678,297.12827,243.49678,Patch,1,20.37642,33.255066,11.846802
833,2024-09-03 00:00:00+00:00,-0.009401594,0.32551283,3.513444,0.7395264,0.8186212,0.8564214,0.28035676,0.17856358,0.42053515,0.08058751,0.2668944,0.6525181,0.8340646,2.3026593,0.6525181,0.08058751,Patch,303.54486,409.2683,283.30856,315.67883,311.1267,283.30856,TCN,0,20.236298,7.581848,-27.82486
834,2024-09-03 01:00:00+00:00,-0.009442548,0.32307,3.5210302,0.73503464,0.8671595,0.9047012,0.28217742,0.17906225,0.4232661,0.08024309,0.26687354,0.65288335,0.8333248,2.3009565,0.65288335,0.08024309,Patch,340.46692,394.35275,266.92047,386.2728,323.45847,266.92047,TCN,0,73.54645,-17.008453,-64.74692
835,2024-09-03 02:00:00+00:00,-0.009614016,0.32079443,3.5021687,0.73206794,0.91067904,0.96482086,0.2965166,0.18852088,0.44477484,0.079454094,0.26665688,0.65388906,0.83147216,2.2966976,0.65388906,0.079454094,Patch,402.9729,363.33932,301.3074,466.808,337.30362,301.3074,TCN,0,101.6655,-65.66928,-127.2529
836,2024-09-03 03:00:00+00:00,-0.009912502,0.32012698,3.4621823,0.73105013,0.94108045,0.9902591,0.35786483,0.22853152,0.5367972,0.07834581,0.26631972,0.6553344,0.8288243,2.2906241,0.6553344,0.07834581,Patch,449.50565,338.973,224.43071,573.72845,345.69296,224.43071,TCN,0,225.07494,-103.81268,-173.78564
837,2024-09-03 04:00:00+00:00,-0.01029546,0.31965178,3.4183033,0.7314948,0.95879287,0.9994634,0.38223785,0.24333543,0.57335675,0.078182355,0.26632708,0.6554906,0.82848346,2.2898433,0.6554906,0.078182355,Patch,426.30893,324.76517,184.75891,553.3532,324.30368,184.75891,TCN,0,241.55002,-102.00525,-150.58893
838,2024-09-03 05:00:00+00:00,-0.010741159,0.31935936,3.5300653,0.73308754,0.96970445,1.0081943,0.41507873,0.26670203,0.6226181,0.07720218,0.26600102,0.6567969,0.82609785,2.284387,0.6567969,0.07720218,Patch,404.59122,318.7574,134.75821,541.4501,303.85767,134.75821,TCN,0,269.833,-100.73355,-128.87122
839,2024-09-03 06:00:00+00:00,-0.011229078,0.31928724,3.5629928,0.73526305,0.9779915,1.0155675,0.37948534,0.24430189,0.56922805,0.07778722,0.26623553,0.6559773,0.8275596,2.287729,0.6559773,0.07778722,Patch,352.1642,304.3867,132.42899,473.40543,273.78677,132.42899,TCN,0,219.73523,-78.37744,-76.444214
840,2024-09-03 07:00:00+00:00,-0.011733609,0.31927282,3.5208626,0.737968,0.9856689,1.0082608,0.38326883,0.23978303,0.57490325,0.078164965,0.2664296,0.6554054,0.8285388,2.2899702,0.6554054,0.078164965,Patch,292.0339,297.10672,132.7369,408.35327,229.69434,132.7369,TCN,0,159.29701,-62.33957,-16.313904
841,2024-09-03 08:00:00+00:00,-0.012212926,0.3194968,3.4955978,0.7416881,0.98812395,0.96006507,0.43100768,0.27090794,0.6465115,0.07837422,0.266544,0.6550818,0.8290863,2.2912242,0.6550818,0.07837422,Patch,183.40547,281.00534,204.68303,303.0588,152.55945,204.68303,TCN,0,-21.277557,-30.846024,92.31453
842,2024-09-03 09:00:00+00:00,-0.0126527,0.31696308,3.4855804,0.7460896,0.98611015,0.8753743,0.36438152,0.23171192,0.5465722,0.08144463,0.2676542,0.6509012,0.8365289,2.3083405,0.6509012,0.08144463,Patch,127.78912,285.10345,185.26514,176.18591,130.48839,176.18591,Patch,1,-48.39679,2.6992645,147.93088
843,2024-09-03 10:00:00+00:00,-0.012957291,0.31856218,3.4963865,0.75086653,0.97806567,0.79264426,0.3870451,0.25257266,0.5805676,0.08251363,0.2679876,0.64949876,0.8390384,2.3141406,0.64949876,0.08251363,Patch,108.276,276.26935,269.00473,126.13285,155.33844,126.13285,Patch,1,-17.85685,47.06244,167.444
844,2024-09-03 11:00:00+00:00,-0.013211783,0.31805158,3.5082238,0.7553433,0.96432084,0.70562893,0.3847494,0.2529408,0.57712406,0.08409613,0.26848593,0.6474179,0.84272563,2.3226893,0.6474179,0.08409613,Patch,137.47716,306.8375,263.5932,121.23748,186.93251,121.23748,Patch,1,16.239677,49.455353,138.24284
845,2024-09-03 12:00:00+00:00,-0.01339994,0.31689727,3.5096073,0.75865895,0.9534959,0.69982713,0.386057,0.24557696,0.57908547,0.08403111,0.26846564,0.6475032,0.8425751,2.3223395,0.6475032,0.08403111,Patch,155.86436,328.9116,228.51239,172.88057,183.74548,172.88057,Patch,1,-17.016205,27.881119,119.85564
846,2024-09-03 13:00:00+00:00,-0.013520594,0.3141427,3.5093768,0.76075923,0.9466034,0.6740761,0.37374222,0.2333235,0.56061333,0.08474426,0.26870862,0.64654714,0.8442413,2.3262122,0.64654714,0.08474426,Patch,169.56801,357.5939,196.73322,198.2234,188.03015,196.73322,TCN,0,-27.165207,18.462143,106.15199
847,2024-09-03 14:00:00+00:00,-0.013562134,0.31220654,3.514643,0.76141995,0.94545597,0.59107274,0.37932906,0.23849516,0.56899357,0.08634073,0.2692446,0.6444147,0.847937,2.334825,0.6444147,0.08634073,Patch,182.87541,364.77243,220.41423,221.75984,209.88153,220.41423,TCN,0,-37.53882,27.006119,92.84459
848,2024-09-03 15:00:00+00:00,-0.013546762,0.30946746,3.53266,0.76028204,0.9461729,0.50604254,0.37306163,0.24203551,0.5595924,0.08815936,0.2698107,0.64202994,0.8520625,2.3444774,0.64202994,0.08815936,Patch,196.35674,355.88123,282.1529,204.80585,223.57494,204.80585,Patch,1,-8.449112,27.2182,79.363266
849,2024-09-03 16:00:00+00:00,-0.013470362,0.30702984,3.5704012,0.75677156,0.9468092,0.4211906,0.3592386,0.23356253,0.5388579,0.090048485,0.2704503,0.6395013,0.85634196,2.354532,0.6395013,0.090048485,Patch,179.99574,349.60696,273.70752,174.83736,216.65227,174.83736,Patch,1,5.158386,36.656525,95.72426
850,2024-09-03 17:00:00+00:00,-0.013339509,0.30572072,3.6353056,0.7513114,0.9462714,0.33772168,0.37852472,0.2435507,0.56778705,0.09095279,0.27081653,0.6382307,0.8584239,2.3594391,0.6382307,0.09095279,Patch,186.47322,338.31583,262.87405,194.56685,206.62592,194.56685,Patch,1,-8.093628,20.152695,89.24678
851,2024-09-03 18:00:00+00:00,-0.013171755,0.30514386,3.7360241,0.743652,0.9428633,0.284516,0.37533173,0.23665774,0.5629976,0.09097044,0.27079576,0.6382337,0.8584405,2.3594782,0.6382337,0.09097044,Patch,166.67809,331.74503,252.81487,195.24269,188.28276,195.24269,Patch,1,-28.564606,21.604675,109.041916
852,2024-09-03 19:00:00+00:00,-0.012966899,0.3052073,3.8712695,0.7349707,0.9406124,0.26112244,0.33107185,0.210338,0.49660775,0.09105815,0.27079788,0.6381439,0.85861313,2.3598855,0.6381439,0.09105815,Patch,157.69768,319.94257,218.34853,178.64622,183.31079,178.64622,Patch,1,-20.948547,25.613113,118.02232
853,2024-09-03 20:00:00+00:00,-0.012718243,0.30566102,4.0571575,0.7261781,0.94284064,0.25002745,0.30661154,0.19551873,0.4599173,0.0902579,0.27056864,0.6391735,0.85685396,2.355738,0.6391735,0.0902579,Patch,150.59041,302.6514,192.48543,167.54723,160.11937,167.54723,Patch,1,-16.956818,9.528961,125.12959
854,2024-09-03 21:00:00+00:00,-0.012431577,0.305869,4.114626,0.7173887,0.946493,0.25111455,0.31928322,0.20533156,0.47892484,0.0894916,0.2703356,0.6401728,0.8551495,2.351726,0.6401728,0.0894916,Patch,115.50226,297.32565,153.03258,147.62706,136.50987,147.62706,Patch,1,-32.1248,21.007614,160.21774
855,2024-09-03 22:00:00+00:00,-0.01213686,0.30535656,3.8342044,0.7092702,0.94953424,0.25202706,0.30834708,0.20180678,0.46252057,0.09208342,0.27123904,0.63667756,0.86097974,2.365477,0.63667756,0.09208342,Patch,103.19894,320.6136,143.41235,140.38692,134.12526,140.38692,Patch,1,-37.18798,30.926323,172.52106
856,2024-09-03 23:00:00+00:00,-0.011875335,0.3044017,3.6434927,0.70308834,0.95169765,0.24440467,0.32785344,0.2121412,0.49178013,0.09341707,0.27165797,0.634925,0.8639035,2.3724034,0.634925,0.09341707,Patch,81.47183,329.63336,105.689514,118.24441,125.44956,105.689514,TCN,0,-24.217682,43.97773,194.24817
857,2024-09-04 00:00:00+00:00,-0.011652897,0.30215308,3.3254056,0.6979361,0.95310426,0.24420224,0.32899475,0.21401846,0.4934921,0.09578117,0.27209312,0.63212574,0.8687674,2.3839705,0.63212574,0.09578117,Patch,85.754555,328.21878,127.12328,134.2559,130.23866,127.12328,TCN,0,-41.36873,44.484108,189.96545
858,2024-09-04 01:00:00+00:00,-0.01151228,0.2985683,3.396745,0.696514,0.95388985,0.25062576,0.32875222,0.2129309,0.4931283,0.095183015,0.27204388,0.6327731,0.86759496,2.3811772,0.6327731,0.095183015,Patch,105.621025,300.24417,156.4015,126.44936,125.60986,126.44936,Patch,1,-20.828339,19.988838,170.09897
859,2024-09-04 02:00:00+00:00,-0.011490912,0.2967865,3.4317741,0.6974989,0.954425,0.2671866,0.27767918,0.17588648,0.41651875,0.09592,0.2723363,0.63174367,0.869234,2.3850834,0.63174367,0.09592,Patch,103.952705,233.51611,160.2996,139.42885,120.818726,139.42885,Patch,1,-35.476143,16.86602,171.7673
860,2024-09-04 03:00:00+00:00,-0.011578066,0.29572743,3.4287972,0.70041245,0.9537883,0.26775455,0.26983282,0.16971377,0.40474924,0.096180774,0.27241188,0.6314074,0.86978877,2.3864067,0.6314074,0.096180774,Patch,118.36188,174.80005,181.0803,163.58505,113.55312,163.58505,Patch,1,-45.223175,-4.808754,157.35812
861,2024-09-04 04:00:00+00:00,-0.01175527,0.29522553,3.4058716,0.70442563,0.95248634,0.24465664,0.24131313,0.15663245,0.36196968,0.09781789,0.27285784,0.62932426,0.87322664,2.394625,0.62932426,0.09781789,Patch,121.078125,166.11732,197.71375,149.16402,128.7854,149.16402,Patch,1,-28.085892,7.7072754,154.64188
862,2024-09-04 05:00:00+00:00,-0.01199859,0.2943863,3.3801084,0.7087972,0.95074826,0.22386165,0.2370818,0.15537785,0.3556227,0.09850672,0.27295622,0.62853706,0.87458813,2.3978875,0.62853706,0.09850672,Patch,150.88037,190.75194,223.87744,152.83986,162.44017,152.83986,Patch,1,-1.9594879,11.559799,124.83963
863,2024-09-04 06:00:00+00:00,-0.0123024015,0.2941972,3.3597207,0.71318775,0.9492869,0.210784,0.22681627,0.14389211,0.3402244,0.09919916,0.27310064,0.6277002,0.87598884,2.4012485,0.6277002,0.09919916,Patch,160.76393,204.39209,207.44458,185.36449,158.49022,185.36449,Patch,1,-24.600555,-2.2737122,114.95607
864,2024-09-04 07:00:00+00:00,-0.012633571,0.29418913,3.3512645,0.7173486,0.9477805,0.2049015,0.22274767,0.13930191,0.33412147,0.09949705,0.27314055,0.6273624,0.8765712,2.4026473,0.6273624,0.09949705,Patch,139.19574,198.52838,195.1339,159.10721,150.80669,159.10721,Patch,1,-19.911469,11.610947,136.52426
865,2024-09-04 08:00:00+00:00,-0.012965786,0.2938951,3.3565178,0.72033966,0.94562435,0.21830368,0.24070022,0.15031633,0.3610503,0.09867054,0.27291563,0.6284138,0.8748578,2.398534,0.6284138,0.09867054,Patch,125.00187,182.54924,229.30609,154.22752,141.6126,154.22752,Patch,1,-29.225655,16.610725,150.71814
866,2024-09-04 09:00:00+00:00,-0.013244016,0.2922406,3.3885186,0.72315055,0.9441,0.22326136,0.3163122,0.20092492,0.47446832,0.096347906,0.27226928,0.6313828,0.8699832,2.3868706,0.6313828,0.096347906,Patch,141.33194,203.48973,297.57983,190.75227,160.49599,190.75227,Patch,1,-49.420334,19.164047,134.38806
867,2024-09-04 10:00:00+00:00,-0.013403967,0.29383087,3.441233,0.72463894,0.9440524,0.30646166,0.33707508,0.21621749,0.50561273,0.09353231,0.27150568,0.63496196,0.863995,2.3726203,0.63496196,0.09353231,Patch,138.71846,236.9815,294.27762,158.44194,163.09236,158.44194,Patch,1,-19.72348,24.373901,137.00154
868,2024-09-04 11:00:00+00:00,-0.013521007,0.2933873,3.4947584,0.72554266,0.9450931,0.37000188,0.32570285,0.20981649,0.48855424,0.09199768,0.27107698,0.63692534,0.8606755,2.3647575,0.63692534,0.09199768,Patch,141.35445,260.186,271.7706,185.71936,179.53386,185.71936,Patch,1,-44.364914,38.179413,134.36555
869,2024-09-04 12:00:00+00:00,-0.013596637,0.2906043,3.5207348,0.72578204,0.9509576,0.3672948,0.29245973,0.19187705,0.43868956,0.092834406,0.27136534,0.6358002,0.86253595,2.3691611,0.6358002,0.092834406,Patch,126.704346,251.49104,224.4864,169.84985,164.30182,169.84985,Patch,1,-43.145508,37.597473,149.01566
870,2024-09-04 13:00:00+00:00,-0.013599653,0.2872679,3.5280216,0.72539353,0.95844054,0.311692,0.32605213,0.21060252,0.48907813,0.09329979,0.27152163,0.63517857,0.8635629,2.3715954,0.63517857,0.09329979,Patch,127.70823,254.91815,280.87738,139.91563,183.45494,139.91563,Patch,1,-12.207405,55.74671,148.01178
871,2024-09-04 14:00:00+00:00,-0.013529771,0.28449145,3.5282283,0.72417986,0.9609736,0.23172748,0.27770934,0.18168578,0.41656396,0.09650409,0.27251396,0.630982,0.8704822,2.3880622,0.630982,0.09650409,Patch,131.3194,266.62564,262.92303,118.97998,185.70276,118.97998,Patch,1,12.3394165,54.38336,144.4006
872,2024-09-04 15:00:00+00:00,-0.01339567,0.2808487,3.5217662,0.7217724,0.96079445,0.16599329,0.27584097,0.1793555,0.41376144,0.097524576,0.272635,0.62984043,0.8724936,2.3928702,0.62984043,0.097524576,Patch,127.2051,282.74515,273.37262,76.26062,193.86255,76.26062,Patch,1,50.94448,66.65745,148.5149
873,2024-09-04 16:00:00+00:00,-0.013205884,0.27908748,3.5107305,0.7176464,0.9579957,0.17220445,0.2730097,0.17872624,0.40951452,0.09755541,0.27267003,0.6297746,0.8725804,2.393078,0.6297746,0.09755541,Patch,121.67643,294.0632,264.50992,92.07544,182.08324,92.07544,Patch,1,29.60099,60.406807,154.04358
874,2024-09-04 17:00:00+00:00,-0.012972725,0.27786443,3.4922807,0.7114266,0.9557479,0.20557265,0.30082226,0.19165441,0.4512334,0.096358955,0.27242348,0.6312175,0.87013364,2.38723,0.6312175,0.096358955,Patch,125.41056,298.8905,226.08278,126.77838,174.224,126.77838,Patch,1,-1.3678207,48.81344,150.30945
875,2024-09-04 18:00:00+00:00,-0.012699166,0.2780288,3.4653995,0.70311856,0.95551723,0.24167062,0.31256837,0.19685647,0.46885252,0.0953756,0.27216664,0.63245773,0.8680631,2.382292,0.63245773,0.0953756,Patch,118.4266,299.16,206.78365,126.739685,171.63448,126.739685,Patch,1,-8.313087,53.20788,157.2934
876,2024-09-04 19:00:00+00:00,-0.012372896,0.2788603,3.4206343,0.69379514,0.95808125,0.26092485,0.28768778,0.18158738,0.43153167,0.09584375,0.27229846,0.6318578,0.8690585,2.3846648,0.6318578,0.09584375,Patch,131.59209,284.6249,174.00812,148.17,165.69539,148.17,Patch,1,-16.577911,34.103302,144.12791
877,2024-09-04 20:00:00+00:00,-0.012001763,0.27931032,3.3974502,0.6841524,0.9587166,0.26264873,0.24679212,0.15814883,0.37018818,0.09702435,0.2726669,0.63030875,0.8715857,2.390699,0.63030875,0.09702435,Patch,114.52527,262.7114,159.40477,106.08915,152.4102,106.08915,Patch,1,8.436119,37.884933,161.19473
878,2024-09-04 21:00:00+00:00,-0.011594293,0.27910936,3.5022428,0.6775705,0.95757604,0.29483074,0.25206688,0.16099942,0.37810034,0.095147975,0.27222797,0.63262403,0.8676839,2.381389,0.63262403,0.095147975,Patch,102.420006,240.28279,146.22807,117.690636,140.37561,117.690636,Patch,1,-15.27063,37.955605,173.29999
879,2024-09-04 22:00:00+00:00,-0.011162052,0.27787155,3.5144944,0.673821,0.9538865,0.35806188,0.2685437,0.17275058,0.40281552,0.092996,0.27156243,0.6354416,0.8630143,2.3702946,0.6354416,0.092996,Patch,74.473915,240.94753,124.33435,98.58788,111.7925,98.58788,Patch,1,-24.113968,37.31859,201.2461
880,2024-09-04 23:00:00+00:00,-0.010773996,0.2775072,3.4596536,0.67098045,0.951275,0.3606871,0.2619235,0.16733253,0.3928852,0.09339864,0.27164504,0.6349563,0.86385727,2.3722937,0.6349563,0.09339864,Patch,71.310585,255.34401,124.61847,94.50515,120.486,94.50515,Patch,1,-23.194565,49.175415,204.40942
881,2024-09-05 00:00:00+00:00,-0.010402747,0.27238208,3.409062,0.66896033,0.9476301,0.38574743,0.26722425,0.17101917,0.40083635,0.09289926,0.27142745,0.6356733,0.8627136,2.3695822,0.6356733,0.09289926,Patch,104.47748,263.50427,133.87256,124.897606,143.66875,124.897606,Patch,1,-20.420128,39.19127,171.24252
882,2024-09-05 01:00:00+00:00,-0.010155014,0.27063113,3.3927627,0.668181,0.9457515,0.39897075,0.27194878,0.17623639,0.4079232,0.092517644,0.27127546,0.63620687,0.8618492,2.3675349,0.63620687,0.092517644,Patch,118.761314,248.10677,201.13133,121.11831,166.61281,121.11831,Patch,1,-2.3569946,47.851494,156.95868
883,2024-09-05 02:00:00+00:00,-0.010039194,0.2691139,3.4069905,0.66907996,0.9462491,0.37907234,0.25277182,0.16554183,0.37915775,0.09343825,0.27157688,0.63498485,0.86387527,2.3723361,0.63498485,0.09343825,Patch,109.07416,225.30031,197.74376,133.42229,144.3672,133.42229,Patch,1,-24.34813,35.293045,166.64584
884,2024-09-05 03:00:00+00:00,-0.010053992,0.267417,3.4420795,0.67100626,0.9473165,0.37918556,0.31494212,0.20427863,0.47241324,0.09155968,0.27098638,0.637454,0.8597493,2.3625684,0.637454,0.09155968,Patch,113.93482,219.95116,226.5785,183.98512,118.49288,183.98512,Patch,1,-70.0503,4.5580597,161.78519
885,2024-09-05 04:00:00+00:00,-0.010191646,0.2671845,3.4882202,0.67330474,0.9491284,0.38398942,0.29394263,0.18520093,0.44091392,0.09175869,0.27112618,0.6371152,0.86025476,2.3637629,0.6371152,0.09175869,Patch,110.51217,230.68813,181.76733,165.75053,125.38998,165.75053,Patch,1,-55.238365,14.877808,165.20782
886,2024-09-05 05:00:00+00:00,-0.010406085,0.2669022,3.542526,0.67574394,0.95089203,0.40220752,0.2619748,0.16919741,0.39296222,0.09191192,0.27122766,0.6368604,0.86063826,2.3646693,0.6368604,0.09191192,Patch,101.581665,242.95204,149.96828,130.81744,132.76959,130.81744,Patch,1,-29.235779,31.187927,174.13834
887,2024-09-05 06:00:00+00:00,-0.010672726,0.26680046,3.6021385,0.6781765,0.95174366,0.40236005,0.26253444,0.16573876,0.39380163,0.09158208,0.27119553,0.63722235,0.85997164,2.3630936,0.63722235,0.09158208,Patch,115.192566,246.32051,144.88222,129.45207,140.05058,129.45207,Patch,1,-14.259506,24.858017,160.52744
888,2024-09-05 07:00:00+00:00,-0.0109713795,0.26687402,3.3805823,0.6801733,0.9518538,0.4010605,0.25922915,0.16318677,0.38884374,0.093169674,0.27147213,0.6353582,0.8632711,2.3709037,0.6353582,0.093169674,Patch,134.50847,244.10107,157.83412,160.79427,157.38995,157.83412,TCN,0,-23.325653,22.881485,141.21153
889,2024-09-05 08:00:00+00:00,-0.011263756,0.26592767,3.2768161,0.6821794,0.9519214,0.36315107,0.2369427,0.15000285,0.355414,0.09533973,0.27197084,0.6326895,0.86783004,2.381737,0.6326895,0.09533973,Patch,141.41193,240.73372,188.18286,165.67937,167.65575,165.67937,Patch,1,-24.26744,26.24382,134.30807
890,2024-09-05 09:00:00+00:00,-0.011475654,0.2650031,3.2958403,0.6835651,0.95211333,0.35712397,0.2353174,0.14924893,0.35297608,0.09545185,0.2720319,0.63251626,0.86809367,2.382365,0.63251626,0.09545185,Patch,156.6461,259.71182,223.22827,167.08026,178.29309,167.08026,Patch,1,-10.434158,21.646988,119.0739
891,2024-09-05 10:00:00+00:00,-0.011568289,0.2669447,3.3067021,0.6845087,0.95163596,0.42670894,0.26126707,0.16538608,0.3919006,0.09309992,0.27136555,0.6355345,0.8630465,2.370371,0.6355345,0.09309992,Patch,132.27608,289.44574,235.86043,122.93789,188.82458,122.93789,Patch,1,9.338188,56.548508,143.44392
892,2024-09-05 11:00:00+00:00,-0.0116042225,0.26641902,3.3102589,0.6850894,0.95362484,0.43916774,0.2568675,0.1661917,0.3853012,0.09293733,0.2713065,0.63575613,0.86268383,2.3695116,0.63575613,0.09293733,Patch,163.14325,317.59195,256.69482,145.13008,222.15456,145.13008,Patch,1,18.013168,59.011307,112.57675
893,2024-09-05 12:00:00+00:00,-0.011590818,0.26489794,3.3107255,0.6856093,0.95304644,0.3211248,0.2587955,0.16758446,0.38819322,0.09552537,0.27201107,0.6324635,0.86821514,2.3826544,0.6324635,0.09552537,Patch,153.8863,313.53796,239.88489,140.33081,210.2807,140.33081,Patch,1,13.555496,56.394394,121.833694
894,2024-09-05 13:00:00+00:00,-0.011514818,0.2621093,3.3105152,0.6856876,0.951919,0.2158128,0.27836806,0.17994857,0.41755208,0.097193114,0.27238226,0.6304246,0.87166274,2.3908832,0.6304246,0.097193114,Patch,182.17348,305.5271,270.17172,160.42967,221.24292,160.42967,Patch,1,21.743805,39.069443,93.546524
895,2024-09-05 14:00:00+00:00,-0.011358481,0.25954828,3.3102212,0.6855493,0.95214397,0.14829521,0.3162735,0.20807509,0.47441024,0.09738036,0.2722248,0.6303948,0.87188053,2.3914037,0.6303948,0.09738036,Patch,198.49931,316.10587,268.13736,198.22139,234.06306,198.22139,Patch,1,0.27792358,35.56375,77.22069
896,2024-09-05 15:00:00+00:00,-0.01112698,0.25671527,3.306884,0.6849229,0.9538037,0.10744592,0.32829136,0.21389848,0.492437,0.09733033,0.27196366,0.630706,0.8715675,2.3906553,0.630706,0.09733033,Patch,201.22119,334.85934,293.3985,190.62852,243.57922,190.62852,Patch,1,10.592667,42.358032,74.49881
897,2024-09-05 16:00:00+00:00,-0.0108282585,0.2550395,3.299313,0.6838324,0.95883876,0.08326668,0.37946662,0.24428272,0.5691999,0.09608452,0.2714092,0.63250625,0.8687619,2.3839574,0.63250625,0.09608452,Patch,210.53874,339.5063,283.40143,232.26903,247.46074,232.26903,Patch,1,-21.730286,36.921997,65.18126
898,2024-09-05 17:00:00+00:00,-0.010459698,0.25437105,3.2822173,0.6821895,0.96606237,0.0959219,0.36472672,0.23175955,0.54709005,0.09662708,0.27164635,0.63172656,0.86998284,2.38687,0.63172656,0.09662708,Patch,211.84334,350.79684,255.7087,242.61804,239.46834,242.61804,Patch,1,-30.774704,27.625,63.876663
899,2024-09-05 18:00:00+00:00,-0.010029003,0.2547453,3.2539332,0.6817421,0.97472036,0.10382413,0.37308377,0.23598012,0.5596256,0.09667416,0.2716617,0.63166416,0.87008417,2.3871117,0.63166416,0.09667416,Patch,211.49287,358.55298,258.65466,238.9516,244.49695,238.9516,Patch,1,-27.458725,33.004074,64.22713
900,2024-09-05 19:00:00+00:00,-0.009515287,0.2557301,3.2044575,0.6799087,0.97888535,0.07979046,0.32465017,0.20363246,0.48697525,0.09883219,0.27213266,0.6290352,0.8745024,2.3976822,0.6290352,0.09883219,Patch,197.9246,346.881,240.24821,199.33098,232.08339,199.33098,Patch,1,-1.4063721,34.158783,77.795395
901,2024-09-05 20:00:00+00:00,-0.008908952,0.25573328,3.2928267,0.67577696,0.97625047,0.0824834,0.24363129,0.15768217,0.3654469,0.10070523,0.27299523,0.62629956,0.8786668,2.4076877,0.62629956,0.10070523,Patch,167.44464,316.16547,206.04564,137.79839,206.31006,137.79839,Patch,1,29.646255,38.865417,108.27536
902,2024-09-05 21:00:00+00:00,-0.00823697,0.25467533,3.4791992,0.66910374,0.96272266,0.09444949,0.22159855,0.14574751,0.33239782,0.09952299,0.27308702,0.62738997,0.8765744,2.4026551,0.62738997,0.09952299,Patch,163.1753,301.9995,201.65703,143.33244,199.48305,143.33244,Patch,1,19.84285,36.307755,112.54471
903,2024-09-05 22:00:00+00:00,-0.007603369,0.25373125,3.4259217,0.6636982,0.94807696,0.113648474,0.2071495,0.13428389,0.31072423,0.09995408,0.27326387,0.62678206,0.8775139,2.4049134,0.62678206,0.09995408,Patch,157.85712,325.31833,163.17458,140.87029,202.92369,140.87029,Patch,1,16.986832,45.066574,117.862885
904,2024-09-05 23:00:00+00:00,-0.007044965,0.25357187,3.3921304,0.65991825,0.938672,0.100551575,0.24774754,0.16016717,0.3716213,0.098832145,0.27277327,0.6283946,0.875038,2.3989668,0.6283946,0.098832145,Patch,148.85985,341.2709,170.94379,127.98887,202.88353,127.98887,Patch,1,20.87098,54.02368,126.86015
905,2024-09-06 00:00:00+00:00,-0.0065460433,0.2503455,3.3666363,0.65684825,0.9297227,0.12013019,0.33623892,0.21714084,0.50435835,0.09588652,0.27183187,0.6322816,0.8687458,2.3839192,0.6322816,0.09588652,Patch,139.95288,348.42148,213.18182,141.55629,200.70343,141.55629,Patch,1,-1.6034088,60.75055,135.76712
906,2024-09-06 01:00:00+00:00,-0.0062094657,0.2487072,3.3576226,0.65402365,0.9242277,0.10797457,0.37183365,0.24362105,0.55775046,0.09488969,0.27140102,0.63370925,0.8664948,2.3785589,0.63370925,0.09488969,Patch,143.2151,322.16702,310.91794,142.126,213.47462,142.126,Patch,1,1.0890961,70.25952,132.5049
907,2024-09-06 02:00:00+00:00,-0.006068061,0.24844046,3.3606348,0.6525639,0.9236789,0.10157154,0.3172735,0.20486459,0.47591028,0.09649795,0.27194044,0.6315616,0.8699884,2.3868833,0.6315616,0.09649795,Patch,133.43053,306.3295,294.5536,129.24023,191.32521,129.24023,Patch,1,4.1902924,57.894684,142.28947
908,2024-09-06 03:00:00+00:00,-0.00610531,0.24822393,3.3661802,0.6529411,0.92537594,0.10999017,0.28064275,0.1771253,0.42096418,0.09751391,0.2723479,0.63013816,0.8722331,2.392247,0.63013816,0.09751391,Patch,136.53516,299.21674,280.91995,129.9574,188.96419,129.9574,Patch,1,6.577759,52.42903,139.18484
909,2024-09-06 04:00:00+00:00,-0.0062774695,0.24797031,3.3761728,0.6545089,0.92680836,0.119668044,0.27344388,0.17386195,0.4101658,0.09761582,0.27243426,0.6299499,0.8724956,2.3928752,0.6299499,0.09761582,Patch,134.78221,304.55588,267.21194,132.0233,191.47499,132.0233,Patch,1,2.7589111,56.69278,140.93779
910,2024-09-06 05:00:00+00:00,-0.006547363,0.24805887,3.3837488,0.6564002,0.9287991,0.13198596,0.28104633,0.17821674,0.42156947,0.097251944,0.27237728,0.6303708,0.87176853,2.391136,0.6303708,0.097251944,Patch,129.76923,309.52512,244.1533,118.072975,191.31956,118.072975,Patch,1,11.696251,61.55034,145.95078
911,2024-09-06 06:00:00+00:00,-0.0068792496,0.24809289,3.3878858,0.65806335,0.9308382,0.14724456,0.27786964,0.17769155,0.4168045,0.0972441,0.2724468,0.63030916,0.8718121,2.3912401,0.63030916,0.0972441,Patch,144.25964,304.11475,240.58289,152.37897,197.74109,152.37897,Patch,1,-8.119324,53.481445,131.46036
912,2024-09-06 07:00:00+00:00,-0.007247413,0.24814652,3.4036443,0.6597174,0.93309623,0.1615972,0.2643612,0.16824472,0.39654177,0.09746574,0.27261448,0.6299198,0.8723666,2.3925664,0.6299198,0.09746574,Patch,139.09058,288.35858,238.71747,147.59987,187.9117,147.59987,Patch,1,-8.509293,48.82112,136.62943
913,2024-09-06 08:00:00+00:00,-0.0075987303,0.24785009,3.4063091,0.66107017,0.934772,0.17695074,0.21429607,0.1375342,0.3214441,0.09891663,0.27317226,0.62791115,0.8755268,2.4001393,0.62791115,0.09891663,Patch,143.55823,280.12552,266.80106,101.95742,199.69232,101.95742,Patch,1,41.600807,56.134094,132.16177
914,2024-09-06 09:00:00+00:00,-0.007880476,0.24682364,3.3995852,0.66165316,0.9363116,0.18459785,0.23120505,0.14678659,0.34680757,0.09829425,0.272972,0.6287338,0.87420726,2.3969746,0.6287338,0.09829425,Patch,178.6469,292.26987,298.2654,122.86851,224.35835,122.86851,Patch,1,55.77839,45.711456,97.073105
915,2024-09-06 10:00:00+00:00,-0.008022597,0.24795778,3.3937771,0.6618618,0.93557423,0.24001093,0.2630431,0.17024973,0.39456463,0.09623711,0.27237418,0.6313887,0.86986303,2.386584,0.6313887,0.09623711,Patch,191.65547,336.10983,347.64792,130.79286,248.4876,130.79286,Patch,1,60.86261,56.832123,84.06453
916,2024-09-06 11:00:00+00:00,-0.00808263,0.24714513,3.3894048,0.66271716,0.9339197,0.27483287,0.28243315,0.18454394,0.42364973,0.094878346,0.27194232,0.63317937,0.86693144,2.3795977,0.63317937,0.094878346,Patch,197.15892,383.26453,360.1067,134.42343,266.13162,134.42343,Patch,1,62.73549,68.9727,78.56108
917,2024-09-06 12:00:00+00:00,-0.008052463,0.2458914,3.3909407,0.66427195,0.93231857,0.24191363,0.29041278,0.18941927,0.43561912,0.095426224,0.2720936,0.6324802,0.86809725,2.3823733,0.6324802,0.095426224,Patch,189.1316,398.53174,340.61246,146.28162,261.91504,146.28162,Patch,1,42.84999,72.78343,86.588394
918,2024-09-06 13:00:00+00:00,-0.007928827,0.24477006,3.3935375,0.6653764,0.93173015,0.20076232,0.26686525,0.17106056,0.40029788,0.09691931,0.272521,0.63055974,0.8712668,2.3899364,0.63055974,0.09691931,Patch,206.64613,414.62817,315.38232,183.60327,278.9108,183.60327,Patch,1,23.042862,72.26466,69.07387
919,2024-09-06 14:00:00+00:00,-0.0077133495,0.24351981,3.3939273,0.6656205,0.93326426,0.18589623,0.27578992,0.17382133,0.41368484,0.09692551,0.2724951,0.63057935,0.8712567,2.3899124,0.63057935,0.09692551,Patch,230.96016,440.4131,303.66928,205.0449,297.4692,205.0449,Patch,1,25.915253,66.50905,44.759842
920,2024-09-06 15:00:00+00:00,-0.0073912633,0.24249128,3.3885934,0.66440856,0.9373818,0.1750803,0.2844928,0.17955568,0.42673916,0.096837595,0.27240843,0.63075405,0.8710192,2.3893447,0.63075405,0.096837595,Patch,257.0871,483.2035,329.3018,222.8604,330.0731,222.8604,Patch,1,34.2267,72.98599,18.632904
921,2024-09-06 16:00:00+00:00,-0.006945822,0.24249007,3.3703587,0.66191334,0.94678473,0.16132213,0.32299393,0.20600682,0.48449087,0.096087806,0.27208093,0.6318312,0.86933523,2.3853247,0.6318312,0.096087806,Patch,306.4295,518.3374,340.866,293.58817,361.99777,293.58817,Patch,1,12.841339,55.568268,-30.709503
922,2024-09-06 17:00:00+00:00,-0.006378582,0.24340788,3.3332808,0.6589457,0.9585166,0.16410169,0.38316998,0.24337709,0.57475495,0.09477464,0.27164346,0.63358194,0.86648166,2.3785276,0.63358194,0.09477464,Patch,352.1224,532.4824,365.07007,378.81458,389.5492,365.07007,TCN,0,-12.947662,37.42679,-76.402405
923,2024-09-06 18:00:00+00:00,-0.005704116,0.24420118,3.2749612,0.65754664,0.97322255,0.18145879,0.3775204,0.23676336,0.5662806,0.0950437,0.27164742,0.6333089,0.8669958,2.379751,0.6333089,0.0950437,Patch,402.22107,547.2495,407.39258,438.80795,428.26953,407.39258,TCN,0,-5.171509,26.048462,-126.50107
924,2024-09-06 19:00:00+00:00,-0.0049159513,0.24504364,3.2016447,0.66039824,0.9822587,0.20986705,0.34463224,0.21837887,0.51694834,0.095624045,0.2716021,0.63277394,0.86805606,2.3822753,0.63277394,0.095624045,Patch,430.20688,566.41705,401.8308,448.43942,452.2913,401.8308,TCN,0,28.376068,22.084412,-154.48688
925,2024-09-06 20:00:00+00:00,-0.0040376205,0.24544372,3.3359122,0.66706073,0.98518926,0.27064702,0.31551206,0.2025497,0.4732681,0.09475216,0.27172622,0.63352156,0.8665091,2.3785927,0.63352156,0.09475216,Patch,437.08655,585.90173,450.67343,434.67154,466.37683,434.67154,Patch,1,2.4150085,29.290283,-161.36655
926,2024-09-06 21:00:00+00:00,-0.0031273954,0.24469884,3.312895,0.678995,0.9815808,0.3405284,0.2878719,0.18571699,0.43180776,0.09413253,0.27149254,0.6343749,0.8651312,2.3753178,0.6343749,0.09413253,Patch,459.2152,601.42316,485.37045,443.0765,498.1489,443.0765,Patch,1,16.138702,38.933685,-183.49521
927,2024-09-06 22:00:00+00:00,-0.0022866642,0.24364607,3.2738495,0.69136345,0.9784707,0.3115596,0.27797592,0.18109755,0.41696382,0.09516974,0.27161047,0.6332198,0.8672035,2.380245,0.6332198,0.09516974,Patch,464.72775,620.3084,488.77515,472.97852,498.52072,472.97852,Patch,1,-8.250763,33.79297,-189.00775
928,2024-09-06 23:00:00+00:00,-0.0015705652,0.24404055,3.2481847,0.70081764,0.97711015,0.2459387,0.29998308,0.1949517,0.44997463,0.0960848,0.27166033,0.6322549,0.8689747,2.384465,0.6322549,0.0960848,Patch,512.79004,636.72675,529.1484,537.2969,530.34955,529.1484,TCN,0,-16.358337,17.55951,-237.07004
929,2024-09-07 00:00:00+00:00,-0.0009501155,0.24295488,3.2389982,0.7090332,0.97689486,0.2403204,0.3397686,0.21708247,0.50965285,0.0951912,0.27130625,0.63350254,0.8669864,2.3797286,0.63350254,0.0951912,Patch,569.6318,652.16,513.1065,623.70844,567.1701,513.1065,TCN,0,56.52527,-2.46167,-293.91177
930,2024-09-07 01:00:00+00:00,-0.00050515577,0.24241678,3.2333477,0.7144624,0.9772085,0.20298874,0.37163472,0.23850636,0.5574521,0.095175065,0.2711704,0.63365453,0.8668406,2.3793817,0.63365453,0.095175065,Patch,601.22546,646.3728,472.4507,680.1247,577.2649,472.4507,TCN,0,128.77475,-23.960571,-325.50546
931,2024-09-07 02:00:00+00:00,-0.00026901846,0.24140154,3.2351615,0.718242,0.97845405,0.154212,0.32194835,0.20830183,0.4829225,0.09753001,0.27173626,0.6307337,0.8717491,2.3910894,0.6307337,0.09753001,Patch,655.0894,639.87445,609.2723,692.4053,636.382,609.2723,TCN,0,45.81714,-18.707397,-379.36942
932,2024-09-07 03:00:00+00:00,-0.00024134379,0.24056889,3.2454078,0.7205165,0.9783742,0.1222241,0.3042197,0.19721937,0.45632952,0.09866295,0.27202043,0.62931657,0.87409496,2.3967054,0.62931657,0.09866295,Patch,721.67145,646.11395,720.701,742.7126,698.9631,646.11395,GRU,0,75.557495,-22.708374,-445.95145
933,2024-09-07 04:00:00+00:00,-0.0003952635,0.24084663,3.2614012,0.72196305,0.97717834,0.12100652,0.31009644,0.19929945,0.46514463,0.098332934,0.27193838,0.6297287,0.87341404,2.3950737,0.6297287,0.098332934,Patch,825.60236,651.0118,775.6113,883.5376,763.041,651.0118,GRU,0,174.59058,-62.56134,-549.8823
934,2024-09-07 05:00:00+00:00,-0.0006847897,0.24102,3.2732048,0.7230334,0.9767138,0.115687035,0.34011024,0.21407476,0.51016533,0.097317845,0.27160832,0.63107383,0.8712449,2.3898842,0.63107383,0.097317845,Patch,868.6968,638.18054,762.1425,957.0166,780.4265,638.18054,GRU,0,230.51624,-88.27026,-592.9768
935,2024-09-07 06:00:00+00:00,-0.0010749545,0.24112289,3.278909,0.7239049,0.97643876,0.109427385,0.33225295,0.20825669,0.4983794,0.09756397,0.27166435,0.6307717,0.8717519,2.391096,0.6307717,0.09756397,Patch,859.4821,633.2417,732.1027,952.31024,770.2495,633.2417,GRU,0,226.24042,-89.232605,-583.7621
936,2024-09-07 07:00:00+00:00,-0.0015202818,0.24121556,3.2841902,0.724659,0.9764459,0.11432841,0.30773816,0.1948667,0.46160722,0.09827319,0.2719297,0.6297971,0.87329566,2.3947904,0.6297971,0.09827319,Patch,842.4248,631.81586,729.09406,924.2214,761.7104,631.81586,GRU,0,210.60895,-80.71442,-566.70483
937,2024-09-07 08:00:00+00:00,-0.0019844156,0.24125686,3.2776864,0.7244509,0.9771093,0.12654571,0.27903557,0.17806634,0.41855332,0.09917167,0.27228314,0.62854517,0.87525606,2.3994896,0.62854517,0.09917167,Patch,796.85223,618.0855,713.07733,861.3489,730.8372,618.0855,GRU,0,178.76672,-66.015015,-521.1322
938,2024-09-07 09:00:00+00:00,-0.0024446046,0.24109483,3.250226,0.722675,0.9781305,0.14010565,0.24108261,0.15613064,0.36162388,0.10017835,0.27254933,0.62727237,0.877331,2.4044738,0.62727237,0.10017835,Patch,716.83765,599.1675,590.4815,790.5319,660.0603,590.4815,TCN,0,126.35614,-56.777344,-441.11765
939,2024-09-07 10:00:00+00:00,-0.0028534562,0.24083413,3.20153,0.7185856,0.9791993,0.13219371,0.23792987,0.15624958,0.3568948,0.10064758,0.2725232,0.6268292,0.8781688,2.406489,0.6268292,0.10064758,Patch,633.2578,577.3615,478.90018,709.3421,588.53467,478.90018,TCN,0,154.35764,-44.723145,-357.5378
940,2024-09-07 11:00:00+00:00,-0.003193444,0.23898084,3.1589804,0.71442604,0.980145,0.14872536,0.2534498,0.16643322,0.38017473,0.09995426,0.2722231,0.6278227,0.87664735,2.4028304,0.6278227,0.09995426,Patch,597.2176,554.89105,432.60742,675.33105,554.27655,432.60742,TCN,0,164.61017,-42.94104,-321.4976
941,2024-09-07 12:00:00+00:00,-0.0033790707,0.23682344,3.136031,0.71238726,0.98092604,0.1618927,0.24638288,0.16218574,0.3695743,0.09994528,0.2721777,0.62787706,0.87659293,2.4026997,0.62787706,0.09994528,Patch,629.6634,552.07623,476.3585,708.4847,578.9416,476.3585,TCN,0,153.3049,-50.7218,-353.9434
942,2024-09-07 13:00:00+00:00,-0.003392229,0.23584433,3.1260958,0.7122065,0.9818083,0.17802715,0.24521862,0.15746358,0.3678279,0.099663146,0.272115,0.62822187,0.8760215,2.401327,0.62822187,0.099663146,Patch,685.6879,566.60846,566.5788,756.1712,629.78613,566.5788,TCN,0,119.10913,-55.901794,-409.96793
943,2024-09-07 14:00:00+00:00,-0.003292842,0.2340385,3.118995,0.7126337,0.9817803,0.20364594,0.27863064,0.17717442,0.41794595,0.09809439,0.27167076,0.6302348,0.87274563,2.3934734,0.6302348,0.09809439,Patch,679.43866,571.2503,570.7696,743.1211,628.3804,570.7696,TCN,0,108.66907,-51.05829,-403.71866
944,2024-09-07 15:00:00+00:00,-0.0030873765,0.23289001,3.1146371,0.71347743,0.97823924,0.22696199,0.30545664,0.2023257,0.45818496,0.09676973,0.27125672,0.63197356,0.86992145,2.3867235,0.63197356,0.09676973,Patch,638.28516,571.6125,477.0155,717.71484,588.7808,477.0155,TCN,0,161.26965,-49.504333,-362.56516
945,2024-09-07 16:00:00+00:00,-0.002812088,0.23240459,3.11239,0.71342766,0.9675335,0.23997502,0.37164032,0.24095917,0.5574605,0.09460022,0.2706675,0.6347323,0.8653208,2.3757682,0.6347323,0.09460022,Patch,628.3368,551.2385,374.08447,748.24774,557.8569,374.08447,TCN,0,254.25232,-70.47992,-352.6168
946,2024-09-07 17:00:00+00:00,-0.0024942046,0.23238665,3.1159976,0.7107265,0.94854486,0.26639143,0.4059163,0.2588993,0.60887444,0.09297556,0.27031398,0.6367105,0.8619095,2.3676777,0.6367105,0.09297556,Patch,608.1627,517.82855,319.14798,744.0544,527.0103,319.14798,TCN,0,289.01474,-81.152405,-332.44272
947,2024-09-07 18:00:00+00:00,-0.0021753,0.2322351,3.1286933,0.7033667,0.927197,0.3346587,0.4013687,0.25424042,0.60205305,0.091415614,0.2700881,0.6384962,0.858699,2.3600883,0.6384962,0.091415614,Patch,562.8831,491.11877,295.1421,700.8636,484.32166,295.1421,TCN,0,267.74103,-78.56146,-287.16312
948,2024-09-07 19:00:00+00:00,-0.0018600954,0.23226538,3.1627982,0.69264376,0.9065758,0.4359146,0.33549845,0.21171355,0.50324774,0.09061303,0.2701266,0.63926035,0.8571682,2.3564782,0.63926035,0.09061303,Patch,490.63574,475.85477,276.18112,595.9754,439.37863,276.18112,TCN,0,214.45462,-51.25711,-214.91574
949,2024-09-07 20:00:00+00:00,-0.0015110223,0.23204733,3.2305171,0.68004227,0.8861635,0.53341204,0.24915907,0.16038534,0.3737386,0.08995319,0.2701116,0.6399352,0.85586333,2.3534055,0.6399352,0.08995319,Patch,466.9269,486.08694,338.92587,518.26196,447.7583,338.92587,TCN,0,128.00104,-19.16861,-191.20691
950,2024-09-07 21:00:00+00:00,-0.0011806521,0.23138623,3.333621,0.6666215,0.86851144,0.6121046,0.22046101,0.14135759,0.3306915,0.08784809,0.269594,0.64255786,0.8512558,2.3425868,0.64255786,0.08784809,Patch,425.00412,494.67203,388.5333,430.7811,437.9955,388.5333,TCN,0,36.470825,12.991394,-149.28412
951,2024-09-07 22:00:00+00:00,-0.00091626303,0.23101076,3.429173,0.65425205,0.8564874,0.63475704,0.20194213,0.12955993,0.30291316,0.08690141,0.26935795,0.64374065,0.8491607,2.337684,0.64374065,0.08690141,Patch,353.43457,475.8755,356.91995,335.4474,389.4142,335.4474,Patch,1,17.987183,35.979645,-77.71457
952,2024-09-07 23:00:00+00:00,-0.00072780356,0.23102088,3.4987028,0.64408374,0.85701466,0.6221651,0.21611457,0.13755573,0.32417187,0.08635171,0.2692558,0.6443925,0.8479688,2.3348994,0.6443925,0.08635171,Patch,281.76648,435.4945,314.70557,251.90706,332.44894,251.90706,Patch,1,29.85942,50.682465,-6.0464783
953,2024-09-08 00:00:00+00:00,-0.00058621296,0.23034133,3.5528402,0.63576263,0.87207264,0.65771145,0.24896929,0.15733378,0.37345386,0.084566645,0.26866806,0.64676523,0.84384465,2.3252897,0.64676523,0.084566645,Patch,234.16307,418.74658,308.2236,196.72705,302.0778,196.72705,Patch,1,37.43602,67.91472,41.55693
954,2024-09-08 01:00:00+00:00,-0.000560498,0.22940996,3.5650015,0.62894714,0.8995904,0.68820214,0.2751177,0.17584896,0.41267654,0.083556145,0.26834205,0.6481018,0.84149474,2.319832,0.6481018,0.083556145,Patch,223.3783,388.33853,320.89087,181.4508,288.60782,181.4508,Patch,1,41.92749,65.22952,52.341705
955,2024-09-08 02:00:00+00:00,-0.00069529715,0.22891232,3.5401323,0.6237157,0.91950125,0.7313114,0.2947521,0.18752918,0.44212815,0.08251923,0.26797596,0.64950484,0.83903956,2.3141434,0.64950484,0.08251923,Patch,197.69067,357.87402,340.85648,147.054,271.0878,147.054,Patch,1,50.636673,73.397125,78.02933
956,2024-09-08 03:00:00+00:00,-0.0009823481,0.22876982,3.4976466,0.6194547,0.9335543,0.8017952,0.28309187,0.18001263,0.4246378,0.081630565,0.2676349,0.6507346,0.83689797,2.3091927,0.6507346,0.081630565,Patch,190.32076,338.69925,351.64502,135.94604,263.93994,135.94604,Patch,1,54.37471,73.61919,85.39925
957,2024-09-08 04:00:00+00:00,-0.0013913539,0.2287819,3.644498,0.6159483,0.9368364,0.8434987,0.23072249,0.14672153,0.34608373,0.08145401,0.26768175,0.65086424,0.8365729,2.308442,0.65086424,0.08145401,Patch,214.342,326.92877,324.0577,161.17693,267.20084,161.17693,Patch,1,53.16507,52.85884,61.378006
958,2024-09-08 05:00:00+00:00,-0.001890912,0.2289663,3.7924645,0.6131886,0.934765,0.8505127,0.18962698,0.12254189,0.2844405,0.08174377,0.26792002,0.6503362,0.8373859,2.31032,0.6503362,0.08174377,Patch,232.00293,318.87393,302.52426,192.03084,271.14307,192.03084,Patch,1,39.97209,39.140137,43.71707
959,2024-09-08 06:00:00+00:00,-0.0024368903,0.2289935,3.84667,0.61076266,0.93430823,0.8536589,0.15863343,0.10200109,0.23795013,0.08223466,0.26819122,0.6495741,0.8386425,2.3132246,0.6495741,0.08223466,Patch,248.38033,312.8181,289.15317,226.87752,274.31662,226.87752,Patch,1,21.502808,25.936295,27.339676
960,2024-09-08 07:00:00+00:00,-0.0030107282,0.2290349,3.8607533,0.6083022,0.9363614,0.8692529,0.16716227,0.1077319,0.2507434,0.08168923,0.26799,0.6503207,0.8373349,2.3102016,0.6503207,0.08168923,Patch,241.80437,305.79703,267.49988,232.94249,263.0081,232.94249,Patch,1,8.861877,21.20372,33.915634
961,2024-09-08 08:00:00+00:00,-0.003584319,0.2290316,3.7993436,0.60596955,0.9400432,0.87960243,0.19985585,0.13093734,0.29978377,0.08093483,0.2676275,0.6514377,0.83544374,2.3058372,0.6514377,0.08093483,Patch,250.01402,290.77133,244.96257,264.98444,252.53978,244.96257,TCN,0,5.0514526,2.5257568,25.705978
962,2024-09-08 09:00:00+00:00,-0.0041360967,0.22894658,3.7284393,0.60399985,0.94529694,0.85778505,0.23534524,0.15279141,0.3530178,0.08083178,0.267545,0.6516232,0.83515537,2.3051724,0.6516232,0.08083178,Patch,251.31221,277.0548,239.13994,280.13208,247.46484,239.13994,TCN,0,12.172272,-3.8473663,24.407791
963,2024-09-08 10:00:00+00:00,-0.00463276,0.22886118,3.6600397,0.60210276,0.95152265,0.81287766,0.23165219,0.14758967,0.34747833,0.08215335,0.26806134,0.6497852,0.8383594,2.3125699,0.6497852,0.08215335,Patch,211.23352,286.9265,244.08644,229.86812,227.07207,229.86812,Patch,1,-18.634598,15.838547,64.48648
964,2024-09-08 11:00:00+00:00,-0.005063157,0.22723716,3.6057692,0.6002832,0.95753294,0.7559581,0.24625878,0.15607423,0.3693882,0.08330057,0.26849595,0.6482035,0.8411064,2.318931,0.6482035,0.08330057,Patch,195.25713,289.1238,222.78069,239.45563,207.66345,222.78069,TCN,0,-27.52356,12.406326,80.462875
965,2024-09-08 12:00:00+00:00,-0.005354402,0.22616021,3.5724752,0.5992249,0.9631353,0.7672871,0.25849178,0.16813505,0.3877377,0.082982354,0.2683437,0.648674,0.8403185,2.3171048,0.648674,0.082982354,Patch,227.83722,289.65952,240.13737,288.9825,228.17595,240.13737,TCN,0,-12.300156,0.33872986,47.882782
966,2024-09-08 13:00:00+00:00,-0.00551973,0.22533831,3.5562222,0.59876215,0.96714014,0.8028247,0.25460622,0.16498414,0.3819093,0.082439534,0.26813242,0.64942807,0.8390135,2.314083,0.64942807,0.082439534,Patch,263.99,290.47827,242.52522,315.6751,250.25356,242.52522,TCN,0,21.464767,-13.736435,11.730011
967,2024-09-08 14:00:00+00:00,-0.0056008385,0.22410697,3.5495925,0.59924203,0.96692157,0.7544424,0.26972207,0.173473,0.40458307,0.083149165,0.26840982,0.64844096,0.8407198,2.318035,0.64844096,0.083149165,Patch,247.10236,270.36487,220.89754,294.8959,229.57121,220.89754,TCN,0,26.204819,-17.531143,28.617645
968,2024-09-08 15:00:00+00:00,-0.005602875,0.22296587,3.5587199,0.60087365,0.9616127,0.6635316,0.28520486,0.18385595,0.42780727,0.084644616,0.26897362,0.64638174,0.8442713,2.326282,0.64638174,0.084644616,Patch,210.11255,243.85278,220.94714,252.4868,199.46782,220.94714,TCN,0,-10.834595,-10.64473,65.60745
969,2024-09-08 16:00:00+00:00,-0.0055287136,0.22189489,3.5948343,0.6045507,0.95306665,0.5312975,0.25140217,0.16021287,0.37710327,0.088036425,0.270193,0.6417705,0.85214955,2.3446815,0.6417705,0.088036425,Patch,206.20467,234.65804,227.99292,236.39862,193.81856,227.99292,TCN,0,-21.788254,-12.386108,69.515335
970,2024-09-08 17:00:00+00:00,-0.005386266,0.2209867,3.6694634,0.6106131,0.9408077,0.40016112,0.21722761,0.14059125,0.3258414,0.09126882,0.27130574,0.6374254,0.8594575,2.3618789,0.6374254,0.09126882,Patch,203.7041,238.89917,228.11357,225.46869,193.39949,225.46869,Patch,1,-21.764587,-10.304611,72.0159
971,2024-09-08 18:00:00+00:00,-0.005180654,0.22050849,3.7994251,0.61872554,0.91917807,0.28983438,0.20076708,0.1308856,0.30115062,0.09308478,0.27195403,0.6349612,0.86351734,2.3714874,0.6349612,0.09308478,Patch,193.5208,244.59814,233.62166,218.13562,194.92976,218.13562,Patch,1,-24.614822,1.4089661,82.1992
972,2024-09-08 19:00:00+00:00,-0.004907035,0.21991496,4.0138817,0.627584,0.89618236,0.20447592,0.19165638,0.12391053,0.2874846,0.09199961,0.27125618,0.63674426,0.8608322,2.3651283,0.63674426,0.09199961,Patch,192.97949,256.8877,225.54626,218.37553,202.06633,218.37553,Patch,1,-25.396042,9.086838,82.74051
973,2024-09-08 20:00:00+00:00,-0.0045313574,0.22035685,4.338929,0.6384025,0.8829157,0.19455667,0.2139632,0.13784724,0.32094485,0.08894464,0.27011064,0.6409448,0.8538771,2.3487356,0.6409448,0.08894464,Patch,205.33614,271.90262,218.70064,222.95589,205.30554,218.70064,TCN,0,-13.364502,-0.030593872,70.383865
974,2024-09-08 21:00:00+00:00,-0.0040697595,0.22071157,4.5165815,0.6504293,0.8915236,0.20700276,0.2804867,0.1783756,0.42073008,0.086263545,0.2690576,0.64467883,0.84761846,2.3340814,0.64467883,0.086263545,Patch,214.69067,284.48804,256.3867,237.50758,215.50154,237.50758,Patch,1,-22.81691,0.8108673,61.029327
975,2024-09-08 22:00:00+00:00,-0.0036022689,0.2189536,4.546851,0.66170585,0.9130264,0.21327801,0.34447464,0.21768066,0.51671195,0.084916025,0.2684881,0.64659584,0.8443966,2.3265736,0.64659584,0.084916025,Patch,197.295,306.70154,242.6563,246.46953,201.94629,242.6563,TCN,0,-45.361298,4.651291,78.425
976,2024-09-08 23:00:00+00:00,-0.003197734,0.21819764,4.573772,0.67159146,0.9292679,0.20955245,0.39050144,0.24548551,0.58575207,0.08407643,0.26811025,0.6478133,0.8423544,2.321827,0.6478133,0.08407643,Patch,195.95305,326.43118,205.55273,270.96744,200.18535,205.55273,TCN,0,-9.599686,4.2323,79.76695
977,2024-09-09 00:00:00+00:00,-0.002828467,0.21632758,4.2408776,0.6802561,0.9392189,0.21964829,0.40449184,0.25573862,0.60673773,0.085862674,0.26877722,0.6453601,0.8465657,2.3316257,0.6453601,0.085862674,Patch,222.8604,344.42435,191.43433,308.36093,214.29497,191.43433,TCN,0,31.426071,-8.56543,52.859604
978,2024-09-09 01:00:00+00:00,-0.0026152094,0.21503052,3.6271868,0.6890126,0.9455126,0.2199503,0.35554904,0.22362499,0.5333235,0.092140414,0.27096233,0.63689727,0.8608537,2.365179,0.63689727,0.092140414,Patch,238.89848,331.20483,142.56267,324.13315,217.77821,142.56267,TCN,0,96.335815,-21.12027,36.821518
979,2024-09-09 02:00:00+00:00,-0.0025919133,0.21375696,3.3781629,0.69684285,0.9494003,0.21087617,0.32292682,0.20331621,0.4843902,0.095170364,0.27167422,0.63315547,0.86725855,2.3803763,0.63315547,0.095170364,Patch,256.92386,291.95007,150.1675,343.0654,218.78206,150.1675,TCN,0,106.75636,-38.1418,18.796143
980,2024-09-09 03:00:00+00:00,-0.0027506957,0.2126319,3.4057922,0.70189637,0.95070785,0.2061307,0.32241914,0.2011457,0.4836287,0.09520539,0.27171728,0.6330773,0.86736137,2.380621,0.6330773,0.09520539,Patch,259.87622,273.96982,138.07182,358.37173,208.321,138.07182,TCN,0,121.8044,-51.55522,15.8437805
981,2024-09-09 04:00:00+00:00,-0.0030502188,0.21181443,3.3754063,0.7050145,0.9503624,0.20505397,0.29718605,0.19328743,0.44577903,0.096028626,0.27184567,0.63212574,0.86902535,2.3845854,0.63212574,0.096028626,Patch,195.40083,256.82657,180.48015,276.23764,173.13147,180.48015,TCN,0,14.920685,-22.269363,80.31917
982,2024-09-09 05:00:00+00:00,-0.003448747,0.21130128,3.3240397,0.70728725,0.9488949,0.20131427,0.3163048,0.20919752,0.4744572,0.09575846,0.27158824,0.63265336,0.8682983,2.3828523,0.63265336,0.09575846,Patch,146.36186,252.17122,224.26787,216.95012,137.9146,216.95012,Patch,1,-70.58826,-8.447266,129.35814
983,2024-09-09 06:00:00+00:00,-0.003912365,0.21106772,3.2747612,0.7091781,0.946688,0.20448793,0.33340853,0.2135523,0.5001128,0.09537909,0.27134648,0.63327444,0.8673764,2.3806567,0.63327444,0.09537909,Patch,124.81646,250.70966,260.40543,165.6425,132.38031,165.6425,Patch,1,-40.826042,7.5638504,150.90353
984,2024-09-09 07:00:00+00:00,-0.0044081067,0.21092032,3.2367435,0.71143186,0.9435445,0.20522387,0.3533216,0.22362497,0.5299824,0.0949438,0.27110013,0.633956,0.8663421,2.3781958,0.633956,0.0949438,Patch,115.30837,243.87337,284.8314,125.10752,136.51703,125.10752,Patch,1,-9.799149,21.208656,160.41162
985,2024-09-09 08:00:00+00:00,-0.004893637,0.21136302,3.2288377,0.715181,0.9302346,0.21442069,0.41227084,0.26177236,0.61840624,0.09322054,0.2705835,0.636196,0.8626112,2.3693392,0.636196,0.09322054,Patch,111.56588,242.52563,349.7952,89.63619,142.84123,89.63619,Patch,1,21.929688,31.275352,164.15411
986,2024-09-09 09:00:00+00:00,-0.005333703,0.21193811,3.2382917,0.71961135,0.9011841,0.21964218,0.46314442,0.2951331,0.69471663,0.09157079,0.2701156,0.63831353,0.85902405,2.3608556,0.63831353,0.09157079,Patch,97.87345,254.83968,404.10318,84.50692,144.05742,84.50692,Patch,1,13.366531,46.183968,177.84656
987,2024-09-09 10:00:00+00:00,-0.005645154,0.21536256,3.2365746,0.7237721,0.7959716,0.23642647,0.6008546,0.3856839,0.90128183,0.08490838,0.26742578,0.64766586,0.84344435,2.3243592,0.64766586,0.08490838,Patch,178.43208,267.88876,635.8776,71.392944,233.47887,71.392944,Patch,1,107.03914,55.046783,97.28792
988,2024-09-09 11:00:00+00:00,-0.0058846013,0.21508619,3.2061572,0.7270097,0.65561175,0.26761284,0.68538,0.43226823,1.02807,0.07755023,0.26352027,0.65892947,0.82458496,2.280934,0.65892947,0.07755023,Patch,178.1969,317.12198,725.0074,75.57537,262.8677,75.57537,Patch,1,102.62153,84.67081,97.5231
989,2024-09-09 12:00:00+00:00,-0.006023773,0.21411057,3.1650648,0.7282059,0.5485425,0.30821946,0.64011663,0.40318117,0.9601749,0.07526664,0.26196712,0.6627663,0.8182256,2.2664745,0.6627663,0.07526664,Patch,190.92357,331.79837,677.0577,72.114105,261.21072,72.114105,Patch,1,118.80946,70.287155,84.79643
990,2024-09-09 13:00:00+00:00,-0.0060761226,0.21374495,3.1345162,0.72823066,0.47836727,0.34323883,0.4954478,0.3173654,0.7431717,0.07738425,0.26297748,0.6596383,0.8237312,2.2789874,0.6596383,0.07738425,Patch,152.41759,341.02213,481.84097,78.17844,235.67482,78.17844,Patch,1,74.23915,83.25723,123.302414
991,2024-09-09 14:00:00+00:00,-0.0060701566,0.21330394,3.1081078,0.7274485,0.42997465,0.37125596,0.37168086,0.23878275,0.55752134,0.07972654,0.26402193,0.65625155,0.8296652,2.292551,0.65625155,0.07972654,Patch,147.81465,330.82397,343.15552,95.15629,228.10077,95.15629,Patch,1,52.658363,80.28612,127.90535
992,2024-09-09 15:00:00+00:00,-0.006007302,0.21305808,3.0870333,0.72616965,0.4042136,0.40905198,0.31904072,0.20260899,0.47856104,0.080412515,0.2644348,0.6551527,0.8314829,2.296722,0.6551527,0.080412515,Patch,130.85521,321.455,282.7617,106.308136,207.82356,106.308136,Patch,1,24.547073,76.96835,144.86479
993,2024-09-09 16:00:00+00:00,-0.0058927024,0.21291046,3.066686,0.72428197,0.39300066,0.4503065,0.3273925,0.20895338,0.49108872,0.07938782,0.26408166,0.6565305,0.82900476,2.2910376,0.6565305,0.07938782,Patch,136.05421,317.00467,257.92056,138.06282,203.3845,138.06282,Patch,1,-2.008606,67.33029,139.66579
994,2024-09-09 17:00:00+00:00,-0.0057281237,0.21271089,3.1552556,0.7215289,0.39680126,0.4894282,0.3233925,0.20492494,0.48508877,0.07848854,0.263923,0.6575884,0.8269544,2.2863448,0.6575884,0.07848854,Patch,148.29993,327.0399,256.2952,154.24117,206.98036,154.24117,Patch,1,-5.9412384,58.680435,127.420074
995,2024-09-09 18:00:00+00:00,-0.0055108033,0.21229525,3.2189615,0.7180516,0.4180562,0.5289697,0.3112942,0.1970408,0.4669413,0.0786237,0.26432323,0.6570531,0.82760644,2.287836,0.6570531,0.0786237,Patch,188.4842,337.09506,275.62518,189.35364,233.26753,189.35364,Patch,1,-0.86943054,44.783325,87.235794
996,2024-09-09 19:00:00+00:00,-0.0052108928,0.2121916,3.3819883,0.71312237,0.4488503,0.5697987,0.26388964,0.16839758,0.39583445,0.07935208,0.26505327,0.6555947,0.8298116,2.2928867,0.6555947,0.07935208,Patch,207.38484,331.19522,262.7887,194.4627,248.0767,194.4627,Patch,1,12.922134,40.691864,68.33516
997,2024-09-09 20:00:00+00:00,-0.004826422,0.21239355,3.5651772,0.70626575,0.48051718,0.56720257,0.23359513,0.15011613,0.3503927,0.08049179,0.2659476,0.6535606,0.83301544,2.3002448,0.6535606,0.08049179,Patch,205.09172,316.25723,271.9795,182.02258,249.46678,182.02258,Patch,1,23.069138,44.37506,70.62828
998,2024-09-09 21:00:00+00:00,-0.0043695117,0.21272874,3.7074995,0.6976914,0.5139418,0.51507664,0.23090482,0.14677338,0.34635723,0.08117467,0.2662894,0.6525359,0.834749,2.3042355,0.6525359,0.08117467,Patch,209.7271,320.42584,257.87833,200.06139,245.37611,200.06139,Patch,1,9.66571,35.649017,65.992905
999,2024-09-09 22:00:00+00:00,-0.0039147837,0.21189791,3.6029522,0.6888739,0.5615442,0.46900478,0.23101684,0.14748546,0.34652525,0.083795205,0.267533,0.6486718,0.84126925,2.319309,0.6486718,0.083795205,Patch,241.2215,343.68753,241.96088,240.00365,266.67752,240.00365,Patch,1,1.2178497,25.456024,34.498505
1000,2024-09-09 23:00:00+00:00,-0.0035278923,0.21159817,3.4832933,0.6817093,0.605794,0.4473985,0.24331021,0.15442613,0.36496538,0.08593784,0.26855895,0.6455033,0.846526,2.331533,0.6455033,0.08593784,Patch,243.17456,361.61783,242.95502,238.01196,272.73547,238.01196,Patch,1,5.1625977,29.560913,32.54544
1001,2024-09-10 00:00:00+00:00,-0.003202516,0.20947856,3.387728,0.6765358,0.6481944,0.40614417,0.25600597,0.16762316,0.38400897,0.08796633,0.26929733,0.6427364,0.8512331,2.3425336,0.6427364,0.08796633,Patch,266.34207,371.98233,260.9339,258.38098,288.65933,258.38098,Patch,1,7.96109,22.31726,9.37793
1002,2024-09-10 01:00:00+00:00,-0.0030885118,0.20872156,3.3472989,0.67476207,0.7034758,0.42100358,0.2337946,0.15072867,0.35069188,0.089379594,0.2698549,0.6407655,0.85451394,2.3502316,0.6407655,0.089379594,Patch,260.9026,331.15146,331.10504,227.07715,287.68814,227.07715,Patch,1,33.82544,26.785553,14.817413
1003,2024-09-10 02:00:00+00:00,-0.003224782,0.21039122,3.3455758,0.6763621,0.76926184,0.4448751,0.22661468,0.14392105,0.33992195,0.09005111,0.27015433,0.6397945,0.8560922,2.353944,0.6397945,0.09005111,Patch,227.7835,274.06964,323.95218,188.51245,254.08551,188.51245,Patch,1,39.27104,26.302017,47.93651
1004,2024-09-10 03:00:00+00:00,-0.003540679,0.21112716,3.3609676,0.6797814,0.82484293,0.4450448,0.23501778,0.15438978,0.35252663,0.09061995,0.27037248,0.63900757,0.85739326,2.3570085,0.63900757,0.09061995,Patch,202.93822,261.58795,290.25427,205.36333,229.21407,205.36333,Patch,1,-2.4251099,26.275848,72.781784
1005,2024-09-10 04:00:00+00:00,-0.0039878143,0.21160264,3.388525,0.68383837,0.86724144,0.4145297,0.23848155,0.15197274,0.35772228,0.09179115,0.27083302,0.63737583,0.86006707,2.3633192,0.63737583,0.09179115,Patch,234.62566,272.0095,297.06726,214.65932,252.01927,214.65932,Patch,1,19.96634,17.393616,41.094345
1006,2024-09-10 05:00:00+00:00,-0.0045220647,0.21185158,3.428547,0.6880457,0.8996614,0.36834526,0.20951676,0.13378435,0.31427512,0.09403683,0.27163592,0.63432723,0.8650703,2.375173,0.63432723,0.09403683,Patch,235.0284,288.05844,276.34045,223.13417,256.01862,223.13417,Patch,1,11.894226,20.99022,40.691605
1007,2024-09-10 06:00:00+00:00,-0.005101938,0.21192479,3.4797645,0.6920296,0.9246104,0.32342708,0.14868948,0.095158085,0.22303419,0.09704676,0.27270645,0.63024676,0.8716608,2.3908782,0.63024676,0.09704676,Patch,229.67622,285.04044,255.75444,220.25871,248.43806,220.25871,Patch,1,9.417511,18.76184,46.043777
1008,2024-09-10 07:00:00+00:00,-0.0056765885,0.21144666,3.5521355,0.6958494,0.9437204,0.27901423,0.16931897,0.108640835,0.25397846,0.09729744,0.27284044,0.6298621,0.8722416,2.3922675,0.6298621,0.09729744,Patch,233.67554,273.90237,341.62427,186.18019,262.571,186.18019,Patch,1,47.495346,28.895477,42.044464
1009,2024-09-10 08:00:00+00:00,-0.006176143,0.21103051,3.5671601,0.6972779,0.94882345,0.19076504,0.2311493,0.14696023,0.34672397,0.09690786,0.27247894,0.63061315,0.8712101,2.389801,0.63061315,0.09690786,Patch,234.19899,262.43973,401.02966,193.16205,263.60013,193.16205,Patch,1,41.03694,29.401138,41.52101
1010,2024-09-10 09:00:00+00:00,-0.0065661664,0.2090406,3.4781895,0.6988975,0.94857436,0.13893308,0.25241107,0.15969819,0.37861657,0.097309195,0.2722145,0.63047636,0.87173885,2.3910651,0.63047636,0.097309195,Patch,253.08954,276.17365,379.44077,286.69495,265.91495,276.17365,GRU,0,-23.084106,12.825409,22.630463
1011,2024-09-10 10:00:00+00:00,-0.006715821,0.2109532,3.4171984,0.6993325,0.95431316,0.080466576,0.25337577,0.16276246,0.38006362,0.098413944,0.27220213,0.6293839,0.8737856,2.395964,0.6293839,0.098413944,Patch,266.09933,299.20993,352.82556,292.44556,283.21027,292.44556,Patch,1,-26.346222,17.110931,9.6206665
1012,2024-09-10 11:00:00+00:00,-0.0067512053,0.2111589,3.4877875,0.69945705,0.9729399,0.10798737,0.22611696,0.14607202,0.33917543,0.0988106,0.27261388,0.6285755,0.8748652,2.3985517,0.6285755,0.0988106,Patch,279.78165,308.11298,339.77206,291.72318,289.58292,291.72318,Patch,1,-11.941528,9.80127,-4.0616455
1013,2024-09-10 12:00:00+00:00,-0.006719226,0.21113688,3.523296,0.69943565,0.984116,0.09327135,0.2098113,0.13504004,0.31471694,0.09936542,0.27280384,0.62783074,0.8760483,2.4013913,0.62783074,0.09936542,Patch,267.76273,311.9254,327.4286,261.4263,280.53268,261.4263,Patch,1,6.336426,12.7699585,7.9572754
1014,2024-09-10 13:00:00+00:00,-0.0066470373,0.21106909,3.5358791,0.6994685,0.9872646,0.06642701,0.22330324,0.14446269,0.33495486,0.099130616,0.27261588,0.6282535,0.87545836,2.399975,0.6282535,0.099130616,Patch,272.18692,312.26627,377.07724,242.34265,291.90118,242.34265,Patch,1,29.844269,19.714264,3.533081
1015,2024-09-10 14:00:00+00:00,-0.006531356,0.21113117,3.538288,0.69936514,0.9886189,0.04968524,0.1928185,0.12646417,0.28922772,0.10027964,0.27293593,0.6267845,0.87783855,2.4056942,0.6267845,0.10027964,Patch,272.4413,333.93652,375.49423,228.40315,294.5677,228.40315,Patch,1,44.038162,22.126373,3.2786865
1016,2024-09-10 15:00:00+00:00,-0.0063575706,0.21132505,3.5210893,0.6986331,0.98839015,0.054810245,0.22908974,0.14964229,0.34363458,0.09919579,0.27255973,0.62824446,0.87553173,2.400151,0.62824446,0.09919579,Patch,273.75687,350.95288,366.05698,241.71143,300.3574,241.71143,Patch,1,32.04544,26.600525,1.9631348
1017,2024-09-10 16:00:00+00:00,-0.006085182,0.21196692,3.4640973,0.69664913,0.98552704,0.06647437,0.28574067,0.18325046,0.42861098,0.0977015,0.27202684,0.6302716,0.87231344,2.3924391,0.6302716,0.0977015,Patch,215.06078,361.8934,262.7612,203.23894,251.42717,203.23894,Patch,1,11.821838,36.366394,60.659225
1018,2024-09-10 17:00:00+00:00,-0.005719536,0.21242614,3.4143984,0.6931589,0.9815918,0.08241566,0.33335507,0.2154342,0.5000326,0.096406996,0.2715678,0.63202524,0.86950296,2.3857248,0.63202524,0.096406996,Patch,194.7827,360.07828,278.5381,165.66876,239.03902,165.66876,Patch,1,29.113937,44.256317,80.9373
1019,2024-09-10 18:00:00+00:00,-0.005294696,0.21228932,3.5210333,0.6883662,0.9792812,0.100746565,0.3372363,0.21609896,0.5058545,0.09531765,0.2715025,0.6331798,0.8673923,2.3806946,0.6331798,0.09531765,Patch,220.15031,378.39597,309.28653,172.56628,264.39456,172.56628,Patch,1,47.58403,44.244247,55.569687
1020,2024-09-10 19:00:00+00:00,-0.0047551114,0.2124144,3.7681108,0.68089056,0.9779049,0.12292924,0.3255136,0.21229152,0.4882704,0.09341007,0.27120143,0.63538855,0.86350197,2.371451,0.63538855,0.09341007,Patch,232.63951,366.119,313.62415,196.44933,260.61932,196.44933,Patch,1,36.190186,27.979813,43.08049
1021,2024-09-10 20:00:00+00:00,-0.0040903483,0.2127781,3.9224687,0.67135817,0.9804259,0.14888291,0.34066093,0.21769439,0.5109914,0.09123792,0.27062193,0.6381402,0.85881203,2.360355,0.6381402,0.09123792,Patch,229.26634,344.8868,351.975,192.26222,254.21461,192.26222,Patch,1,37.00412,24.948273,46.45366
1022,2024-09-10 21:00:00+00:00,-0.0033378603,0.21318564,3.9398713,0.6612022,0.98498696,0.17096634,0.31396544,0.20055121,0.47094816,0.09156944,0.27089047,0.6375401,0.85968626,2.3624194,0.6375401,0.09156944,Patch,233.84908,321.1481,329.76462,218.47003,255.57524,218.47003,Patch,1,15.379044,21.726166,41.870926
1023,2024-09-10 22:00:00+00:00,-0.0025685057,0.21264288,3.8145456,0.6500877,0.9896744,0.19496216,0.30893263,0.19738024,0.463399,0.09254703,0.27134162,0.6361114,0.86196226,2.3678024,0.6361114,0.09254703,Patch,268.19293,335.2427,331.8837,274.02133,278.14578,274.02133,Patch,1,-5.8283997,9.95285,7.527069
1024,2024-09-10 23:00:00+00:00,-0.0019317238,0.21312241,3.6814337,0.6437171,0.9907913,0.213766,0.27171153,0.17303273,0.4075672,0.09466667,0.27216616,0.6331672,0.86671853,2.3790913,0.6331672,0.09466667,Patch,267.40714,354.65103,260.5084,266.2678,283.75256,260.5084,TCN,0,6.8987427,16.345428,8.312866
1025,2024-09-11 00:00:00+00:00,-0.0013900576,0.21173191,3.590774,0.6385536,0.99111044,0.24515355,0.22737299,0.14741018,0.34105945,0.096012175,0.2726107,0.63137716,0.86963844,2.3860478,0.63137716,0.096012175,Patch,259.71402,376.81323,252.2384,248.28365,285.54282,248.28365,Patch,1,11.430374,25.828796,16.005981
1026,2024-09-11 01:00:00+00:00,-0.0010822731,0.21278018,3.5703242,0.636204,0.9912819,0.23737727,0.2556671,0.16265997,0.38350064,0.0955175,0.27243152,0.632051,0.86855453,2.3834631,0.632051,0.0955175,Patch,241.24641,362.95865,318.1527,207.08228,277.24118,207.08228,Patch,1,34.16414,35.994766,34.473587
1027,2024-09-11 02:00:00+00:00,-0.0010036092,0.21379326,3.596218,0.6353412,0.9911206,0.23725812,0.3404414,0.21647286,0.510662,0.09308044,0.27166277,0.6352567,0.8632619,2.3708818,0.6352567,0.09308044,Patch,237.70183,344.91235,360.25388,214.04124,258.0583,214.04124,Patch,1,23.660583,20.35646,38.018173
1028,2024-09-11 03:00:00+00:00,-0.0011277554,0.21536107,3.6517093,0.63592815,0.9908903,0.24840343,0.33975357,0.21812217,0.5096303,0.09250832,0.2715288,0.6359629,0.862047,2.3680031,0.6359629,0.09250832,Patch,212.82027,337.7865,306.80124,210.42604,235.27583,210.42604,Patch,1,2.394226,22.455566,62.899734
1029,2024-09-11 04:00:00+00:00,-0.0014039802,0.21624893,3.719626,0.637119,0.9906633,0.2553814,0.32811806,0.2091423,0.49217707,0.09214776,0.27145723,0.63639504,0.8612901,2.3662114,0.63639504,0.09214776,Patch,235.68007,342.5896,237.22137,262.0872,240.8031,237.22137,TCN,0,-1.5413055,5.1230316,40.039932
1030,2024-09-11 05:00:00+00:00,-0.0017793213,0.216683,3.7899556,0.6385921,0.9905409,0.25851956,0.32264867,0.20540062,0.483973,0.09163365,0.2712989,0.63706744,0.86016,2.3635387,0.63706744,0.09163365,Patch,241.80421,357.67392,214.66487,263.3796,252.00368,214.66487,TCN,0,27.139343,10.199463,33.915787
1031,2024-09-11 06:00:00+00:00,-0.0022332782,0.21720877,3.8298283,0.64001894,0.9907765,0.26160228,0.29655504,0.19005625,0.4448325,0.09200031,0.27145985,0.6365399,0.86100733,2.3655424,0.6365399,0.09200031,Patch,243.12172,343.9966,202.57033,272.2564,253.38599,202.57033,TCN,0,40.55139,10.264267,32.59828
1032,2024-09-11 07:00:00+00:00,-0.0027112893,0.21728978,3.6359053,0.640256,0.992239,0.25939855,0.278557,0.17955351,0.41783544,0.094038285,0.2720213,0.63394046,0.8653994,2.3759549,0.63394046,0.094038285,Patch,243.40767,338.3306,207.43713,262.8686,246.84975,207.43713,TCN,0,35.970535,3.4420776,32.312332
1033,2024-09-11 08:00:00+00:00,-0.0031537944,0.21664068,3.6520371,0.6405927,0.99229527,0.26953688,0.2267484,0.14515027,0.34012264,0.09511769,0.2724241,0.63245827,0.8677918,2.3816457,0.63245827,0.09511769,Patch,232.4294,332.58972,236.23285,235.0619,250.6537,235.0619,Patch,1,-2.6325073,18.224304,43.290604
1034,2024-09-11 09:00:00+00:00,-0.00348428,0.21473062,3.6751087,0.6405593,0.99262536,0.29237393,0.18467377,0.12038197,0.27701065,0.09562447,0.27264538,0.63173014,0.8689364,2.3843734,0.63173014,0.09562447,Patch,272.71338,346.14468,289.63663,282.95987,289.0337,282.95987,Patch,1,-10.2464905,16.320312,3.0066223
1035,2024-09-11 10:00:00+00:00,-0.003597561,0.21657716,3.681538,0.6406137,0.9922723,0.24840577,0.19449624,0.12353364,0.29174435,0.096324764,0.27286786,0.63080734,0.8704423,2.3879669,0.63080734,0.096324764,Patch,284.5226,369.03372,315.02267,283.29242,299.35434,283.29242,Patch,1,1.2301941,14.831726,-8.802612
1036,2024-09-11 11:00:00+00:00,-0.0036226504,0.21676046,3.6813595,0.6405639,0.9903612,0.25615758,0.20691547,0.13246812,0.3103732,0.09576456,0.2726768,0.63155866,0.8692272,2.385067,0.63155866,0.09576456,Patch,289.37326,391.75745,325.03424,283.73685,313.1686,283.73685,Patch,1,5.6364136,23.79535,-13.653259
1037,2024-09-11 12:00:00+00:00,-0.00361404,0.21704617,3.682485,0.6406752,0.99053925,0.25560215,0.2493546,0.16005507,0.37403196,0.09460057,0.27227426,0.6331251,0.8666842,2.3790095,0.6331251,0.09460057,Patch,264.09958,396.1327,320.15378,249.59123,301.84415,249.59123,Patch,1,14.508347,37.744568,11.620422
1038,2024-09-11 13:00:00+00:00,-0.0035696235,0.21695304,3.6833797,0.640758,0.9921112,0.26013204,0.27931938,0.1788616,0.41897905,0.09371565,0.2719783,0.6343061,0.8647467,2.3744047,0.6343061,0.09371565,Patch,279.1149,414.10086,314.87997,285.58765,306.9029,285.58765,Patch,1,-6.472748,27.787994,-3.3948975
1039,2024-09-11 14:00:00+00:00,-0.00342849,0.21747822,3.678748,0.64051026,0.9939095,0.25761604,0.33553475,0.21861106,0.5033021,0.0923903,0.27151248,0.6360972,0.86180556,2.3674314,0.6360972,0.0923903,Patch,245.4413,431.56363,201.87708,259.32687,271.2071,201.87708,TCN,0,43.564224,25.765793,30.278702
1040,2024-09-11 15:00:00+00:00,-0.0031963764,0.2177342,3.664855,0.6399751,0.9948103,0.23952188,0.33182606,0.21488377,0.49773908,0.09292172,0.2716583,0.63542,0.86295295,2.3701494,0.63542,0.09292172,Patch,234.47621,451.42953,222.84027,249.72406,272.7258,222.84027,TCN,0,11.635941,38.249588,41.24379
1041,2024-09-11 16:00:00+00:00,-0.002837973,0.2190015,3.6225863,0.6392697,0.993605,0.20483987,0.40055928,0.25874713,0.60083896,0.09179447,0.27110553,0.63710004,0.8603065,2.3638852,0.63710004,0.09179447,Patch,236.09035,430.07248,195.18414,250.86646,268.87344,195.18414,TCN,0,40.906204,32.783096,39.629654
1042,2024-09-11 17:00:00+00:00,-0.002374364,0.21946836,3.5543637,0.6381618,0.99187577,0.18940353,0.4427898,0.28257278,0.6641847,0.09144274,0.27092594,0.6376313,0.8594706,2.36191,0.6376313,0.09144274,Patch,227.83508,424.84897,226.37512,273.67667,257.47437,226.37512,TCN,0,1.4599609,29.639282,47.88492
1043,2024-09-11 18:00:00+00:00,-0.0018006989,0.21956481,3.4555,0.63568366,0.9897522,0.20345439,0.4643496,0.29379213,0.6965243,0.091550395,0.27101845,0.6374312,0.8597588,2.3625908,0.6374312,0.091550395,Patch,238.30171,411.7128,238.35779,318.29025,257.03204,238.35779,TCN,0,-0.05607605,18.730331,37.41829
1044,2024-09-11 19:00:00+00:00,-0.0011015368,0.22004527,3.4205952,0.6325787,0.9891594,0.21990202,0.38248953,0.24640456,0.5737343,0.09330015,0.27148426,0.6352156,0.8635318,2.3715217,0.6352156,0.09330015,Patch,239.74739,379.98743,263.6513,272.28522,257.93253,263.6513,TCN,0,-23.903915,18.185135,35.97261
1045,2024-09-11 20:00:00+00:00,-0.00028936888,0.22115347,3.6358192,0.62813795,0.98856413,0.24446528,0.32979175,0.20932648,0.49468762,0.09281289,0.27164352,0.6355436,0.8627311,2.3696237,0.6355436,0.09281289,Patch,245.19072,335.01587,309.3749,245.25513,246.21509,245.25513,Patch,1,-0.06440735,1.0243683,30.529282
1046,2024-09-11 21:00:00+00:00,0.00054937083,0.2211663,3.5607243,0.6241661,0.9896689,0.27599254,0.25060323,0.1612918,0.3759048,0.09462533,0.2721768,0.63319784,0.866649,2.3789256,0.63319784,0.09462533,Patch,205.64879,320.6526,259.63998,186.13063,229.78351,186.13063,Patch,1,19.518158,24.13472,70.07121
1047,2024-09-11 22:00:00+00:00,0.0013416116,0.22082832,3.451249,0.62417966,0.9899444,0.3097106,0.24470165,0.15741372,0.3670525,0.09475079,0.2721006,0.63314855,0.866823,2.3793397,0.63314855,0.09475079,Patch,196.96704,345.80704,138.13483,220.76448,218.17204,138.13483,TCN,0,58.832214,21.205002,78.75296
1048,2024-09-11 23:00:00+00:00,0.0019985964,0.22170255,3.3835578,0.62442607,0.99037725,0.26898816,0.29320192,0.18669264,0.43980286,0.09456559,0.27185956,0.63357484,0.8662672,2.3780174,0.63357484,0.09456559,Patch,164.32689,366.87985,101.85952,193.7746,201.64075,101.85952,TCN,0,62.46737,37.313858,111.39311
1049,2024-09-12 00:00:00+00:00,0.0025869415,0.21948402,3.3366623,0.6248824,0.98993003,0.26725587,0.3245203,0.20770642,0.48678038,0.093884535,0.27152413,0.63459134,0.86468446,2.3742568,0.63459134,0.093884535,Patch,175.24615,376.38623,134.28174,218.30511,212.88763,134.28174,TCN,0,40.964417,37.64148,100.47385
1050,2024-09-12 01:00:00+00:00,0.0029564144,0.21940783,3.3204122,0.624524,0.99031115,0.22762044,0.2789944,0.18042621,0.41849154,0.09596718,0.2720696,0.6319632,0.8690984,2.3847597,0.6319632,0.09596718,Patch,183.09962,337.40137,211.31667,181.2878,223.37798,181.2878,Patch,1,1.8118286,40.27835,92.62038
1051,2024-09-12 02:00:00+00:00,0.0030760039,0.22200993,3.3342202,0.62472206,0.9902866,0.21999244,0.27142853,0.17559408,0.40714282,0.09632305,0.2722105,0.63146645,0.869887,2.3866413,0.63146645,0.09632305,Patch,181.5041,312.7101,249.01433,177.64874,213.24646,177.64874,Patch,1,3.855362,31.742355,94.2159
1052,2024-09-12 03:00:00+00:00,0.00297861,0.22423638,3.3603983,0.6246978,0.990278,0.21747641,0.23531342,0.15222469,0.35297012,0.097330585,0.27259517,0.63007426,0.87209815,2.3919244,0.63007426,0.097330585,Patch,152.06067,303.7957,210.65593,127.43634,191.69942,127.43634,Patch,1,24.624329,39.63875,123.65933
1053,2024-09-12 04:00:00+00:00,0.0027535083,0.22445887,3.397967,0.62478083,0.98981035,0.2158988,0.27627498,0.17686419,0.41441244,0.09609502,0.27230436,0.6316006,0.8695369,2.3858056,0.6316006,0.09609502,Patch,177.82756,326.42123,177.19055,201.25206,198.62236,177.19055,TCN,0,0.63700867,20.7948,97.89244
1054,2024-09-12 05:00:00+00:00,0.002386053,0.22634602,3.4236894,0.6244713,0.9901703,0.2243232,0.33906376,0.21699676,0.50859565,0.0942344,0.27181304,0.6339525,0.86559725,2.3764253,0.6339525,0.0942344,Patch,156.02782,331.4357,151.31932,208.75667,179.90181,151.31932,TCN,0,4.708496,23.873993,119.692184
1055,2024-09-12 06:00:00+00:00,0.0019677745,0.226388,3.3961134,0.62446344,0.9901676,0.22510631,0.35287747,0.22377728,0.52931625,0.09396073,0.27168533,0.63435394,0.8649668,2.3749273,0.63435394,0.09396073,Patch,177.36371,319.15128,163.86359,245.84605,188.35347,163.86359,TCN,0,13.500122,10.989761,98.35629
1056,2024-09-12 07:00:00+00:00,0.0015041862,0.22648413,3.3708205,0.6244678,0.9900054,0.24711955,0.31908974,0.2042023,0.47863457,0.094441414,0.27178493,0.6337736,0.8659678,2.3773057,0.6337736,0.094441414,Patch,159.38206,304.97925,201.50165,182.79633,189.2318,182.79633,Patch,1,-23.41426,29.849731,116.33794
1057,2024-09-12 08:00:00+00:00,0.0010619359,0.225954,3.3762138,0.6239246,0.9904267,0.26106185,0.27858216,0.17792675,0.41787323,0.09520434,0.2720523,0.63274336,0.86764246,2.3812902,0.63274336,0.09520434,Patch,155.10771,300.0346,223.12877,151.22699,192.6394,151.22699,Patch,1,3.880722,37.531693,120.61229
1058,2024-09-12 09:00:00+00:00,0.0007330614,0.22409621,3.3835511,0.623661,0.9903524,0.28927824,0.21376157,0.13691086,0.32064235,0.0963711,0.272477,0.6311519,0.8702014,2.3873916,0.6311519,0.0963711,Patch,168.42542,321.76523,213.16197,136.29262,216.07709,136.29262,Patch,1,32.132797,47.651672,107.294586
1059,2024-09-12 10:00:00+00:00,0.0006100107,0.22572108,3.3852792,0.623421,0.99021816,0.26411125,0.1968844,0.12594184,0.2953266,0.09740688,0.27278563,0.6298074,0.8724001,2.3926466,0.6298074,0.09740688,Patch,190.31157,349.4974,232.80177,155.48714,239.29454,155.48714,Patch,1,34.824432,48.98297,85.40843
1060,2024-09-12 11:00:00+00:00,0.00056348543,0.22595829,3.3851912,0.6233785,0.9910976,0.28011012,0.232,0.14685339,0.348,0.096073195,0.2723869,0.63153994,0.8695651,2.385873,0.63153994,0.096073195,Patch,171.47845,372.69992,216.06526,140.29193,233.6679,140.29193,Patch,1,31.186523,62.189438,104.24155
1061,2024-09-12 12:00:00+00:00,0.0005757305,0.22635841,3.387181,0.6234654,0.9911069,0.28099573,0.25569308,0.16185759,0.38353962,0.095396034,0.27217758,0.6324264,0.868111,2.3824065,0.6324264,0.095396034,Patch,157.00624,378.73218,203.88763,114.06238,227.37958,114.06238,Patch,1,42.943863,70.37334,118.71376
1062,2024-09-12 13:00:00+00:00,0.00063885073,0.2263158,3.390979,0.6235354,0.99123037,0.28548524,0.26427236,0.16937971,0.3964085,0.09505544,0.27207282,0.63287175,0.86737764,2.3806598,0.63287175,0.09505544,Patch,156.67668,402.74316,200.31715,121.28662,230.21129,121.28662,Patch,1,35.39006,73.53461,119.04332
1063,2024-09-12 14:00:00+00:00,0.0007962381,0.2267863,3.3934786,0.623783,0.9912028,0.259578,0.3162199,0.20176682,0.47432983,0.09421612,0.2717907,0.63399315,0.8655434,2.376297,0.63399315,0.09421612,Patch,153.51161,424.61047,178.66173,111.998146,227.7102,111.998146,Patch,1,41.513466,74.19859,122.20839
1064,2024-09-12 15:00:00+00:00,0.0010419276,0.22707683,3.3904457,0.6239414,0.99122244,0.24843805,0.3332442,0.21133694,0.49986625,0.094020925,0.27171972,0.6342594,0.8651109,2.3752697,0.6342594,0.094020925,Patch,143.30739,424.05704,202.37549,109.604065,224.53728,109.604065,Patch,1,33.703323,81.22989,132.41261
1065,2024-09-12 16:00:00+00:00,0.0013936561,0.22774231,3.3762705,0.6246405,0.99146533,0.22911794,0.37949294,0.2409486,0.5692394,0.093323976,0.27146748,0.6352085,0.8635633,2.3715963,0.6352085,0.093323976,Patch,158.88069,423.72974,212.90161,145.23073,233.43645,145.23073,Patch,1,13.649963,74.555756,116.83931
1066,2024-09-12 17:00:00+00:00,0.0018497495,0.22809768,3.3521667,0.6251695,0.9920862,0.23422252,0.40395853,0.2560849,0.6059377,0.092714794,0.27124637,0.63603884,0.8622043,2.3683755,0.63603884,0.092714794,Patch,179.99275,413.23837,206.49786,214.5362,240.12036,206.49786,TCN,0,-26.505112,60.12761,95.72725
1067,2024-09-12 18:00:00+00:00,0.002408578,0.2282036,3.3101323,0.6256604,0.9930311,0.25415623,0.41534328,0.26209676,0.6230149,0.09216837,0.27101713,0.63681453,0.8609545,2.3654175,0.63681453,0.09216837,Patch,210.50934,394.00455,229.19261,265.14526,247.56102,229.19261,TCN,0,-18.683273,37.05168,65.21066
1068,2024-09-12 19:00:00+00:00,0.003075621,0.22774784,3.2610533,0.6260371,0.99361116,0.27938685,0.36682805,0.23586535,0.55024207,0.09293031,0.27110276,0.63596696,0.8624966,2.369068,0.63596696,0.09293031,Patch,184.50183,365.8356,205.26851,194.66357,225.83766,194.66357,Patch,1,-10.161743,41.33583,91.21817
1069,2024-09-12 20:00:00+00:00,0.003838707,0.22750178,3.2140229,0.62803423,0.9940148,0.312138,0.3222248,0.2105714,0.48333716,0.093516484,0.2711602,0.6353233,0.86367095,2.3718517,0.6353233,0.093516484,Patch,138.77686,333.14224,210.24525,125.526405,195.52019,125.526405,Patch,1,13.25045,56.743332,136.94315
1070,2024-09-12 21:00:00+00:00,0.004667605,0.22732729,3.1711206,0.63025844,0.9934095,0.29941425,0.32291925,0.20804289,0.4843788,0.093906336,0.2711646,0.6349291,0.86442053,2.3736303,0.6349291,0.093906336,Patch,90.858604,313.77945,187.74706,72.894264,156.18974,72.894264,Patch,1,17.96434,65.33114,184.86139
1071,2024-09-12 22:00:00+00:00,0.005417382,0.22674915,3.1516042,0.63221866,0.99237865,0.24737768,0.3268069,0.21261828,0.49021038,0.094966516,0.27133864,0.6336949,0.8665877,2.37878,0.6336949,0.094966516,Patch,91.647865,315.44833,151.41512,112.42843,144.8155,112.42843,Patch,1,-20.780563,53.16764,184.07214
1072,2024-09-12 23:00:00+00:00,0.0060380283,0.22734247,3.1383755,0.6341851,0.9920841,0.19610254,0.33670235,0.22026281,0.5050535,0.09582637,0.2714245,0.63274914,0.86828804,2.382828,0.63274914,0.09582637,Patch,97.43832,322.068,104.140465,143.04637,128.37299,104.140465,TCN,0,-6.7021484,30.93467,178.28168
1073,2024-09-13 00:00:00+00:00,0.006566727,0.22566837,3.130703,0.6364141,0.991653,0.20816062,0.29780325,0.1962959,0.44670483,0.09665878,0.27164793,0.63169324,0.87004375,2.3870153,0.63169324,0.09665878,Patch,109.10178,317.85898,79.362465,132.25883,139.9186,79.362465,TCN,0,29.739319,30.81681,166.61823
1074,2024-09-13 01:00:00+00:00,0.006886043,0.22566803,3.1279304,0.6376865,0.99143314,0.20718205,0.20821723,0.13676666,0.31232584,0.0994025,0.27250206,0.6280954,0.8758649,2.4009511,0.6280954,0.0994025,Patch,117.17422,262.8511,109.45077,110.095985,148.44499,109.45077,TCN,0,7.7234497,31.270775,158.54578
1075,2024-09-13 02:00:00+00:00,0.006965851,0.22711103,3.128628,0.63806003,0.9914317,0.17952879,0.27626595,0.1786611,0.4143989,0.09794554,0.2719829,0.63007146,0.8727311,2.3934386,0.63007146,0.09794554,Patch,116.80973,229.0213,194.54936,150.11357,146.37025,150.11357,Patch,1,-33.30384,29.560524,158.91028
1076,2024-09-13 03:00:00+00:00,0.006843648,0.22895561,3.1297836,0.6385375,0.9914452,0.15704669,0.33500072,0.21563463,0.502501,0.09677852,0.27159172,0.63162977,0.87022096,2.3874383,0.63162977,0.09677852,Patch,136.94228,239.61266,176.4074,223.94548,133.11598,176.4074,TCN,0,-39.46512,-3.826294,138.77773
1077,2024-09-13 04:00:00+00:00,0.0065781157,0.22997192,3.1283877,0.6385722,0.9920408,0.17285657,0.29571664,0.19150893,0.44357497,0.09757567,0.27185813,0.63056624,0.8719368,2.3915384,0.63056624,0.09757567,Patch,117.27476,268.28204,163.94165,163.77187,134.09047,163.77187,Patch,1,-46.49711,16.815712,158.44525
1078,2024-09-13 05:00:00+00:00,0.006200687,0.2305968,3.1221592,0.639036,0.9920074,0.15547483,0.27317974,0.17586105,0.4097696,0.098670654,0.2721401,0.6291892,0.8742095,2.3969798,0.6291892,0.098670654,Patch,99.85171,269.89474,160.57524,107.25443,135.1933,107.25443,Patch,1,-7.402725,35.34159,175.86829
1079,2024-09-13 06:00:00+00:00,0.005755159,0.23081546,3.1195054,0.639066,0.99206996,0.16021341,0.24743961,0.15991172,0.3711594,0.099370755,0.2723596,0.6282696,0.8756873,2.4005246,0.6282696,0.099370755,Patch,114.53045,252.39648,175.67415,102.92408,142.2391,102.92408,Patch,1,11.606369,27.708656,161.18954
1080,2024-09-13 07:00:00+00:00,0.00527732,0.23082985,3.1339176,0.6391204,0.99214906,0.17736344,0.24041955,0.15485702,0.36062932,0.09915258,0.27239066,0.6284568,0.87531066,2.3996205,0.6284568,0.09915258,Patch,111.24424,234.40399,156.81123,103.652466,138.11517,103.652466,Patch,1,7.591774,26.870934,164.47577
1081,2024-09-13 08:00:00+00:00,0.0048210863,0.23044749,3.1232076,0.63837326,0.9922177,0.20704114,0.25509906,0.16298199,0.38264856,0.09808799,0.27210888,0.6298032,0.8731019,2.3943262,0.6298032,0.09808799,Patch,90.73893,233.22404,166.27179,80.63983,131.8047,80.63983,Patch,1,10.099098,41.065773,184.98108
1082,2024-09-13 09:00:00+00:00,0.004446795,0.22900602,3.1144745,0.6362633,0.99233395,0.21902882,0.22969586,0.14755079,0.34454378,0.098609194,0.27228284,0.6291079,0.87421536,2.3969939,0.6291079,0.098609194,Patch,93.634094,258.7451,146.33025,102.83734,140.2349,102.83734,Patch,1,-9.203247,46.6008,182.0859
1083,2024-09-13 10:00:00+00:00,0.004256108,0.23065276,3.1077685,0.6343194,0.99240774,0.19227463,0.248386,0.15981227,0.37257895,0.0986672,0.27222493,0.62910783,0.87427425,2.397135,0.62910783,0.0986672,Patch,115.07856,303.73788,168.65971,101.09921,173.24438,101.09921,Patch,1,13.979347,58.165825,160.64145
1084,2024-09-13 11:00:00+00:00,0.004157543,0.2309098,3.1058428,0.6332522,0.99262506,0.20541655,0.3135224,0.20302336,0.47028357,0.09646132,0.27157012,0.6319685,0.8696071,2.3859732,0.6319685,0.09646132,Patch,135.23381,354.4564,201.44043,127.58508,193.38647,127.58508,Patch,1,7.6487274,58.152664,140.48619
1085,2024-09-13 12:00:00+00:00,0.0041318834,0.23098746,3.1048775,0.6329732,0.9923006,0.2044481,0.35647178,0.23031388,0.5347077,0.09530201,0.27122602,0.633472,0.86712825,2.380066,0.633472,0.09530201,Patch,113.05002,381.40732,201.46382,139.83247,190.09784,139.83247,Patch,1,-26.782455,77.04782,162.66998
1086,2024-09-13 13:00:00+00:00,0.004180404,0.23097982,3.1061661,0.63331854,0.99186605,0.20820995,0.37540358,0.24312161,0.56310534,0.09471628,0.27106288,0.63422084,0.8658781,2.3770926,0.63422084,0.09471628,Patch,102.52362,403.45474,225.82855,127.68771,205.75569,127.68771,Patch,1,-25.164093,103.23207,173.19638
1087,2024-09-13 14:00:00+00:00,0.0043112584,0.23077379,3.1060956,0.63455504,0.9915632,0.19763748,0.4196679,0.27093917,0.6295019,0.09382412,0.2707938,0.6353821,0.8639475,2.3725078,0.6353821,0.09382412,Patch,106.08615,434.57642,225.17186,178.94502,201.48743,178.94502,Patch,1,-72.85887,95.401276,169.63385
1088,2024-09-13 15:00:00+00:00,0.004537665,0.23015583,3.1061575,0.6371979,0.9907012,0.19834535,0.42932317,0.27459878,0.64398474,0.093574665,0.27072197,0.6357034,0.8634087,2.37123,0.6357034,0.093574665,Patch,147.19753,445.68442,229.2168,235.16936,208.2345,229.2168,TCN,0,-82.01927,61.036972,128.52248
1089,2024-09-13 16:00:00+00:00,0.0048788795,0.22955704,3.1098099,0.6430608,0.9895928,0.20070143,0.42072624,0.26912868,0.6310893,0.0937397,0.27073908,0.63552123,0.8637394,2.372014,0.63552123,0.0937397,Patch,148.66606,462.27637,254.82056,180.34566,231.00331,180.34566,Patch,1,-31.679596,82.33725,127.05394
1090,2024-09-13 17:00:00+00:00,0.005360971,0.22976793,3.1140835,0.6533044,0.9887695,0.20850338,0.45236588,0.28847587,0.6785488,0.092875466,0.2704765,0.636648,0.8618561,2.367551,0.636648,0.092875466,Patch,127.587944,451.2964,263.4789,143.43095,222.14442,143.43095,Patch,1,-15.84301,94.55648,148.13205
1091,2024-09-13 18:00:00+00:00,0.005962018,0.2293712,3.1239545,0.66921574,0.98897517,0.22894506,0.43496203,0.2786466,0.65244305,0.09293629,0.27043638,0.6366273,0.86193883,2.367747,0.6366273,0.09293629,Patch,130.70247,432.83945,259.41592,125.982544,225.75407,125.982544,Patch,1,4.719925,95.051605,145.01753
1092,2024-09-13 19:00:00+00:00,0.0066865725,0.22963722,3.139494,0.6906181,0.9889093,0.23314758,0.44956622,0.2866654,0.6743493,0.09261369,0.27028045,0.6371059,0.86118376,2.36596,0.6371059,0.09261369,Patch,129.42584,410.72583,253.30634,126.25409,215.12337,126.25409,Patch,1,3.171753,85.697525,146.29416
1093,2024-09-13 20:00:00+00:00,0.007502663,0.23007828,3.1710117,0.7150006,0.9887046,0.2132365,0.46294683,0.29623058,0.6944203,0.092788205,0.27024716,0.6369647,0.86149156,2.3666883,0.6369647,0.092788205,Patch,152.10335,390.13095,257.16336,172.60323,209.60857,172.60323,Patch,1,-20.499878,57.50522,123.61665
1094,2024-09-13 21:00:00+00:00,0.008341995,0.22963798,3.1301541,0.74060726,0.9887931,0.23963313,0.49357098,0.31531227,0.74035645,0.09188669,0.26978993,0.63832337,0.8593567,2.361641,0.63832337,0.09188669,Patch,199.9513,385.88998,266.50714,259.6155,238.39943,259.6155,Patch,1,-59.664215,38.448135,75.76871
1095,2024-09-13 22:00:00+00:00,0.009090952,0.2291295,3.1651127,0.76249737,0.99014336,0.22910017,0.49233955,0.31571463,0.73850936,0.09218189,0.26981834,0.6379997,0.8599528,2.363049,0.6379997,0.09218189,Patch,231.01875,404.65573,189.39897,306.3065,247.96172,189.39897,TCN,0,41.61978,16.942963,44.70125
1096,2024-09-13 23:00:00+00:00,0.009703785,0.22936557,3.1948035,0.7792201,0.9926513,0.18663244,0.47238994,0.30515993,0.7085849,0.09351651,0.2700845,0.6363989,0.862752,2.369673,0.6363989,0.09351651,Patch,221.39983,415.52536,161.26784,316.03802,234.65767,161.26784,TCN,0,60.13199,13.257843,54.320175
1097,2024-09-14 00:00:00+00:00,0.010190354,0.22850546,3.224507,0.791693,0.9949213,0.21762793,0.43854403,0.27990672,0.657816,0.09366273,0.27017722,0.6361601,0.8631117,2.3705254,0.6361601,0.09366273,Patch,234.45454,405.1686,181.87683,332.7604,252.15459,181.87683,TCN,0,52.577713,17.700043,41.265457
1098,2024-09-14 01:00:00+00:00,0.010485523,0.22795731,3.236573,0.79827064,0.99586177,0.19311212,0.40416548,0.25904435,0.60624814,0.094979785,0.27048424,0.634536,0.8658863,2.377112,0.634536,0.094979785,Patch,258.4618,372.5472,266.06198,347.94424,267.5954,266.06198,TCN,0,-7.600189,9.133606,17.25821
1099,2024-09-14 02:00:00+00:00,0.010567174,0.22883774,3.232557,0.80019474,0.9962681,0.15651093,0.43536317,0.279101,0.6530448,0.095014796,0.27042642,0.63455874,0.8659035,2.3771527,0.63455874,0.095014796,Patch,270.8259,329.36414,316.09573,380.6205,275.40546,316.09573,TCN,0,-45.269836,4.5795593,4.894104
1100,2024-09-14 03:00:00+00:00,0.010465435,0.22960944,3.222811,0.7995557,0.99544567,0.12633157,0.50098,0.31785393,0.75146997,0.09330228,0.2696822,0.6370155,0.86199546,2.367881,0.6370155,0.09330228,Patch,280.13004,335.829,317.50537,407.58627,274.51657,317.50537,TCN,0,-37.375336,-5.6134644,-4.410034
1101,2024-09-14 04:00:00+00:00,0.010205493,0.22990216,3.2024486,0.7971563,0.994199,0.106981166,0.45594335,0.28980103,0.683915,0.094999634,0.27010617,0.6348942,0.8656013,2.3764346,0.6348942,0.094999634,Patch,294.03137,364.80118,263.98697,397.96777,283.9363,263.98697,TCN,0,30.044403,-10.095062,-18.31137
1102,2024-09-14 05:00:00+00:00,0.009823057,0.23019987,3.1899517,0.79374313,0.9934769,0.08926406,0.41788095,0.26954618,0.6268214,0.09632373,0.27039605,0.6332802,0.8683528,2.3829823,0.6332802,0.09632373,Patch,281.059,384.32364,237.36104,379.82602,275.726,237.36104,TCN,0,43.697952,-5.3329773,-5.3389893
1103,2024-09-14 06:00:00+00:00,0.00936555,0.23035562,3.2012978,0.78989714,0.9931288,0.080474816,0.35260415,0.22955534,0.5289062,0.09822641,0.27098557,0.630788,0.8724134,2.3926783,0.630788,0.09822641,Patch,276.51547,387.9932,240.77429,354.9391,281.7189,240.77429,TCN,0,35.74118,5.20343,-0.7954712
1104,2024-09-14 07:00:00+00:00,0.008855235,0.23049775,3.3083484,0.7854483,0.9929086,0.07514829,0.34158915,0.22121641,0.51238364,0.09769582,0.2710792,0.631225,0.8715042,2.390504,0.631225,0.09769582,Patch,264.2864,368.3984,226.94646,335.9066,260.276,226.94646,TCN,0,37.33995,-4.0104065,11.433594
1105,2024-09-14 08:00:00+00:00,0.008328611,0.23050551,3.3056395,0.7805069,0.9931032,0.08307693,0.30860418,0.20341346,0.4629062,0.09867926,0.2714659,0.6298548,0.87365925,2.3956614,0.6298548,0.09867926,Patch,264.63855,342.93314,236.99529,341.92578,256.11258,236.99529,TCN,0,27.643265,-8.52597,11.081451
1106,2024-09-14 09:00:00+00:00,0.007818089,0.23043922,3.2606072,0.7747626,0.9935732,0.100088544,0.28985953,0.18786846,0.43478927,0.099465586,0.27176058,0.6287738,0.8753606,2.3997407,0.6287738,0.099465586,Patch,271.33856,326.67746,255.5794,332.9236,244.73164,255.5794,TCN,0,15.759155,-26.606918,4.381439
1107,2024-09-14 10:00:00+00:00,0.007358313,0.23046364,3.20773,0.76751417,0.99429476,0.10349766,0.24176846,0.15580857,0.36265272,0.10133895,0.27228403,0.62637705,0.87923145,2.4090476,0.62637705,0.10133895,Patch,294.24155,338.01453,313.11023,322.85123,274.3466,313.11023,TCN,0,-18.868683,-19.894958,-18.521545
1108,2024-09-14 11:00:00+00:00,0.0069555026,0.22986239,3.1640131,0.76067704,0.9949263,0.12710826,0.2298058,0.14770481,0.34470868,0.101345606,0.27223304,0.6264214,0.8792012,2.4089746,0.6264214,0.101345606,Patch,286.10803,355.25436,305.12296,301.88086,277.17422,301.88086,Patch,1,-15.772827,-8.933807,-10.388031
1109,2024-09-14 12:00:00+00:00,0.0066758823,0.22989912,3.137044,0.756117,0.995596,0.1425057,0.20411599,0.13162407,0.30617395,0.1019247,0.27238157,0.62569374,0.88037765,2.4118104,0.62569374,0.1019247,Patch,275.34155,378.99173,271.43356,287.21555,289.94534,271.43356,TCN,0,3.9079895,14.60379,0.3784485
1110,2024-09-14 13:00:00+00:00,0.006525651,0.23078029,3.1241586,0.75377256,0.99621123,0.15072863,0.21368705,0.13775696,0.32053053,0.10149631,0.2722409,0.6262628,0.87948203,2.4096513,0.6262628,0.10149631,Patch,268.80753,410.32742,299.7482,271.98032,306.90515,271.98032,Patch,1,-3.1727905,38.097626,6.9124756
1111,2024-09-14 14:00:00+00:00,0.006477165,0.2319745,3.1219893,0.7527229,0.9952708,0.15022784,0.27402902,0.17453663,0.4110435,0.099650405,0.27169138,0.62865824,0.87564313,2.4004188,0.62865824,0.099650405,Patch,257.68826,439.0076,308.76868,270.07776,307.89737,270.07776,Patch,1,-12.389496,50.209106,18.031738
1112,2024-09-14 15:00:00+00:00,0.0065137236,0.23306307,3.1268115,0.7525977,0.99052906,0.14168122,0.34047943,0.21471086,0.5107191,0.09787551,0.27119276,0.63093174,0.87193525,2.3915346,0.63093174,0.09787551,Patch,226.47473,451.8871,292.11563,255.50914,291.04782,255.50914,Patch,1,-29.034409,64.57309,49.24527
1113,2024-09-14 16:00:00+00:00,0.0066127023,0.234179,3.1400285,0.75284827,0.9775697,0.14187245,0.36624044,0.23277466,0.54936063,0.0970032,0.2709918,0.632005,0.87013507,2.3872333,0.632005,0.0970032,Patch,213.29976,466.98618,324.1449,214.8181,293.68533,214.8181,Patch,1,-1.5183411,80.385574,62.420242
1114,2024-09-14 17:00:00+00:00,0.006766488,0.23540875,3.1572254,0.75384873,0.95168006,0.1528773,0.37581778,0.24019402,0.56372666,0.09621634,0.2708505,0.6329331,0.86853683,2.383421,0.6329331,0.09621634,Patch,205.75548,472.68665,363.60422,169.98514,296.9581,169.98514,Patch,1,35.77034,91.20262,69.96452
1115,2024-09-14 18:00:00+00:00,0.0069707152,0.23646002,3.1809578,0.7551587,0.91118157,0.17411296,0.37660453,0.2391263,0.56490684,0.095260724,0.27070796,0.6340313,0.86660993,2.3788328,0.6340313,0.095260724,Patch,200.81439,458.61063,367.36423,126.91201,296.91745,126.91201,Patch,1,73.90238,96.10306,74.90561
1116,2024-09-14 19:00:00+00:00,0.007223823,0.23711307,3.2063417,0.75732565,0.8580566,0.20772888,0.38782895,0.24429838,0.5817434,0.093229815,0.27015495,0.6366153,0.862262,2.3685122,0.6366153,0.093229815,Patch,187.20653,435.41995,344.5883,125.495674,278.68094,125.495674,Patch,1,61.710854,91.47441,88.51347
1117,2024-09-14 20:00:00+00:00,0.007527885,0.23749706,3.2307026,0.7605547,0.801465,0.24715805,0.40426192,0.25648096,0.60639286,0.09080938,0.26940697,0.6397837,0.8569305,2.355918,0.6397837,0.09080938,Patch,150.72841,406.17825,340.87616,125.32107,246.76666,125.32107,Patch,1,25.407341,96.03825,124.99159
1118,2024-09-14 21:00:00+00:00,0.007850785,0.23751195,3.0912201,0.7635181,0.74999917,0.27823362,0.4227055,0.26999784,0.6340583,0.08942405,0.2685802,0.6419957,0.85349494,2.3478382,0.6419957,0.08942405,Patch,160.14636,394.5127,352.4778,149.09138,248.92143,149.09138,Patch,1,11.054977,88.77507,115.57364
1119,2024-09-14 22:00:00+00:00,0.008121888,0.23787102,3.0326726,0.7653904,0.72243226,0.26570165,0.38494787,0.24727587,0.5774217,0.09042992,0.26863894,0.6409311,0.85552245,2.3526032,0.6409311,0.09042992,Patch,171.81537,399.32556,261.7407,190.3283,230.71559,190.3283,Patch,1,-18.512924,58.900223,103.90463
1120,2024-09-14 23:00:00+00:00,0.00830627,0.2391653,3.0602412,0.7663783,0.7220121,0.24182105,0.3677467,0.23996465,0.5516201,0.0910685,0.26877725,0.6401543,0.85689044,2.3558238,0.6401543,0.0910685,Patch,164.66164,405.0609,237.11583,180.13469,219.44421,180.13469,Patch,1,-15.473053,54.782578,111.058365
1121,2024-09-15 00:00:00+00:00,0.008421247,0.23968728,3.0878084,0.76670873,0.7640528,0.24959551,0.33001202,0.21539074,0.495018,0.09314229,0.26973853,0.6371192,0.8617364,2.3672676,0.6371192,0.09314229,Patch,169.04427,397.54684,208.95325,169.18289,220.5822,169.18289,Patch,1,-0.1386261,51.537933,106.675735
1122,2024-09-15 01:00:00+00:00,0.008406921,0.24087405,3.0987005,0.7661551,0.82854706,0.2583512,0.2542987,0.16262692,0.38144803,0.09655185,0.2710186,0.6324296,0.8693106,2.3852658,0.6324296,0.09655185,Patch,177.67726,362.67166,214.93639,146.69127,229.53026,146.69127,Patch,1,30.985992,51.852997,98.04274
1123,2024-09-15 02:00:00+00:00,0.008240268,0.24243282,3.097653,0.76458746,0.8758453,0.26307115,0.26964086,0.1745805,0.40446126,0.09642785,0.2709309,0.6326413,0.8690031,2.3845327,0.6326413,0.09642785,Patch,169.55504,318.30267,275.18958,126.56802,227.20052,126.56802,Patch,1,42.987015,57.645477,106.16496
1124,2024-09-15 03:00:00+00:00,0.007920406,0.24414717,3.0891428,0.7624961,0.9010104,0.26884672,0.3784047,0.2472791,0.56760705,0.09359184,0.27004895,0.6363592,0.8628659,2.369943,0.6363592,0.09359184,Patch,149.12566,323.96857,348.52994,135.52058,209.21266,135.52058,Patch,1,13.605072,60.087006,126.594345
1125,2024-09-15 04:00:00+00:00,0.0074740276,0.24513258,3.0760484,0.76052105,0.9042148,0.27115485,0.40257272,0.25988686,0.60385907,0.09298829,0.2698689,0.6371428,0.86155224,2.3668318,0.6371428,0.09298829,Patch,161.73907,350.7113,340.70508,190.75124,202.89754,190.75124,Patch,1,-29.012161,41.158463,113.98093
1126,2024-09-15 05:00:00+00:00,0.0069351634,0.24561971,3.062296,0.75920814,0.89784646,0.27041742,0.39045045,0.2503297,0.58567566,0.09331552,0.26994535,0.63673913,0.8622469,2.3684764,0.63673913,0.09331552,Patch,167.96877,382.8717,298.45505,199.58258,217.37714,199.58258,Patch,1,-31.613815,49.40837,107.751236
1127,2024-09-15 06:00:00+00:00,0.0063275904,0.2459367,3.0446365,0.75846416,0.8947358,0.26691428,0.37884256,0.24229877,0.56826377,0.093722284,0.27001026,0.6362674,0.8630827,2.370457,0.6362674,0.093722284,Patch,190.7087,386.74124,303.99783,218.23393,233.71617,218.23393,Patch,1,-27.525238,43.007477,85.01131
1128,2024-09-15 07:00:00+00:00,0.005668839,0.24614106,3.1174269,0.7587729,0.8965484,0.26017097,0.3726562,0.24040937,0.5589842,0.09382818,0.27025932,0.6359125,0.86349875,2.3714433,0.6359125,0.09382818,Patch,179.94743,356.57895,324.3245,208.48112,222.74995,208.48112,Patch,1,-28.533691,42.80252,95.77257
1129,2024-09-15 08:00:00+00:00,0.004990087,0.2461578,3.14148,0.7610324,0.90134776,0.25371963,0.34842563,0.2239815,0.5226385,0.09459404,0.27054054,0.63486546,0.86520076,2.375483,0.63486546,0.09459404,Patch,170.48293,326.43887,289.95142,191.43642,204.98335,191.43642,Patch,1,-20.953491,34.500427,105.237076
1130,2024-09-15 09:00:00+00:00,0.004313251,0.24600424,3.107176,0.7646623,0.9081445,0.26339749,0.29599857,0.18718728,0.44399786,0.09604311,0.2708709,0.633086,0.8682276,2.382684,0.633086,0.09604311,Patch,165.90556,285.55225,216.71358,199.63948,193.578,199.63948,Patch,1,-33.733917,27.67244,109.81444
1131,2024-09-15 10:00:00+00:00,0.0036809172,0.24595612,3.0535831,0.7717993,0.916215,0.30315974,0.24216366,0.15800753,0.3632455,0.09709604,0.27102497,0.6318789,0.8703371,2.3877158,0.6318789,0.09709604,Patch,184.0002,296.00293,225.51945,198.42717,211.11255,198.42717,Patch,1,-14.426971,27.11235,91.7198
1132,2024-09-15 11:00:00+00:00,0.003092906,0.24557617,3.0059075,0.77930593,0.92521036,0.3747929,0.2534197,0.16205883,0.38012955,0.09552424,0.27050883,0.633967,0.8669394,2.3796167,0.633967,0.09552424,Patch,187.69202,322.52316,238.58183,190.45409,220.02185,190.45409,Patch,1,-2.7620697,32.329834,88.027985
1133,2024-09-15 12:00:00+00:00,0.0026187089,0.24621762,2.978595,0.78478163,0.93747866,0.37144366,0.2649306,0.1711704,0.39739594,0.0955473,0.27035967,0.634093,0.8668561,2.3794186,0.634093,0.0955473,Patch,192.42256,346.4484,247.2691,182.6731,234.6805,182.6731,Patch,1,9.749466,42.257935,83.29744
1134,2024-09-15 13:00:00+00:00,0.0022528819,0.24719746,2.9659467,0.7882843,0.95489305,0.32550257,0.27943954,0.17933147,0.41915926,0.0964209,0.27044603,0.63313305,0.86857826,2.3835196,0.63313305,0.0964209,Patch,180.89397,365.58517,238.53577,159.14194,231.30644,159.14194,Patch,1,21.75203,50.412476,94.826035
1135,2024-09-15 14:00:00+00:00,0.001965522,0.24820192,2.964235,0.79145914,0.97017014,0.27162284,0.3280635,0.21218853,0.49209523,0.09652306,0.27034268,0.6331343,0.8686825,2.3837683,0.6331343,0.09652306,Patch,140.27748,388.69028,203.31438,127.1409,207.66634,127.1409,Patch,1,13.136581,67.388855,135.44252
1136,2024-09-15 15:00:00+00:00,0.0017578561,0.24924348,2.9700007,0.79452336,0.98215216,0.22819442,0.37914833,0.24633476,0.5687225,0.096552454,0.27034822,0.63309926,0.8687426,2.3839114,0.63309926,0.096552454,Patch,120.1878,392.366,193.01086,121.77038,174.8385,121.77038,Patch,1,-1.5825806,54.650703,155.5322
1137,2024-09-15 16:00:00+00:00,0.0016318375,0.25029993,2.980192,0.79777956,0.9867334,0.193596,0.42618427,0.27165717,0.6392764,0.096442945,0.2704003,0.6331568,0.8685808,2.3835258,0.6331568,0.096442945,Patch,136.92497,385.86987,261.39648,134.39949,175.97319,134.39949,Patch,1,2.5254822,39.048218,138.79503
1138,2024-09-15 17:00:00+00:00,0.0015756885,0.25115952,2.998556,0.8017719,0.9842193,0.17687882,0.4050517,0.25884753,0.60757756,0.09701799,0.27048862,0.6324934,0.8697361,2.386281,0.6324934,0.09701799,Patch,129.75948,364.6173,274.1351,114.88583,186.91634,114.88583,Patch,1,14.873642,57.15686,145.96053
1139,2024-09-15 18:00:00+00:00,0.001596448,0.25211838,3.016988,0.8065813,0.9762001,0.18518,0.3822244,0.2443363,0.5733366,0.09707538,0.27049014,0.63243455,0.86984485,2.3865407,0.63243455,0.09707538,Patch,159.6902,354.9742,292.81406,140.07265,212.61491,140.07265,Patch,1,19.617554,52.924713,116.0298
1140,2024-09-15 19:00:00+00:00,0.0017008252,0.25253513,3.0366297,0.8119356,0.9672768,0.20963328,0.36396694,0.2338805,0.54595035,0.096730866,0.27042612,0.63284296,0.86914414,2.3848689,0.63284296,0.096730866,Patch,179.28166,330.84622,295.76395,155.03525,219.1294,155.03525,Patch,1,24.246414,39.847733,96.43834
1141,2024-09-15 20:00:00+00:00,0.0018947131,0.2527077,3.056343,0.816892,0.9621112,0.23359542,0.37636742,0.2396367,0.5645511,0.095714465,0.27021748,0.634068,0.867051,2.3798823,0.634068,0.095714465,Patch,190.58704,300.61417,325.17148,148.56828,222.39653,148.56828,Patch,1,42.018753,31.809494,85.132965
1142,2024-09-15 21:00:00+00:00,0.0021430445,0.25277466,3.0719368,0.82123774,0.96059966,0.26395604,0.36997038,0.2401568,0.5549555,0.09517672,0.2701162,0.63470715,0.86594594,2.3772538,0.63470715,0.09517672,Patch,194.93596,278.80185,347.06726,136.28659,229.7751,136.28659,Patch,1,58.64937,34.83914,80.78404
1143,2024-09-15 22:00:00+00:00,0.0023496873,0.25328574,3.08486,0.82447076,0.9597659,0.24032144,0.37240466,0.23685357,0.558607,0.09550367,0.2701957,0.63430065,0.86663353,2.378889,0.63430065,0.09550367,Patch,169.34566,269.87137,305.14468,131.85411,198.69417,131.85411,Patch,1,37.491547,29.34851,106.374344
1144,2024-09-15 23:00:00+00:00,0.0024873016,0.2542485,3.095164,0.82667565,0.95713496,0.1834932,0.38280663,0.24138138,0.5742099,0.09624177,0.27030325,0.633455,0.8681195,2.3824265,0.633455,0.09624177,Patch,161.7996,274.26407,301.23874,133.88301,176.32227,133.88301,Patch,1,27.916595,14.522659,113.920395
1145,2024-09-16 00:00:00+00:00,0.0025856178,0.2536729,3.097127,0.8277298,0.95270616,0.15728946,0.3662271,0.23504369,0.54934055,0.09722562,0.2705166,0.63225776,0.8701488,2.387266,0.63225776,0.09722562,Patch,183.26106,271.30984,287.05673,162.88036,189.95996,162.88036,Patch,1,20.380707,6.6988983,92.45894
1146,2024-09-16 01:00:00+00:00,0.0025084072,0.25521755,3.1009881,0.82912225,0.9494312,0.1442958,0.3061114,0.19965176,0.459167,0.09947917,0.27119243,0.6293284,0.8749082,2.3986552,0.6293284,0.09947917,Patch,149.78394,250.25085,204.43877,145.43114,147.01913,145.43114,Patch,1,4.3527985,-2.764801,125.936066
1147,2024-09-16 02:00:00+00:00,0.0022498423,0.25687367,3.100597,0.83029366,0.94863886,0.1501648,0.3015958,0.19347477,0.4523937,0.09951209,0.27123025,0.6292576,0.8750008,2.3988771,0.6292576,0.09951209,Patch,129.67865,226.01985,154.72002,153.12636,114.91086,153.12636,Patch,1,-23.447708,-14.767792,146.04135
1148,2024-09-16 03:00:00+00:00,0.0018332482,0.2586321,3.094974,0.83140457,0.94839954,0.15082501,0.36256456,0.2317965,0.54384685,0.09744178,0.27054286,0.6320154,0.8705755,2.388285,0.6320154,0.09744178,Patch,129.4152,218.83435,243.63481,158.80525,103.37961,158.80525,Patch,1,-29.390045,-26.035599,146.3048
1149,2024-09-16 04:00:00+00:00,0.0013100286,0.2594529,3.08745,0.83258194,0.9482781,0.15155296,0.39667234,0.2520671,0.5950085,0.09636012,0.270179,0.6334609,0.86823654,2.3827052,0.6334609,0.09636012,Patch,148.14244,228.01375,307.8778,159.299,111.51098,159.299,Patch,1,-11.156555,-36.631462,127.57756
1150,2024-09-16 05:00:00+00:00,0.00072075333,0.2597967,3.0813484,0.83385766,0.9485389,0.15814783,0.38818443,0.24654596,0.58227664,0.09653362,0.27022326,0.63324314,0.8686007,2.3835733,0.63324314,0.09653362,Patch,139.45616,237.21074,292.2885,153.85777,104.92741,153.85777,Patch,1,-14.401611,-34.528755,136.26384
1151,2024-09-16 06:00:00+00:00,8.81392e-05,0.26000455,3.0752552,0.83555907,0.94879425,0.15769218,0.3977583,0.25087804,0.5966375,0.09633417,0.27014905,0.6335168,0.8681621,2.382528,0.6335168,0.09633417,Patch,122.99078,225.13008,316.29797,124.42102,94.72596,124.42102,Patch,1,-1.4302368,-28.264824,152.72922
1152,2024-09-16 07:00:00+00:00,-0.0005526594,0.2596688,3.0747683,0.8386089,0.9487929,0.14561336,0.44588265,0.28165266,0.66882396,0.09532372,0.26982468,0.6348515,0.8659756,2.3773243,0.6348515,0.09532372,Patch,116.49294,193.64941,392.74023,100.51165,104.62323,100.51165,Patch,1,15.981293,-11.869713,159.22705
1153,2024-09-16 08:00:00+00:00,-0.0011409642,0.25921193,3.0800679,0.8418006,0.9447844,0.12833895,0.4873526,0.30784994,0.7310289,0.09416031,0.26933995,0.6364997,0.8633452,2.3710792,0.6364997,0.09416031,Patch,111.50348,194.67043,421.06152,110.64394,101.79059,110.64394,Patch,1,0.8595352,-9.712891,164.21652
1154,2024-09-16 09:00:00+00:00,-0.0016316111,0.25687248,3.09636,0.8462997,0.934824,0.11178572,0.48461625,0.3060962,0.7269244,0.09374937,0.26903063,0.63722,0.86229235,2.368584,0.63722,0.09374937,Patch,93.683784,209.42186,390.28406,127.20154,81.00408,127.20154,Patch,1,-33.517754,-12.679703,182.03622
1155,2024-09-16 10:00:00+00:00,-0.0019119723,0.25822526,3.1240473,0.8503544,0.8932141,0.14566697,0.5203074,0.33107385,0.7804612,0.09112411,0.2682487,0.6406272,0.8565395,2.354997,0.6406272,0.09112411,Patch,118.04293,218.11354,484.99863,94.61132,141.13356,94.61132,Patch,1,23.43161,23.09063,157.67706
1156,2024-09-16 11:00:00+00:00,-0.002090292,0.25866827,3.15015,0.8533647,0.8316563,0.22824883,0.58352816,0.37027523,0.8752922,0.08730973,0.26734018,0.64535004,0.84820986,2.3354623,0.64535004,0.08730973,Patch,175.19225,234.82782,582.7263,100.40765,190.1587,100.40765,Patch,1,74.78459,14.966461,100.527756
1157,2024-09-16 12:00:00+00:00,-0.0022193312,0.2588863,3.1647248,0.8551341,0.77779984,0.21808366,0.5522473,0.35429418,0.8283709,0.08636459,0.2666289,0.6470065,0.8456842,2.3295712,0.6470065,0.08636459,Patch,171.56483,239.3062,548.8086,96.99671,180.0763,96.99671,Patch,1,74.56812,8.511459,104.15517
1158,2024-09-16 13:00:00+00:00,-0.0023058476,0.25914443,3.170144,0.8558282,0.7416028,0.17962648,0.44316027,0.28890085,0.6647404,0.088607274,0.26702374,0.644369,0.85051596,2.3408544,0.644369,0.088607274,Patch,125.3302,244.71352,381.45035,105.9241,132.29865,105.9241,Patch,1,19.406097,6.968445,150.3898
1159,2024-09-16 14:00:00+00:00,-0.0023440344,0.25944358,3.1696796,0.8558279,0.7181491,0.15762474,0.35323423,0.23063684,0.5298513,0.091179214,0.26783276,0.64098805,0.8562845,2.3543966,0.64098805,0.091179214,Patch,120.91404,264.62912,212.73155,153.75713,105.42273,153.75713,Patch,1,-32.843086,-15.49131,154.80597
1160,2024-09-16 15:00:00+00:00,-0.0023520663,0.2595261,3.169099,0.8557483,0.7068523,0.14275174,0.3408143,0.21691546,0.51122135,0.09139728,0.26782188,0.6407808,0.85669994,2.355375,0.6407808,0.09139728,Patch,80.47355,283.808,125.96893,148.97826,99.21704,125.96893,TCN,0,-45.495384,18.743492,195.24646
1161,2024-09-16 16:00:00+00:00,-0.002313483,0.25970468,3.172913,0.85575026,0.7085586,0.12940745,0.3340792,0.21180522,0.5011188,0.09175478,0.26789695,0.64034826,0.85746074,2.3571675,0.64034826,0.09175478,Patch,65.86291,286.4026,135.09904,137.14478,102.25873,135.09904,TCN,0,-69.23614,36.39582,209.85709
1162,2024-09-16 17:00:00+00:00,-0.0022168772,0.26003435,3.185644,0.8558259,0.72623515,0.12759236,0.33745807,0.21359186,0.5061871,0.092015766,0.26805708,0.63992715,0.85810685,2.3586912,0.63992715,0.092015766,Patch,74.64089,286.7156,147.45894,134.20836,114.75521,134.20836,Patch,1,-59.567467,40.11432,201.0791
1163,2024-09-16 18:00:00+00:00,-0.0020676516,0.26014984,3.2120183,0.8563784,0.7625064,0.13069253,0.3437937,0.21667257,0.5156905,0.09251316,0.26840904,0.6390778,0.8593756,2.3616855,0.6390778,0.09251316,Patch,111.91654,282.21216,166.91014,158.48753,133.8446,158.48753,Patch,1,-46.57099,21.928062,163.80347
1164,2024-09-16 19:00:00+00:00,-0.0018573011,0.2600845,3.2562506,0.85723937,0.80896777,0.14488314,0.3251248,0.20699549,0.48768717,0.09399404,0.269261,0.63674504,0.86295927,2.3701644,0.63674504,0.09399404,Patch,117.90531,265.2288,194.87941,134.00783,140.45752,134.00783,Patch,1,-16.102516,22.552208,157.8147
1165,2024-09-16 20:00:00+00:00,-0.0015859826,0.25996017,3.3174214,0.85809976,0.85370857,0.16352107,0.29414675,0.18789731,0.44122005,0.09571427,0.2702646,0.63402116,0.86709076,2.3799767,0.63402116,0.09571427,Patch,109.43624,233.59418,180.63904,102.12455,122.8951,102.12455,Patch,1,7.3116913,13.458862,166.28375
1166,2024-09-16 21:00:00+00:00,-0.0012703419,0.25998452,3.1729698,0.8583899,0.8919557,0.18357472,0.30271643,0.19472429,0.45407462,0.0973643,0.27064377,0.6319919,0.8705162,2.3881433,0.6319919,0.0973643,Patch,96.9907,213.17409,189.11305,104.67633,115.470665,104.67633,Patch,1,-7.685631,18.479965,178.72931
1167,2024-09-16 22:00:00+00:00,-0.0009843569,0.2601762,3.2280579,0.8575058,0.92098707,0.17553927,0.28930038,0.18484233,0.43395054,0.09825972,0.27113464,0.6306057,0.8726013,2.393128,0.6306057,0.09825972,Patch,78.43528,214.3224,160.71361,91.48568,92.53186,91.48568,Patch,1,-13.0504,14.0965805,197.28473
1168,2024-09-16 23:00:00+00:00,-0.00072160957,0.26015002,3.2533662,0.8562834,0.9421282,0.18105471,0.26164666,0.16873215,0.39246997,0.09944373,0.2716607,0.6288955,0.8752365,2.399443,0.6288955,0.09944373,Patch,85.293236,220.69331,122.84118,95.78796,98.99467,95.78796,Patch,1,-10.49472,13.701431,190.42676
1169,2024-09-17 00:00:00+00:00,-0.00051355455,0.25872386,3.2628956,0.855279,0.95487463,0.1832676,0.2649141,0.17140865,0.39737114,0.099432535,0.27169642,0.628871,0.8752458,2.399465,0.628871,0.099432535,Patch,101.65976,220.81071,118.76373,118.50036,112.60856,118.50036,Patch,1,-16.8406,10.948799,174.06024
1170,2024-09-17 01:00:00+00:00,-0.0004770849,0.2576816,3.265928,0.8552597,0.96271724,0.1927919,0.26353696,0.16912465,0.39530545,0.09931061,0.27168664,0.62900275,0.87501264,2.3989058,0.62900275,0.09931061,Patch,81.36033,221.14055,126.17837,102.266396,106.95032,102.266396,Patch,1,-20.906067,25.589989,194.35968
1171,2024-09-17 02:00:00+00:00,-0.0006498643,0.258709,3.2658668,0.85676366,0.9691217,0.19954628,0.29115272,0.18443815,0.43672913,0.09845931,0.2714441,0.63009655,0.87323296,2.3946402,0.63009655,0.09845931,Patch,90.34757,205.99617,174.35968,132.33086,112.78188,132.33086,Patch,1,-41.983284,22.43431,185.37244
1172,2024-09-17 03:00:00+00:00,-0.0009892812,0.2599079,3.2639694,0.85899204,0.9726288,0.20007068,0.35054395,0.22615194,0.52581584,0.09656696,0.27077818,0.6326548,0.86913526,2.3848476,0.6326548,0.09656696,Patch,94.32786,189.18425,248.39226,165.56984,99.72622,165.56984,Patch,1,-71.24198,5.398361,181.39215
1173,2024-09-17 04:00:00+00:00,-0.0014474698,0.26052612,3.2641048,0.8615602,0.97493935,0.18714674,0.34297955,0.21892017,0.5144694,0.09711061,0.27091724,0.6319722,0.8702731,2.3875628,0.6319722,0.09711061,Patch,80.225716,179.39034,251.18013,131.6539,80.13534,131.6539,Patch,1,-51.428185,-0.09037781,195.4943
1174,2024-09-17 05:00:00+00:00,-0.0019819406,0.26082435,3.2680867,0.86417603,0.97668046,0.16821168,0.3299861,0.20786741,0.49497914,0.09792213,0.27113876,0.6309391,0.8719765,2.3916333,0.6309391,0.09792213,Patch,88.38265,174.82916,242.85149,120.45746,75.21405,120.45746,Patch,1,-32.074806,-13.168602,187.33734
1175,2024-09-17 06:00:00+00:00,-0.0025537913,0.2608956,3.280532,0.86628264,0.97737134,0.16024037,0.31356156,0.19844884,0.47034234,0.09849993,0.2713089,0.6301912,0.8731944,2.394548,0.6301912,0.09849993,Patch,99.19285,164.5555,250.82129,128.22292,90.41052,128.22292,Patch,1,-29.030067,-8.782326,176.52716
1176,2024-09-17 07:00:00+00:00,-0.0031227353,0.2608627,3.3032358,0.86753076,0.9777388,0.15242018,0.3348244,0.21275137,0.5022366,0.09760975,0.2709961,0.63139415,0.8712733,2.389952,0.63139415,0.09760975,Patch,96.58848,154.61388,255.39488,138.747,77.083824,138.747,Patch,1,-42.158516,-19.504654,179.13153
1177,2024-09-17 08:00:00+00:00,-0.0036670424,0.26028168,3.3365846,0.86920494,0.97723407,0.14600725,0.32762748,0.20877461,0.49144122,0.09763306,0.27103713,0.63132983,0.8713515,2.3901389,0.63132983,0.09763306,Patch,128.84592,142.85909,182.85881,221.72478,85.74827,142.85909,GRU,0,-14.013168,-43.09765,146.87408
1178,2024-09-17 09:00:00+00:00,-0.0041054604,0.25872722,3.2818809,0.8702706,0.97653085,0.13948117,0.35130453,0.22217655,0.52695686,0.0972179,0.27070028,0.6320818,0.87029016,2.3876035,0.6320818,0.0972179,Patch,169.90033,150.57426,190.5772,283.31992,115.57635,150.57426,GRU,0,19.326065,-54.323982,105.81967
1179,2024-09-17 10:00:00+00:00,-0.0043397634,0.26086187,3.2535503,0.87095326,0.9770578,0.16961724,0.34333426,0.21878366,0.51500136,0.09755244,0.27092105,0.6315265,0.8711028,2.3895447,0.6315265,0.09755244,Patch,114.02105,172.4197,238.05505,194.91695,122.8989,172.4197,GRU,0,-58.398643,8.877853,161.69894
1180,2024-09-17 11:00:00+00:00,-0.0044906638,0.2611252,3.325285,0.871214,0.97913295,0.20064016,0.3439828,0.22046226,0.51597416,0.09668763,0.27095997,0.63235235,0.86951613,2.3857563,0.63235235,0.09668763,Patch,134.61143,190.42393,228.65483,170.26653,125.71902,170.26653,Patch,1,-35.65509,-8.892418,141.10857
1181,2024-09-17 12:00:00+00:00,-0.0045862678,0.26129434,3.370493,0.8714051,0.97980464,0.20654488,0.31343555,0.20184967,0.4701533,0.0974036,0.27136263,0.63123375,0.87119794,2.3897717,0.63123375,0.0974036,Patch,145.6024,205.2383,174.70244,182.08852,116.374535,174.70244,TCN,0,-29.100037,-29.227867,130.1176
1182,2024-09-17 13:00:00+00:00,-0.0046463003,0.26141593,3.393301,0.8714989,0.9800385,0.20245488,0.28985143,0.18465671,0.4347771,0.09817836,0.27169922,0.6301224,0.87292576,2.3939047,0.6301224,0.09817836,Patch,156.58421,220.03993,139.66069,208.48009,125.48257,139.66069,TCN,0,16.923523,-31.101646,119.13579
1183,2024-09-17 14:00:00+00:00,-0.0046470105,0.261499,3.3978474,0.871558,0.9800455,0.18983619,0.30736068,0.19304928,0.46104097,0.097643815,0.2714644,0.63089174,0.87173235,2.3910494,0.63089174,0.097643815,Patch,150.29762,242.78352,112.83494,226.92163,114.48165,112.83494,TCN,0,37.462685,-35.81597,125.42238
1184,2024-09-17 15:00:00+00:00,-0.004589818,0.26090434,3.3925188,0.8713382,0.97952324,0.14311223,0.30670875,0.19283694,0.4600631,0.09801327,0.27130255,0.63068414,0.8722844,2.3923697,0.63068414,0.09801327,Patch,131.74722,279.42746,122.97872,209.91699,123.67246,122.97872,TCN,0,8.768501,-8.07476,143.97278
1185,2024-09-17 16:00:00+00:00,-0.004442086,0.26069054,3.3838372,0.8703622,0.9774683,0.10401821,0.30500883,0.19320618,0.45751318,0.098381914,0.27118048,0.6304376,0.872867,2.393764,0.6304376,0.098381914,Patch,99.59873,300.73608,136.54692,164.02956,124.29879,136.54692,TCN,0,-36.94819,24.700058,176.12128
1186,2024-09-17 17:00:00+00:00,-0.0041971984,0.26107705,3.3727582,0.8684464,0.977768,0.088996865,0.33492464,0.21111283,0.502387,0.097508416,0.27076817,0.6317234,0.87089103,2.3890386,0.6317234,0.097508416,Patch,84.69419,302.43228,124.00791,139.33577,106.085754,124.00791,TCN,0,-39.31372,21.391563,191.02582
1187,2024-09-17 18:00:00+00:00,-0.0038993089,0.26047984,3.3760037,0.86571544,0.9811233,0.07738525,0.32251877,0.20463622,0.48377812,0.09811803,0.27095032,0.6309316,0.872182,2.392125,0.6309316,0.09811803,Patch,68.44495,311.27988,122.556984,116.43152,116.34403,116.43152,Patch,1,-47.986572,47.899086,207.27505
1188,2024-09-17 19:00:00+00:00,-0.0035250147,0.25991753,3.4006116,0.861903,0.98264426,0.065051265,0.30353284,0.19384706,0.45529923,0.09876833,0.27120772,0.63002396,0.87360686,2.3955357,0.63002396,0.09876833,Patch,97.217834,308.1028,187.8993,106.10065,145.31209,106.10065,Patch,1,-8.8828125,48.094254,178.50217
1189,2024-09-17 20:00:00+00:00,-0.0030848815,0.25960395,3.451714,0.8565123,0.98146355,0.08002458,0.25509095,0.16527273,0.38263643,0.09987364,0.2718425,0.62828386,0.87618077,2.4017096,0.62828386,0.09987364,Patch,159.99394,298.23834,207.75142,172.09917,173.10054,172.09917,Patch,1,-12.105225,13.106598,115.72606
1190,2024-09-17 21:00:00+00:00,-0.0026126876,0.25955534,3.258813,0.8511719,0.9765091,0.10520642,0.2461909,0.157033,0.3692864,0.101480976,0.27204588,0.6264731,0.87929153,2.4091923,0.6264731,0.101480976,Patch,233.24715,287.40884,241.05669,253.74129,212.31549,241.05669,TCN,0,-7.80954,-20.931656,42.472855
1191,2024-09-17 22:00:00+00:00,-0.0021352512,0.2588932,3.0074472,0.8472149,0.9705954,0.14453262,0.23749124,0.15147255,0.35623682,0.1026411,0.271714,0.6256449,0.8811191,2.4135993,0.6256449,0.1026411,Patch,194.90166,289.0051,216.30229,202.67462,187.02458,202.67462,Patch,1,-7.7729645,-7.877075,80.818344
1192,2024-09-17 23:00:00+00:00,-0.0016978298,0.2586025,3.0118475,0.84396684,0.9740823,0.12210887,0.24821329,0.1578629,0.3723199,0.102804855,0.27174446,0.62545073,0.8814403,2.4143746,0.62545073,0.102804855,Patch,136.72835,282.788,149.77339,160.39903,138.38574,149.77339,TCN,0,-13.045044,1.6573944,138.99165
1193,2024-09-18 00:00:00+00:00,-0.001323019,0.2557088,3.009747,0.8412289,0.976656,0.09082827,0.25089812,0.1628845,0.37634715,0.10344182,0.271838,0.6247201,0.8826661,2.417336,0.6247201,0.10344182,Patch,118.49027,298.74197,172.82497,134.31644,152.68446,134.31644,Patch,1,-15.826164,34.19419,157.22974
1194,2024-09-18 01:00:00+00:00,-0.0011252951,0.25435707,2.9983528,0.8395766,0.9786806,0.09696152,0.25834307,0.16527578,0.3875146,0.10311544,0.27173188,0.62515265,0.8819902,2.4157028,0.62515265,0.10311544,Patch,112.56836,293.13773,192.80806,126.697266,171.23158,126.697266,Patch,1,-14.128906,58.663223,163.15164
1195,2024-09-18 02:00:00+00:00,-0.0011363059,0.254814,3.0002277,0.8396407,0.97999024,0.09389154,0.26275632,0.16807227,0.39413446,0.10305801,0.27171636,0.62522566,0.8818736,2.415421,0.62522566,0.10305801,Patch,101.63153,280.3637,164.64806,135.24571,150.24695,135.24571,Patch,1,-33.61418,48.615417,174.08847
1196,2024-09-18 03:00:00+00:00,-0.0013154128,0.2547608,3.0179722,0.8405899,0.97968966,0.09192429,0.30264792,0.19508046,0.45397186,0.10176002,0.27139974,0.6268403,0.8792592,2.4091146,0.6268403,0.10176002,Patch,98.155785,263.80368,149.5185,144.1216,121.31234,144.1216,Patch,1,-45.965813,23.156555,177.56421
1197,2024-09-18 04:00:00+00:00,-0.001631912,0.2552533,3.047636,0.84261674,0.97895527,0.09591576,0.28452504,0.18384813,0.42678756,0.102055565,0.27158442,0.62636,0.8799505,2.4107804,0.62636,0.102055565,Patch,92.07255,275.77585,143.37238,113.97107,124.06991,113.97107,Patch,1,-21.898521,31.99736,183.64746
1198,2024-09-18 05:00:00+00:00,-0.00205602,0.25561023,3.078018,0.8437335,0.9781049,0.09729833,0.25966316,0.1673492,0.38949472,0.10262062,0.27185827,0.6255211,0.88120234,2.4138002,0.6255211,0.10262062,Patch,82.66062,280.42502,116.23141,90.76111,126.5707,90.76111,Patch,1,-8.100487,43.91008,193.05939
1199,2024-09-18 06:00:00+00:00,-0.002549349,0.2556476,3.118425,0.84541184,0.97752625,0.09908724,0.2645691,0.1701777,0.39685363,0.102203295,0.271881,0.62591577,0.8804659,2.4120233,0.62591577,0.102203295,Patch,77.28379,267.20554,116.543175,97.573265,115.01483,97.573265,Patch,1,-20.289474,37.73104,198.43622
1200,2024-09-18 07:00:00+00:00,-0.0030794055,0.25550076,3.0850139,0.84680927,0.9780659,0.10079219,0.24325773,0.15476306,0.36488658,0.10305915,0.27201712,0.62492377,0.8821261,2.416031,0.62492377,0.10305915,Patch,88.58872,258.6195,110.67812,117.14518,129.87627,110.67812,TCN,0,-22.089401,41.287544,187.13129
1201,2024-09-18 08:00:00+00:00,-0.00356246,0.25522342,3.0496604,0.8477982,0.97886765,0.11239297,0.26208484,0.16669622,0.39312726,0.102430165,0.27172732,0.62584245,0.88074875,2.4127054,0.62584245,0.102430165,Patch,163.84428,259.00906,153.69495,212.8987,166.94969,153.69495,TCN,0,10.149338,3.1054077,111.87572
1202,2024-09-18 09:00:00+00:00,-0.0039490433,0.25391227,3.085877,0.8490615,0.9796493,0.12711619,0.31238374,0.19842653,0.4685756,0.10033669,0.27127603,0.62838733,0.87655604,2.402611,0.62838733,0.10033669,Patch,218.41078,258.91403,190.60333,303.3635,187.30524,190.60333,TCN,0,27.80745,-31.105545,57.30922
1203,2024-09-18 10:00:00+00:00,-0.004138987,0.2558461,3.1057417,0.84944224,0.9794218,0.10802573,0.30803308,0.1959723,0.4620496,0.10081007,0.27144384,0.6277461,0.877564,2.4050338,0.6277461,0.10081007,Patch,136.84235,241.74731,194.60753,205.79073,140.56056,194.60753,TCN,0,-57.765182,3.718216,138.87766
1204,2024-09-18 11:00:00+00:00,-0.004252374,0.25610685,3.1168132,0.8496498,0.9776152,0.118501045,0.28768092,0.1836763,0.43152136,0.10113725,0.27160037,0.62726235,0.87829286,2.4067874,0.62726235,0.10113725,Patch,99.76408,235.62952,184.41386,139.62256,128.69257,139.62256,Patch,1,-39.858482,28.92849,175.95593
1205,2024-09-18 12:00:00+00:00,-0.004285827,0.25644597,3.1211922,0.8496705,0.97474784,0.12162855,0.2766537,0.17466924,0.4149805,0.1013513,0.27169755,0.6269511,0.8787645,2.4079227,0.6269511,0.1013513,Patch,107.74381,250.20079,186.3642,136.67989,143.64813,136.67989,Patch,1,-28.936073,35.90432,167.9762
1206,2024-09-18 13:00:00+00:00,-0.004255532,0.25615692,3.1161435,0.8493527,0.96866566,0.12910077,0.2680142,0.17010014,0.40202126,0.101400465,0.27171037,0.6268892,0.87886477,2.4081643,0.6268892,0.101400465,Patch,80.16345,260.51718,154.7003,98.41508,128.1086,98.41508,Patch,1,-18.251625,47.945145,195.55655
1207,2024-09-18 14:00:00+00:00,-0.004130812,0.25602555,3.102748,0.84861654,0.965941,0.14030121,0.28606877,0.18049276,0.42910314,0.1006357,0.27147624,0.627888,0.8772721,2.4043322,0.627888,0.1006357,Patch,62.882977,276.61908,138.45006,112.07196,115.01023,112.07196,Patch,1,-49.188984,52.127254,212.83702
1208,2024-09-18 15:00:00+00:00,-0.0039292597,0.25489715,3.0811849,0.84726244,0.9635135,0.14698721,0.31752473,0.20095903,0.47628707,0.09944911,0.27104282,0.629508,0.8747268,2.3982198,0.629508,0.09944911,Patch,65.42655,298.2166,128.075,133.53856,110.983215,128.075,TCN,0,-62.648445,45.556664,210.29346
1209,2024-09-18 16:00:00+00:00,-0.0036169786,0.2544193,3.0518134,0.84517527,0.96377456,0.15659441,0.33270556,0.21203129,0.4990583,0.09886248,0.27078345,0.63035405,0.8734232,2.3950958,0.63035405,0.09886248,Patch,87.83677,312.98663,154.74443,145.49757,122.01949,145.49757,Patch,1,-57.660805,34.182724,187.88324
1210,2024-09-18 17:00:00+00:00,-0.0032220301,0.2537167,3.0200996,0.84299195,0.9655709,0.15433016,0.36010107,0.22749266,0.54015154,0.09830198,0.27053717,0.63116086,0.8721746,2.392107,0.63116086,0.09830198,Patch,109.01422,340.34695,169.48192,164.04155,143.51729,164.04155,Patch,1,-55.02733,34.503067,166.70578
1211,2024-09-18 18:00:00+00:00,-0.0027521267,0.25292504,2.9928486,0.84001166,0.9675605,0.16070461,0.3646632,0.23048887,0.5469948,0.09836297,0.27053022,0.63110685,0.8722821,2.392364,0.63110685,0.09836297,Patch,108.1687,361.7439,217.6303,144.45741,171.58693,144.45741,Patch,1,-36.28871,63.41823,167.5513
1212,2024-09-18 19:00:00+00:00,-0.0022021628,0.25183448,3.0793664,0.83656,0.9675524,0.1827305,0.33709416,0.21351215,0.50564116,0.09807334,0.270774,0.6311527,0.8719497,2.391569,0.6311527,0.09807334,Patch,116.652306,363.67017,237.35577,111.78396,195.96382,111.78396,Patch,1,4.868347,79.311516,159.06769
1213,2024-09-18 20:00:00+00:00,-0.0015626284,0.25182536,3.1475115,0.8337397,0.9646553,0.22779782,0.2530435,0.16277893,0.37956524,0.09917139,0.27143192,0.6293967,0.8745415,2.397776,0.6293967,0.09917139,Patch,187.85106,362.0383,255.17354,178.97173,243.54982,178.97173,Patch,1,8.8793335,55.69876,87.86894
1214,2024-09-18 21:00:00+00:00,-0.00088071416,0.2514664,3.2065709,0.8294966,0.96426344,0.27494788,0.2573086,0.16485748,0.3859629,0.097711675,0.27132475,0.6309636,0.8717412,2.3910704,0.6309636,0.097711675,Patch,263.4343,359.88785,257.13474,308.41348,266.88327,257.13474,TCN,0,6.2995605,3.4489746,12.285706
1215,2024-09-18 22:00:00+00:00,-0.00024884587,0.25072694,3.1784644,0.8256548,0.9665073,0.2674066,0.23516862,0.149782,0.35275292,0.098614044,0.27151,0.629876,0.8735754,2.3954601,0.629876,0.098614044,Patch,249.62132,379.3818,244.81451,271.12244,267.20367,244.81451,TCN,0,4.8068085,17.582352,26.098679
1216,2024-09-18 23:00:00+00:00,0.0003228944,0.25032923,3.1487267,0.82333654,0.9673369,0.19318537,0.24615872,0.15799406,0.36923808,0.10003655,0.27166674,0.62829673,0.8763329,2.4020748,0.62829673,0.10003655,Patch,227.71034,402.2163,261.8337,231.23482,256.5498,231.23482,Patch,1,-3.524475,28.839462,48.00966
1217,2024-09-19 00:00:00+00:00,0.00082918064,0.24806109,3.1205556,0.8216263,0.9680541,0.124787904,0.26016676,0.17266077,0.39025015,0.101261415,0.27174902,0.62698954,0.87864375,2.4076324,0.62698954,0.101261415,Patch,225.41925,411.76382,287.9159,210.32959,277.25708,210.32959,Patch,1,15.089661,51.83783,50.30075
1218,2024-09-19 01:00:00+00:00,0.0011462125,0.24539755,3.106916,0.8214133,0.96853244,0.10849526,0.28986752,0.19080105,0.43480128,0.100776345,0.27152115,0.6277025,0.8775672,2.4050417,0.6277025,0.100776345,Patch,219.35258,408.29263,351.41592,173.48552,290.1178,173.48552,Patch,1,45.867065,70.76521,56.367416
1219,2024-09-19 02:00:00+00:00,0.0012134573,0.2448182,3.112479,0.82135385,0.9685845,0.10993353,0.26387072,0.16721222,0.39580607,0.10150161,0.27179125,0.6267072,0.87911654,2.4087708,0.6267072,0.10150161,Patch,236.21423,393.66446,322.716,228.15118,286.9335,228.15118,Patch,1,8.063049,50.71927,39.505768
1220,2024-09-19 03:00:00+00:00,0.0010679516,0.2459966,3.1357095,0.8213872,0.9684666,0.11373029,0.25504145,0.16167118,0.38256216,0.10157522,0.2719079,0.6265169,0.8793479,2.4093282,0.6265169,0.10157522,Patch,289.5175,386.29922,314.1557,318.00385,296.32126,314.1557,TCN,0,-24.638214,6.803772,-13.797485
1221,2024-09-19 04:00:00+00:00,0.0007943377,0.24532764,3.1698906,0.82095605,0.9676521,0.11836469,0.21315178,0.13798907,0.31972766,0.10257551,0.2723294,0.62509507,0.8815129,2.4145498,0.62509507,0.10257551,Patch,265.37915,388.00375,278.8289,268.18118,291.22937,268.18118,Patch,1,-2.8020325,25.85022,10.340851
1222,2024-09-19 05:00:00+00:00,0.0003840762,0.24560566,3.212268,0.82113665,0.96873647,0.11565841,0.20471379,0.13063724,0.30707067,0.10270146,0.27252606,0.6247725,0.88190365,2.4154935,0.6247725,0.10270146,Patch,231.31453,397.81448,279.43024,205.54509,280.59488,205.54509,Patch,1,25.76944,49.28035,44.40547
1223,2024-09-19 06:00:00+00:00,-9.029918e-05,0.2457985,3.2522655,0.82071215,0.9687221,0.120328136,0.19694714,0.12707151,0.2954207,0.10258319,0.2726315,0.62478536,0.88177747,2.4151888,0.62478536,0.10258319,Patch,219.45049,385.46793,271.23856,176.64806,270.50085,176.64806,Patch,1,42.80243,51.05037,56.269516
1224,2024-09-19 07:00:00+00:00,-0.0006026142,0.24581508,3.2455742,0.8205399,0.9690493,0.12686293,0.1986117,0.12680262,0.29791757,0.10248109,0.27261445,0.6249045,0.8815788,2.4147089,0.6249045,0.10248109,Patch,222.68518,395.96567,292.1562,176.71222,280.89294,176.71222,Patch,1,45.97296,58.207764,53.03482
1225,2024-09-19 08:00:00+00:00,-0.0010974953,0.24501386,3.0964437,0.8201337,0.97034436,0.13226567,0.18945703,0.122398406,0.28418553,0.10349899,0.2723895,0.6241115,0.8832268,2.4186919,0.6241115,0.10349899,Patch,270.9809,401.60513,313.58487,247.27428,311.7325,247.27428,Patch,1,23.70662,40.751617,4.739105
1226,2024-09-19 09:00:00+00:00,-0.0014725322,0.2438908,3.1289024,0.81920207,0.97026336,0.12724215,0.20416902,0.13167241,0.30625352,0.10292307,0.27232754,0.6247494,0.8821387,2.4160614,0.6247494,0.10292307,Patch,304.7753,418.3685,353.88736,298.85153,343.229,298.85153,Patch,1,5.923767,38.453705,-29.055298
1227,2024-09-19 10:00:00+00:00,-0.001648133,0.24603881,3.145,0.81878066,0.97001547,0.118501596,0.2242629,0.14258462,0.3363943,0.102419004,0.2722329,0.62534815,0.8811496,2.413673,0.62534815,0.102419004,Patch,284.65982,417.57974,376.9575,259.22208,329.4382,259.22208,Patch,1,25.437744,44.77838,-8.939819
1228,2024-09-19 11:00:00+00:00,-0.0017343643,0.24624054,3.1560874,0.8186218,0.96923244,0.121774495,0.22642899,0.14448884,0.33964348,0.1022071,0.27221674,0.6255762,0.8807525,2.4127145,0.6255762,0.1022071,Patch,282.29434,433.9807,385.30972,254.4737,337.9673,254.4737,Patch,1,27.820648,55.672943,-6.574341
1229,2024-09-19 12:00:00+00:00,-0.0017341666,0.24637975,3.1628618,0.8185948,0.96905136,0.13106929,0.2554758,0.1624172,0.3832137,0.101055585,0.27191988,0.62702453,0.87841105,2.407072,0.62702453,0.101055585,Patch,293.10068,456.28397,410.43747,267.78003,353.60904,267.78003,Patch,1,25.320648,60.50836,-17.380676
1230,2024-09-19 13:00:00+00:00,-0.0016659336,0.24591966,3.1635754,0.8187975,0.9707677,0.14125048,0.2616342,0.16688208,0.3924513,0.100642875,0.27181375,0.62754333,0.8775679,2.4050434,0.62754333,0.100642875,Patch,281.6669,479.2672,393.13486,229.4485,351.99704,229.4485,Patch,1,52.2184,70.33014,-5.9468994
1231,2024-09-19 14:00:00+00:00,-0.0014830403,0.24603562,3.1538963,0.8190683,0.9706999,0.15014249,0.2652963,0.1674205,0.39794445,0.100381844,0.27172872,0.62788945,0.87701863,2.4037228,0.62788945,0.100381844,Patch,251.55629,488.99228,344.10864,194.5258,333.4738,194.5258,Patch,1,57.030487,81.917496,24.163712
1232,2024-09-19 15:00:00+00:00,-0.0011975644,0.24547951,3.1308146,0.81921726,0.9690411,0.14853747,0.295092,0.18708365,0.442638,0.09962142,0.27141482,0.62896377,0.8753575,2.399733,0.62896377,0.09962142,Patch,235.28267,499.67334,302.51105,180.10115,322.1931,180.10115,Patch,1,55.18152,86.910446,40.437332
1233,2024-09-19 16:00:00+00:00,-0.0007675725,0.2458485,3.0838232,0.81900764,0.96368307,0.15951218,0.35099465,0.22362566,0.526492,0.097960286,0.27080357,0.63123614,0.8717641,2.3911252,0.63123614,0.097960286,Patch,236.95752,493.2898,302.10706,180.14217,314.08755,180.14217,Patch,1,56.815353,77.130035,38.76248
1234,2024-09-19 17:00:00+00:00,-0.00022528536,0.24550103,3.2358186,0.81723905,0.9570634,0.15515544,0.4114986,0.26037657,0.6172479,0.09499905,0.27027416,0.6347268,0.86574364,2.3767729,0.6347268,0.09499905,Patch,258.20587,472.9026,331.1321,240.0142,324.3795,240.0142,Patch,1,18.191666,66.173615,17.51413
1235,2024-09-19 18:00:00+00:00,0.00043864406,0.24558067,3.4552686,0.8140997,0.9526893,0.14060678,0.39400324,0.24984483,0.59100485,0.094092354,0.27040157,0.6355061,0.8641255,2.37293,0.6355061,0.094092354,Patch,277.3198,456.3967,336.69485,299.13943,323.29297,299.13943,Patch,1,-21.819641,45.973175,-1.5997925
1236,2024-09-19 19:00:00+00:00,0.0011764471,0.24544565,3.4875383,0.810136,0.9538691,0.14990658,0.337643,0.21460897,0.5064645,0.09562241,0.27110872,0.6332689,0.86763513,2.3812728,0.6332689,0.09562241,Patch,268.73807,444.64868,318.78192,247.70392,321.8993,247.70392,Patch,1,21.03415,53.161224,6.9819336
1237,2024-09-19 20:00:00+00:00,0.0019788898,0.24553032,3.5420918,0.80446917,0.96212435,0.17863114,0.28758445,0.18476477,0.43137664,0.09663605,0.2717782,0.6315857,0.87011087,2.3871756,0.6315857,0.09663605,Patch,234.30261,423.90756,314.07642,176.46559,298.49326,176.46559,Patch,1,57.83702,64.19064,41.41739
1238,2024-09-19 21:00:00+00:00,0.0028270425,0.24532194,3.5392568,0.7988782,0.9735506,0.19436131,0.27905104,0.17820613,0.41857654,0.096939534,0.27200884,0.63105166,0.87087435,2.3889987,0.63105166,0.096939534,Patch,230.2639,417.37326,304.93594,173.2054,295.5112,173.2054,Patch,1,57.058502,65.2473,45.4561
1239,2024-09-19 22:00:00+00:00,0.003595774,0.24473451,3.4499028,0.795508,0.9836657,0.21277364,0.26658612,0.1697871,0.39987916,0.097655825,0.27211416,0.63023,0.87230164,2.3924112,0.63023,0.097655825,Patch,247.18431,438.63297,266.04117,213.46016,303.97946,213.46016,Patch,1,33.72415,56.79515,28.53569
1240,2024-09-19 23:00:00+00:00,0.00425058,0.2445709,3.3924396,0.79448974,0.98854285,0.21992989,0.29922092,0.1941289,0.4488314,0.09682409,0.27166677,0.6315091,0.8703698,2.3877938,0.6315091,0.09682409,Patch,212.4713,455.48032,198.44891,193.29695,275.3441,193.29695,Patch,1,19.174347,62.872787,63.248703
1241,2024-09-20 00:00:00+00:00,0.0047918083,0.24228369,3.3594594,0.79564434,0.9924448,0.22989953,0.30304596,0.19781452,0.45456892,0.096628144,0.27149552,0.6318763,0.86985755,2.386571,0.6318763,0.096628144,Patch,179.6179,454.56076,200.8739,145.96973,260.6934,145.96973,Patch,1,33.64818,81.075485,96.1021
1242,2024-09-20 01:00:00+00:00,0.0050980956,0.2416617,3.351485,0.79641354,0.99499345,0.23222494,0.29595754,0.19182634,0.4439363,0.096813515,0.27152812,0.6316584,0.8702329,2.387467,0.6316584,0.096813515,Patch,175.11865,398.66257,259.98685,123.68578,253.88106,123.68578,Patch,1,51.43287,78.762405,100.60135
1243,2024-09-20 02:00:00+00:00,0.0051563242,0.24245499,3.3571904,0.79646903,0.9961281,0.22663325,0.3045243,0.19460547,0.4567864,0.09670049,0.27151453,0.631785,0.87000936,2.3869333,0.631785,0.09670049,Patch,159.72832,349.94043,277.73834,127.46183,227.43248,127.46183,Patch,1,32.266487,67.70416,115.991684
1244,2024-09-20 03:00:00+00:00,0.0049908427,0.24397394,3.3612635,0.79595333,0.99628544,0.23403795,0.28356385,0.18203393,0.42534575,0.09712116,0.27167678,0.6312021,0.8709347,2.3891428,0.6312021,0.09712116,Patch,168.62575,346.60776,238.62291,168.57567,217.12788,168.57567,Patch,1,0.050079346,48.502136,107.09425
1245,2024-09-20 04:00:00+00:00,0.004640238,0.24537756,3.3551373,0.7945927,0.9967227,0.23813973,0.23921299,0.15296292,0.35881948,0.09831976,0.2720594,0.6296209,0.873491,2.3952582,0.6296209,0.09831976,Patch,169.6916,354.73068,219.53178,149.7842,217.26057,149.7842,Patch,1,19.90741,47.56897,106.0284
1246,2024-09-20 05:00:00+00:00,0.004173936,0.24576075,3.3509915,0.7925681,0.99644375,0.24956171,0.25424078,0.16330782,0.3813612,0.09766554,0.2718796,0.63045484,0.87212265,2.3919828,0.63045484,0.09766554,Patch,156.39075,359.68326,202.09871,143.72633,205.41064,143.72633,Patch,1,12.664413,49.019897,119.329254
1247,2024-09-20 06:00:00+00:00,0.0036376026,0.2459663,3.35121,0.7903481,0.9962845,0.26444247,0.28447804,0.18281257,0.42671704,0.096519165,0.27157322,0.63190764,0.86971843,2.3862388,0.63190764,0.096519165,Patch,169.39613,346.0681,197.2597,171.62843,204.98749,171.62843,Patch,1,-2.2322998,35.591354,106.32387
1248,2024-09-20 07:00:00+00:00,0.0030705032,0.24599698,3.4134765,0.7874317,0.9961763,0.28198385,0.26923558,0.17345649,0.40385336,0.096383385,0.2717894,0.6318272,0.8696457,2.3860652,0.6318272,0.096383385,Patch,185.54724,322.9675,215.37459,187.2981,206.51636,187.2981,Patch,1,-1.7508545,20.969116,90.17276
1249,2024-09-20 08:00:00+00:00,0.0025212371,0.24565326,3.4014614,0.7840936,0.9961191,0.30875912,0.22984028,0.14868568,0.34476042,0.09693008,0.27198756,0.6310825,0.87083864,2.3889134,0.6310825,0.09693008,Patch,184.0758,304.86404,231.12907,172.15376,211.74622,172.15376,Patch,1,11.922043,27.67041,91.644196
1250,2024-09-20 09:00:00+00:00,0.0020586946,0.2441088,3.384489,0.7799249,0.99614537,0.31475002,0.1918819,0.122283086,0.2878228,0.09790867,0.2722921,0.6297992,0.872922,2.3938956,0.6297992,0.09790867,Patch,191.82935,323.22513,259.22968,164.52602,231.49377,164.52602,Patch,1,27.30333,39.66443,83.890656
1251,2024-09-20 10:00:00+00:00,0.0017849492,0.24552186,3.3719084,0.7759653,0.99620134,0.26397264,0.2171769,0.13835804,0.32576537,0.09828655,0.2723069,0.6294065,0.8736369,2.3956077,0.6294065,0.09828655,Patch,227.84888,375.08545,291.27353,201.34871,267.62082,201.34871,Patch,1,26.500168,39.771942,47.871124
1252,2024-09-20 11:00:00+00:00,0.0015895009,0.24538222,3.358523,0.7727549,0.9964785,0.2611505,0.2521003,0.15986179,0.3781504,0.097372115,0.27198812,0.63063973,0.8716662,2.390891,0.63063973,0.097372115,Patch,252.08821,410.50586,356.98196,207.79521,294.69315,207.79521,Patch,1,44.293,42.604935,23.63179
1253,2024-09-20 12:00:00+00:00,0.0014791987,0.24547514,3.3499439,0.7711171,0.99673414,0.26765147,0.26283556,0.16910516,0.39425334,0.096957825,0.27184346,0.6311987,0.8707693,2.3887477,0.6311987,0.096957825,Patch,244.42607,434.8951,339.75522,197.95952,305.41617,197.95952,Patch,1,46.466553,60.990097,31.29393
1254,2024-09-20 13:00:00+00:00,0.001454934,0.24552284,3.3463304,0.77079463,0.99728763,0.27503562,0.26732808,0.16972363,0.4009921,0.09670118,0.27178198,0.6315168,0.8702364,2.387475,0.6315168,0.09670118,Patch,247.93791,468.5399,304.11197,211.82854,312.74316,211.82854,Patch,1,36.109375,64.80525,27.78209
1255,2024-09-20 14:00:00+00:00,0.0015337951,0.24587296,3.3472426,0.77162665,0.9977443,0.26215032,0.26747286,0.16859369,0.4012093,0.09697012,0.27184016,0.6311897,0.8707895,2.388796,0.6311897,0.09697012,Patch,239.52783,491.33325,262.93463,221.71712,314.20004,221.71712,Patch,1,17.810715,74.67221,36.19217
1256,2024-09-20 15:00:00+00:00,0.001725034,0.2464667,3.3479984,0.77327913,0.997996,0.24371864,0.2820078,0.17754816,0.42301172,0.09695988,0.2717884,0.63125175,0.8707268,2.3886466,0.63125175,0.09695988,Patch,234.7299,493.1681,269.4762,221.33272,311.05515,221.33272,Patch,1,13.397186,76.32524,40.990097
1257,2024-09-20 16:00:00+00:00,0.002044463,0.24687156,3.3396094,0.7756413,0.99689287,0.22654665,0.31291506,0.19797298,0.4693725,0.09650609,0.27156743,0.6319264,0.869689,2.3861685,0.6319264,0.09650609,Patch,233.39226,494.42615,266.98068,193.28992,306.46475,193.28992,Patch,1,40.10234,73.072495,42.327744
1258,2024-09-20 17:00:00+00:00,0.0025204686,0.24809879,3.3102152,0.7780072,0.9950399,0.22441559,0.37004277,0.23697144,0.5550641,0.09517198,0.27105367,0.63377434,0.8667356,2.3791316,0.63377434,0.09517198,Patch,253.43091,483.94034,270.48157,236.13725,306.63455,236.13725,Patch,1,17.293655,53.203644,22.289093
1259,2024-09-20 18:00:00+00:00,0.0031026134,0.24843109,3.258836,0.7799335,0.99213606,0.23762698,0.38085526,0.24630468,0.57128286,0.09477496,0.27078015,0.63444495,0.8657491,2.376786,0.63444495,0.09477496,Patch,311.4097,456.44128,323.0188,319.0109,334.01328,319.0109,Patch,1,-7.6011963,22.603577,-35.689697
1260,2024-09-20 19:00:00+00:00,0.0037678417,0.24827954,3.1992009,0.7808741,0.99119097,0.24291398,0.35032934,0.22417176,0.52549404,0.09562227,0.27084547,0.6335322,0.8674114,2.38074,0.6335322,0.09562227,Patch,288.9625,423.79736,335.5582,280.23618,307.89966,280.23618,Patch,1,8.726318,18.937164,-13.242493
1261,2024-09-20 20:00:00+00:00,0.004497933,0.24841876,3.134883,0.7817109,0.99167246,0.24903417,0.32188067,0.20882648,0.482821,0.09648575,0.27087235,0.63264185,0.8690624,2.3846738,0.63264185,0.09648575,Patch,224.58492,390.18912,325.92026,178.9251,274.68967,178.9251,Patch,1,45.65982,50.10475,51.135086
1262,2024-09-20 21:00:00+00:00,0.005225255,0.24788326,3.0816295,0.7833373,0.992886,0.28177628,0.30374575,0.19712278,0.45561862,0.09649958,0.27074793,0.6327525,0.86898285,2.3844843,0.6327525,0.09649958,Patch,170.329,370.3502,243.79085,142.46487,236.81538,142.46487,Patch,1,27.86412,66.48639,105.39101
1263,2024-09-20 22:00:00+00:00,0.0058425427,0.2477788,3.0507896,0.78554535,0.99433726,0.2716029,0.31425732,0.2022839,0.47138596,0.09657745,0.27063566,0.6327869,0.86903393,2.3846061,0.6327869,0.09657745,Patch,162.82173,366.44003,197.48958,165.67867,208.1381,165.67867,Patch,1,-2.8569336,45.316376,112.89827
1264,2024-09-20 23:00:00+00:00,0.006326449,0.24778673,3.0399375,0.78847504,0.9948378,0.25526825,0.3004692,0.1963648,0.45070374,0.097392626,0.2707644,0.631843,0.8706714,2.388514,0.631843,0.097392626,Patch,121.42126,361.63892,123.897125,132.20944,173.8542,123.897125,TCN,0,-2.4758682,52.432945,154.29874
1265,2024-09-21 00:00:00+00:00,0.0066743814,0.24697243,3.0390527,0.79084533,0.9957433,0.2521421,0.28825867,0.18663996,0.432388,0.09783258,0.2708734,0.631294,0.87158525,2.3906977,0.631294,0.09783258,Patch,101.58056,343.0884,131.1848,105.29403,161.16936,105.29403,Patch,1,-3.7134705,59.5888,174.13943
1266,2024-09-21 01:00:00+00:00,0.0068303477,0.24732046,3.0399606,0.79187655,0.9960729,0.21862333,0.261266,0.1664277,0.39189896,0.099408485,0.27127886,0.6293127,0.8748505,2.3985167,0.6293127,0.099408485,Patch,93.54379,296.8976,185.37898,80.43592,156.20047,80.43592,Patch,1,13.107872,62.656677,182.17621
1267,2024-09-21 02:00:00+00:00,0.006788627,0.24770008,3.0386322,0.79176986,0.9961228,0.18813318,0.27734023,0.17725788,0.41601035,0.09963397,0.27127278,0.62909317,0.8752613,2.3995023,0.62909317,0.09963397,Patch,123.72961,257.81238,225.96214,105.724144,160.03757,105.724144,Patch,1,18.005463,36.30796,151.99039
1268,2024-09-21 03:00:00+00:00,0.006552732,0.24885014,3.0326195,0.7908739,0.996136,0.16013336,0.28784987,0.18383574,0.43177482,0.10001057,0.27131486,0.62867457,0.8759898,2.401251,0.62867457,0.10001057,Patch,124.73477,278.51865,210.78972,115.06556,156.87968,115.06556,Patch,1,9.669212,32.144913,150.98523
1269,2024-09-21 04:00:00+00:00,0.006163405,0.24964869,3.0215802,0.78980964,0.99616057,0.1250263,0.26900232,0.17249744,0.40350342,0.10148321,0.27163675,0.62688,0.87895393,2.408379,0.62688,0.10148321,Patch,155.6901,310.98788,208.90572,141.22629,187.75513,141.22629,Patch,1,14.463806,32.065033,120.02991
1270,2024-09-21 05:00:00+00:00,0.0056655584,0.25006977,3.0042374,0.7885023,0.9960925,0.11689875,0.27436638,0.17510895,0.41154957,0.10161792,0.27161393,0.6267682,0.87918,2.4089234,0.6267682,0.10161792,Patch,170.019,317.1361,216.7968,172.05595,193.64758,172.05595,Patch,1,-2.0369568,23.628586,105.701004
1271,2024-09-21 06:00:00+00:00,0.0050995788,0.25014988,2.9861112,0.7867554,0.9960008,0.11777236,0.26595974,0.17090249,0.3989396,0.10196505,0.2716583,0.6263766,0.879848,2.4105334,0.6263766,0.10196505,Patch,198.66258,302.37015,219.38176,214.10728,196.49171,214.10728,Patch,1,-15.444702,-2.170868,77.05742
1272,2024-09-21 07:00:00+00:00,0.004480728,0.2502785,3.0577881,0.78430945,0.99585295,0.123815455,0.24162981,0.15596654,0.36244473,0.10214863,0.27200222,0.6258492,0.88046795,2.4120283,0.6258492,0.10214863,Patch,158.17665,283.12653,176.19466,161.83992,172.27234,161.83992,Patch,1,-3.663269,14.095688,117.54335
1273,2024-09-21 08:00:00+00:00,0.0038487068,0.25026083,3.054384,0.78089726,0.9957586,0.13235474,0.23172072,0.14657226,0.3475811,0.1022705,0.27208912,0.6256404,0.88076115,2.4127355,0.6256404,0.1022705,Patch,126.135895,260.46405,188.2343,111.244316,154.67143,111.244316,Patch,1,14.891579,28.535538,149.5841
1274,2024-09-21 09:00:00+00:00,0.0032385208,0.25013766,3.0148983,0.7757344,0.99575466,0.14498581,0.1910801,0.12226453,0.28662014,0.10351607,0.27237692,0.624107,0.88324714,2.4187407,0.624107,0.10351607,Patch,106.19354,248.164,158.67513,98.97216,145.11105,98.97216,Patch,1,7.221382,38.91751,169.52646
1275,2024-09-21 10:00:00+00:00,0.0026890873,0.25022143,2.9695914,0.76882875,0.9958497,0.16431735,0.19165623,0.121809565,0.28748435,0.10327129,0.27223578,0.62449294,0.88268983,2.4173934,0.62449294,0.10327129,Patch,142.61687,267.40115,182.5367,128.68973,173.4052,128.68973,Patch,1,13.927139,30.78833,133.10313
1276,2024-09-21 11:00:00+00:00,0.0021959138,0.24956496,2.9302282,0.7622876,0.99639964,0.17992069,0.2168359,0.13886175,0.32525384,0.102235876,0.2718531,0.62591106,0.8805017,2.4121094,0.62591106,0.102235876,Patch,165.72176,291.5163,242.34319,136.17015,197.37328,136.17015,Patch,1,29.551605,31.65152,109.998245
1277,2024-09-21 12:00:00+00:00,0.0018333083,0.24969937,2.908219,0.75819904,0.9969573,0.19455023,0.22724125,0.14555687,0.3408619,0.10164894,0.2716609,0.62669015,0.8792758,2.4091544,0.62669015,0.10164894,Patch,155.6255,321.11856,214.71492,121.84665,205.02998,121.84665,Patch,1,33.778854,49.40448,120.0945
1278,2024-09-21 13:00:00+00:00,0.0016084164,0.24970105,2.8991244,0.7560129,0.9974548,0.20583098,0.25031763,0.15785621,0.37547645,0.10067117,0.27139524,0.6279336,0.87726915,2.404325,0.6279336,0.10067117,Patch,160.2541,349.80264,223.1731,136.68835,218.94055,136.68835,Patch,1,23.56575,58.686447,115.4659
1279,2024-09-21 14:00:00+00:00,0.0015287936,0.24986304,2.8991916,0.7552587,0.99778014,0.21018231,0.289321,0.18521452,0.43398148,0.099339694,0.27101156,0.62964875,0.8744985,2.3976727,0.62964875,0.099339694,Patch,172.94519,376.79025,210.74852,171.92845,228.47072,171.92845,Patch,1,1.0167389,55.525528,102.77481
1280,2024-09-21 15:00:00+00:00,0.0015833903,0.24977908,2.9057043,0.7557491,0.99779063,0.20844458,0.2895381,0.18396893,0.4343071,0.09934146,0.2710358,0.6296228,0.8745221,2.3977292,0.6296228,0.09934146,Patch,192.51756,391.17752,211.39612,190.35234,245.34442,190.35234,Patch,1,2.1652222,52.82686,83.20244
1281,2024-09-21 16:00:00+00:00,0.0017813533,0.24981785,2.919368,0.75770533,0.9979065,0.21421702,0.32320938,0.20610946,0.48481402,0.098221384,0.27077898,0.63099957,0.87222946,2.3922381,0.63099957,0.098221384,Patch,246.74086,403.50977,265.13144,235.51067,273.6896,235.51067,Patch,1,11.230194,26.948746,28.979141
1282,2024-09-21 17:00:00+00:00,0.002106323,0.2494054,2.9392128,0.76165766,0.99791944,0.24867916,0.33083892,0.21051106,0.49625838,0.097168654,0.2705994,0.6322319,0.8701124,2.3871791,0.6322319,0.097168654,Patch,260.47256,416.0786,282.02466,269.0639,293.3059,269.0639,Patch,1,-8.591339,32.833344,15.247437
1283,2024-09-21 18:00:00+00:00,0.0025515854,0.24914575,2.9659383,0.76710916,0.9981358,0.2901239,0.34222168,0.21664661,0.5133325,0.09589218,0.27039045,0.6337174,0.8675342,2.3810327,0.6337174,0.09589218,Patch,303.45554,407.18204,294.46124,329.2351,309.99808,294.46124,TCN,0,8.994293,6.5425415,-27.735535
1284,2024-09-21 19:00:00+00:00,0.0030969777,0.2489944,2.993068,0.77306294,0.9972117,0.28845534,0.32380837,0.20823023,0.48571253,0.09618257,0.27046245,0.63335496,0.8681434,2.3824832,0.63335496,0.09618257,Patch,279.18076,380.2963,298.40402,281.38208,291.8431,281.38208,Patch,1,-2.2013245,12.6623535,-3.4607544
1285,2024-09-21 20:00:00+00:00,0.0037062806,0.24895017,3.0291014,0.77919275,0.9949996,0.289795,0.3249705,0.2097646,0.4874558,0.0959835,0.27048287,0.63353366,0.8677853,2.3816304,0.63353366,0.0959835,Patch,233.12498,338.04776,288.33426,216.83614,258.13596,216.83614,Patch,1,16.288849,25.010971,42.595016
1286,2024-09-21 21:00:00+00:00,0.004336355,0.24839835,3.0737605,0.78485125,0.9921741,0.29278088,0.32692766,0.21093246,0.49039143,0.095684454,0.27051166,0.6338039,0.86724496,2.380344,0.6338039,0.095684454,Patch,179.66911,302.41217,266.77884,157.54898,222.17528,157.54898,Patch,1,22.120132,42.506165,96.05089
1287,2024-09-21 22:00:00+00:00,0.004869593,0.24765342,3.1213741,0.789121,0.9906569,0.24765532,0.3350291,0.21422152,0.5025436,0.09624633,0.270723,0.6330307,0.8684851,2.3832974,0.6330307,0.09624633,Patch,154.95619,292.11316,249.23589,148.43529,197.12988,148.43529,Patch,1,6.5209045,42.17369,120.76381
1288,2024-09-21 23:00:00+00:00,0.005273696,0.24710168,3.165491,0.7919524,0.9909387,0.20133205,0.3383782,0.21372008,0.5075673,0.09698763,0.27098763,0.6320247,0.8701023,2.387155,0.6320247,0.09698763,Patch,137.81273,314.11926,208.21541,156.6313,170.80658,156.6313,Patch,1,-18.818573,32.99385,137.90727
1289,2024-09-22 00:00:00+00:00,0.005552263,0.24553712,3.198156,0.7932683,0.99201363,0.1972493,0.3182978,0.20288348,0.47744668,0.097484924,0.27120483,0.6313102,0.87121665,2.3898168,0.6313102,0.097484924,Patch,156.1092,318.99738,218.42165,173.13008,185.75002,173.13008,Patch,1,-17.020874,29.640808,119.610794
1290,2024-09-22 01:00:00+00:00,0.005648739,0.24463736,3.210367,0.79374605,0.99250245,0.18391071,0.27115425,0.17475212,0.40673134,0.09905046,0.2716668,0.6292828,0.8745153,2.3977127,0.6292828,0.09905046,Patch,152.4245,299.14365,193.86955,162.46283,187.69531,162.46283,Patch,1,-10.03833,35.270813,123.2955
1291,2024-09-22 02:00:00+00:00,0.0055607124,0.24382253,3.2089498,0.7933266,0.9927459,0.19502145,0.29407692,0.18933383,0.44111535,0.09814743,0.27141532,0.63043725,0.87262917,2.3931947,0.63043725,0.09814743,Patch,219.34193,257.6279,312.10315,193.63922,231.61098,193.63922,Patch,1,25.702713,12.269043,56.378067
1292,2024-09-22 03:00:00+00:00,0.0052806307,0.24437924,3.2016778,0.79221684,0.9927738,0.18906234,0.33570623,0.21435557,0.5035593,0.09716121,0.27110922,0.63172954,0.8705305,2.3881774,0.63172954,0.09716121,Patch,218.03505,245.13731,387.43982,169.81993,226.78691,169.81993,Patch,1,48.21512,8.751862,57.68495
1293,2024-09-22 04:00:00+00:00,0.004840717,0.24527538,3.1937923,0.7909139,0.9928269,0.17159021,0.32351634,0.20927224,0.4852745,0.097907506,0.27126598,0.6308265,0.8720566,2.3918247,0.6308265,0.097907506,Patch,215.58763,253.69794,355.5863,194.03961,196.34923,194.03961,Patch,1,21.54802,-19.238403,60.13237
1294,2024-09-22 05:00:00+00:00,0.0042901705,0.24563749,3.1828864,0.7897288,0.99284834,0.149909,0.33431873,0.21503882,0.5014781,0.098134175,0.27127388,0.6305919,0.8724853,2.3928504,0.6305919,0.098134175,Patch,189.58928,268.1417,308.33096,194.12804,164.2973,194.12804,Patch,1,-4.5387573,-25.291977,86.13072
1295,2024-09-22 06:00:00+00:00,0.003660095,0.24576187,3.1690688,0.78857166,0.99292153,0.13449572,0.31923977,0.20374465,0.47885966,0.098959506,0.27145684,0.62958366,0.87417066,2.3968866,0.62958366,0.098959506,Patch,202.12383,268.45203,312.92648,216.3448,172.96684,216.3448,Patch,1,-14.220978,-29.156982,73.596176
1296,2024-09-22 07:00:00+00:00,0.0029696717,0.24591218,3.2464933,0.78806764,0.9929696,0.11271431,0.29747432,0.1884455,0.44621146,0.0995432,0.27181247,0.62864435,0.8755472,2.4001884,0.62864435,0.0995432,Patch,193.0,256.3771,316.20935,197.13765,173.15218,197.13765,Patch,1,-4.1376495,-19.847824,82.72
1297,2024-09-22 08:00:00+00:00,0.0022498914,0.2459577,3.2785385,0.7884139,0.9930096,0.09862718,0.29708466,0.18828431,0.44562694,0.09941142,0.27176958,0.62881905,0.8752682,2.3995187,0.62881905,0.09941142,Patch,195.122,238.47021,304.14212,212.23274,181.9283,212.23274,Patch,1,-17.110748,-13.193695,80.59801
1298,2024-09-22 09:00:00+00:00,0.001533801,0.2458618,3.2377074,0.7910601,0.9931783,0.08585643,0.26787814,0.17271756,0.4018172,0.100884445,0.2720489,0.6270667,0.87820625,2.4065793,0.6270667,0.100884445,Patch,198.72581,230.55424,218.7749,227.7174,182.49043,218.7749,TCN,0,-20.049088,-16.235382,76.99419
1299,2024-09-22 10:00:00+00:00,0.0008607992,0.24587968,3.187643,0.7965527,0.9933075,0.099457465,0.24284264,0.15744649,0.36426398,0.10203094,0.272307,0.625662,0.88050836,2.4121256,0.625662,0.10203094,Patch,215.14522,254.42354,213.90944,230.88258,215.80244,213.90944,TCN,0,1.2357788,0.65722656,60.574783
1300,2024-09-22 11:00:00+00:00,0.00023541314,0.2449837,3.1459236,0.8028757,0.9934488,0.14212337,0.24623495,0.15794274,0.36935243,0.10122318,0.2719844,0.6267924,0.8787706,2.4079375,0.6267924,0.10122318,Patch,253.37102,286.97818,271.9773,257.45255,255.3742,257.45255,Patch,1,-4.0815277,2.003189,22.348984
1301,2024-09-22 12:00:00+00:00,-0.0002549609,0.24493337,3.120876,0.806547,0.99363214,0.13277462,0.23921517,0.15046,0.35882276,0.10183769,0.27205402,0.6261083,0.87994695,2.4107716,0.6261083,0.10183769,Patch,255.6416,312.35886,274.68704,261.22256,264.13638,261.22256,Patch,1,-5.580963,8.4947815,20.0784
1302,2024-09-22 13:00:00+00:00,-0.0006126303,0.24479143,3.1081684,0.8083414,0.9940146,0.12780695,0.24649534,0.15902731,0.369743,0.10181311,0.27195826,0.6262286,0.8798225,2.4104717,0.6262286,0.10181311,Patch,241.07343,333.87866,254.96516,253.5293,252.6591,253.5293,Patch,1,-12.455872,11.585678,34.646576
1303,2024-09-22 14:00:00+00:00,-0.00084661343,0.24428435,3.104536,0.8087412,0.9945876,0.14818923,0.2778691,0.17880833,0.4168036,0.100408845,0.27157438,0.62801677,0.8769387,2.4035304,0.62801677,0.100408845,Patch,226.77437,362.76904,256.03833,240.05751,249.7055,240.05751,Patch,1,-13.283142,22.931137,48.945633
1304,2024-09-22 15:00:00+00:00,-0.0009537914,0.24378358,3.1120112,0.8084342,0.99530184,0.17304593,0.30951005,0.1982215,0.46426508,0.09888358,0.2712129,0.62990355,0.8738247,2.3960576,0.62990355,0.09888358,Patch,198.63188,386.89786,217.26018,224.3188,228.101,217.26018,TCN,0,-18.628296,29.469116,77.08812
1305,2024-09-22 16:00:00+00:00,-0.00092011475,0.24385078,3.1360657,0.8085828,0.99662274,0.1967563,0.33789203,0.21825413,0.506838,0.097472906,0.27092355,0.63160354,0.8709563,2.3891945,0.63160354,0.097472906,Patch,180.47615,389.79614,238.48216,194.057,218.14513,194.057,Patch,1,-13.580856,37.668976,95.24385
1306,2024-09-22 17:00:00+00:00,-0.00076935656,0.24321578,3.18461,0.80952007,0.9975473,0.18915404,0.3207234,0.20475398,0.48108512,0.09790724,0.27119753,0.6308952,0.87199837,2.3916855,0.6308952,0.09790724,Patch,202.56416,385.06094,247.03377,224.0395,237.52837,224.0395,Patch,1,-21.475342,34.964203,73.15584
1307,2024-09-22 18:00:00+00:00,-0.00049296074,0.24281703,3.257782,0.8117975,0.99813527,0.1858096,0.31133825,0.197106,0.46700734,0.09795122,0.27143604,0.6306127,0.87228143,2.3923626,0.6306127,0.09795122,Patch,189.05894,386.5664,255.0457,202.64198,234.14388,202.64198,Patch,1,-13.583038,45.08493,86.66106
1308,2024-09-22 19:00:00+00:00,-0.00010301843,0.242642,3.3464708,0.81564486,0.9982069,0.18573047,0.2955891,0.18841588,0.44338363,0.09806287,0.27172497,0.6302122,0.87273264,2.3934424,0.6302122,0.09806287,Patch,201.7361,385.33096,260.81613,191.83533,236.12358,191.83533,Patch,1,9.900772,34.38748,73.9839
1309,2024-09-22 20:00:00+00:00,0.00039440632,0.2431239,3.4095423,0.8204765,0.99806714,0.18189377,0.30917907,0.19924778,0.46376857,0.09755018,0.2717159,0.6307339,0.87176955,2.3911383,0.6307339,0.09755018,Patch,219.31026,354.8116,234.38019,252.35545,205.83588,234.38019,TCN,0,-15.069931,-13.4743805,56.409744
1310,2024-09-22 21:00:00+00:00,0.00093375106,0.24269855,3.2168732,0.8253297,0.9979031,0.19222546,0.31011507,0.200012,0.46517262,0.09808714,0.271244,0.6306688,0.87237257,2.3925807,0.6306688,0.09808714,Patch,242.06075,328.27017,261.43152,285.2925,207.70586,261.43152,TCN,0,-19.370773,-34.35489,33.659256
1311,2024-09-22 22:00:00+00:00,0.0013940184,0.24197361,2.9959395,0.8286426,0.99788815,0.19866745,0.32188824,0.20309989,0.48283237,0.098700926,0.2706903,0.6306088,0.8730451,2.3941903,0.6306088,0.098700926,Patch,230.96483,348.44373,293.6996,250.23645,219.58179,250.23645,Patch,1,-19.271622,-11.383041,44.755173
1312,2024-09-22 23:00:00+00:00,0.001769722,0.24159291,3.0325124,0.8294295,0.9973654,0.20041268,0.33223885,0.21113442,0.49835825,0.098142765,0.27064168,0.6312155,0.8719669,2.3916104,0.6312155,0.098142765,Patch,220.0285,364.25122,297.76364,231.39568,215.41753,231.39568,Patch,1,-11.367172,-4.610977,55.691498
1313,2024-09-23 00:00:00+00:00,0.0020628425,0.23875315,3.0524046,0.8296064,0.99692214,0.21308081,0.3326201,0.2160018,0.4989302,0.09770018,0.2705692,0.6317306,0.87108064,2.3894918,0.6317306,0.09770018,Patch,203.80988,370.23148,278.2241,204.40887,196.59315,204.40887,Patch,1,-0.598999,-7.2167206,71.910126
1314,2024-09-23 01:00:00+00:00,0.0021499903,0.23771155,3.0593796,0.82945234,0.9958074,0.22488274,0.32771218,0.2104739,0.49156827,0.09751402,0.27057093,0.63191503,0.87073433,2.3886642,0.63191503,0.09751402,Patch,199.85118,367.86743,268.24094,208.222,213.04572,208.222,Patch,1,-8.370819,13.194534,75.86882
1315,2024-09-23 02:00:00+00:00,0.002031366,0.2375267,3.0605352,0.82931083,0.99494606,0.25272375,0.3122809,0.19809735,0.46842134,0.09731391,0.27058393,0.63210213,0.8703712,2.387797,0.63210213,0.09731391,Patch,187.62184,357.6602,172.72502,229.15727,199.74567,172.72502,TCN,0,14.89682,12.123825,88.09816
1316,2024-09-23 03:00:00+00:00,0.0017410184,0.23765275,3.0610082,0.82929015,0.99318516,0.2580879,0.36239967,0.23436213,0.5435995,0.09582613,0.27016222,0.6340116,0.8672149,2.3802724,0.6340116,0.09582613,Patch,173.06645,349.78223,159.36896,223.63857,152.31976,159.36896,TCN,0,13.6974945,-20.746689,102.65355
1317,2024-09-23 04:00:00+00:00,0.0013204463,0.23809852,3.0661414,0.8298091,0.99161816,0.23802704,0.39830565,0.25534546,0.5974585,0.09550336,0.27012426,0.6343724,0.866572,2.3787425,0.6343724,0.09550336,Patch,162.27425,358.79114,225.906,187.572,142.59492,187.572,Patch,1,-25.29776,-19.679321,113.445755
1318,2024-09-23 05:00:00+00:00,0.00080265885,0.23846012,3.0748723,0.8309,0.9910567,0.22079988,0.3902809,0.25094712,0.5854213,0.09592314,0.27020082,0.633876,0.86743116,2.3807871,0.633876,0.09592314,Patch,166.5149,395.25806,232.42332,174.74646,168.90547,174.74646,Patch,1,-8.231567,2.3905792,109.20511
1319,2024-09-23 06:00:00+00:00,0.00023579613,0.23847699,3.0917525,0.8330783,0.9902199,0.21469633,0.4129681,0.26410425,0.6194521,0.09535685,0.27007702,0.6345662,0.8662541,2.3779867,0.6345662,0.09535685,Patch,152.81017,421.76663,239.66481,151.2539,167.85951,151.2539,Patch,1,1.5562592,15.049347,122.909836
1320,2024-09-23 07:00:00+00:00,-0.00035205396,0.23845424,3.1171782,0.8360699,0.9898262,0.2125414,0.4842835,0.30444175,0.7264252,0.09365995,0.26972616,0.6366138,0.86271954,2.3695962,0.6366138,0.09365995,Patch,149.60638,407.92007,299.5799,133.828,155.60608,133.828,Patch,1,15.778381,5.999695,126.11362
1321,2024-09-23 08:00:00+00:00,-0.00091552746,0.2379194,3.1510012,0.8396243,0.99000823,0.21317835,0.5280628,0.33467218,0.7920941,0.092528045,0.26949364,0.63797826,0.86034214,2.3639693,0.63797826,0.092528045,Patch,149.70793,390.24796,346.82742,150.57019,156.48901,150.57019,Patch,1,-0.8622589,6.781082,126.01207
1322,2024-09-23 09:00:00+00:00,-0.0013692094,0.23655005,3.1952643,0.84353167,0.9895816,0.20993395,0.5607895,0.3600704,0.84118426,0.09161301,0.2692996,0.6390874,0.8584026,2.3593888,0.6390874,0.09161301,Patch,136.05463,382.65414,393.9071,165.78539,139.07866,165.78539,Patch,1,-29.730759,3.0240326,139.66537
1323,2024-09-23 10:00:00+00:00,-0.0016184843,0.23828861,3.239703,0.845971,0.9879612,0.21330284,0.58140695,0.37312493,0.87211037,0.09077293,0.2691406,0.6400864,0.85662866,2.3552072,0.6400864,0.09077293,Patch,127.59849,343.67252,492.6154,111.14262,138.11377,111.14262,Patch,1,16.455872,10.515282,148.12152
1324,2024-09-23 11:00:00+00:00,-0.0017532664,0.2388917,3.2755878,0.84607255,0.983868,0.2689501,0.65724313,0.41668066,0.9858646,0.08821551,0.26865968,0.6431249,0.8511727,2.3423922,0.6431249,0.08821551,Patch,182.39525,325.8516,631.43646,104.6131,208.81915,104.6131,Patch,1,77.78215,26.423904,93.32475
1325,2024-09-23 12:00:00+00:00,-0.0018215367,0.23880789,3.2891922,0.84502393,0.97914106,0.29905665,0.62941206,0.4001776,0.944118,0.087999515,0.26864234,0.6433581,0.8507283,2.3413513,0.6433581,0.087999515,Patch,188.34435,338.27295,618.59296,90.83136,217.52057,90.83136,Patch,1,97.512985,29.176224,87.375656
1326,2024-09-23 13:00:00+00:00,-0.0018245137,0.23862657,3.2866743,0.84334505,0.974908,0.32425454,0.49923143,0.32543206,0.7488472,0.08995735,0.26913485,0.64090776,0.8550265,2.3514366,0.64090776,0.08995735,Patch,131.69048,351.74313,428.96606,90.2714,176.44484,90.2714,Patch,1,41.419075,44.754364,144.02953
1327,2024-09-23 14:00:00+00:00,-0.0017563726,0.23869084,3.275287,0.841085,0.9717679,0.36194685,0.40021855,0.26584312,0.60032785,0.09192492,0.26982015,0.63825494,0.8594568,2.3618772,0.63825494,0.09192492,Patch,106.4281,380.31616,269.04294,111.0386,168.6908,111.0386,Patch,1,-4.6104965,62.262695,169.2919
1328,2024-09-23 15:00:00+00:00,-0.0016431639,0.23851922,3.2647104,0.8388234,0.96981734,0.40178737,0.37026924,0.23862734,0.5554038,0.09197832,0.2699563,0.6380654,0.8596774,2.3623984,0.6380654,0.09197832,Patch,94.243774,381.40625,188.79848,146.22182,165.14677,146.22182,Patch,1,-51.978043,70.903,181.47623
1329,2024-09-23 16:00:00+00:00,-0.0014489372,0.23854472,3.257012,0.83613896,0.96566176,0.4262608,0.38353842,0.24490306,0.5753076,0.09116499,0.2697724,0.63906264,0.85793936,2.358296,0.63906264,0.09116499,Patch,167.29008,361.4667,212.30573,218.00514,187.44829,212.30573,TCN,0,-45.01564,20.158203,108.42992
1330,2024-09-23 17:00:00+00:00,-0.0011936424,0.23826939,3.2606733,0.8336653,0.9646916,0.4672657,0.37312827,0.2345386,0.5596924,0.09060031,0.26972637,0.6396733,0.8567981,2.3556063,0.6396733,0.09060031,Patch,157.79301,353.2338,189.30763,204.22658,193.0771,189.30763,TCN,0,-31.514618,35.28409,117.92699
1331,2024-09-23 18:00:00+00:00,-0.0008934954,0.23803674,3.2836168,0.83211434,0.96672165,0.49925685,0.35587877,0.22490475,0.5338182,0.090352766,0.2697655,0.6398818,0.8563476,2.3545454,0.6398818,0.090352766,Patch,144.95195,350.79932,177.86768,195.7163,193.7762,177.86768,TCN,0,-32.915726,48.82425,130.76805
1332,2024-09-23 19:00:00+00:00,-0.00053132727,0.23804688,3.3149774,0.83095104,0.9700252,0.5142515,0.33810467,0.2175816,0.5071569,0.09041052,0.2698409,0.6397485,0.8565259,2.354965,0.6397485,0.09041052,Patch,173.12427,354.98486,181.05914,202.2434,213.73164,181.05914,TCN,0,-7.9348755,40.607376,102.59573
1333,2024-09-23 20:00:00+00:00,-0.000110014065,0.23823278,3.3087463,0.8305981,0.9732356,0.47357532,0.31630367,0.20514211,0.47445548,0.09175182,0.27017337,0.6380748,0.85942507,2.3618023,0.6380748,0.09175182,Patch,183.29155,365.91162,161.99373,203.05945,222.29895,161.99373,TCN,0,21.297821,39.0074,92.42845
1334,2024-09-23 21:00:00+00:00,0.00033516428,0.23804818,3.1734126,0.8308772,0.9784438,0.41718125,0.30523843,0.19905737,0.4578576,0.09351402,0.2701667,0.6363193,0.86281765,2.3698287,0.6363193,0.09351402,Patch,203.73341,381.26025,177.02495,223.9561,241.55579,177.02495,TCN,0,26.708466,37.822372,71.98659
1335,2024-09-23 22:00:00+00:00,0.0007249616,0.23809382,3.174073,0.8304078,0.9849478,0.41503158,0.30962408,0.20296946,0.46443614,0.0934929,0.27014825,0.6363588,0.8627613,2.3696952,0.6363588,0.0934929,Patch,251.59813,406.10385,189.7285,288.55875,276.568,189.7285,TCN,0,61.86963,24.969864,24.121872
1336,2024-09-23 23:00:00+00:00,0.0010839219,0.23782095,3.1593697,0.8294135,0.98787045,0.39213085,0.35332832,0.22853659,0.5299925,0.09289642,0.269895,0.63720864,0.86139774,2.3664663,0.63720864,0.09289642,Patch,294.88797,432.19693,177.07103,344.7377,304.36978,177.07103,TCN,0,117.81694,9.481812,-19.167969
1337,2024-09-24 00:00:00+00:00,0.0013615498,0.23647326,3.144557,0.82859904,0.9908422,0.34114918,0.41255015,0.26575387,0.6188252,0.09255177,0.2696817,0.63776654,0.86054987,2.3644605,0.63776654,0.09255177,Patch,323.80463,437.5563,165.04492,401.09042,313.84402,165.04492,TCN,0,158.7597,-9.960602,-48.084625
1338,2024-09-24 01:00:00+00:00,0.0014564848,0.2358523,3.138592,0.828306,0.99174297,0.33573258,0.39985418,0.25475982,0.5997813,0.092958435,0.26977158,0.63727,0.8614111,2.3664978,0.63727,0.092958435,Patch,289.00354,393.0017,175.57611,358.05594,287.24387,175.57611,TCN,0,113.42743,-1.7596741,-13.283539
1339,2024-09-24 02:00:00+00:00,0.0013270772,0.2367884,3.1387317,0.8287476,0.99155766,0.32984912,0.32220712,0.20328367,0.48331064,0.09503877,0.27035096,0.63461024,0.8658846,2.3771079,0.63461024,0.09503877,Patch,235.39307,334.74057,259.85214,318.7693,263.33987,259.85214,TCN,0,-24.459076,27.946808,40.326935
1340,2024-09-24 03:00:00+00:00,0.0010197168,0.23720804,3.1423795,0.8300573,0.99101204,0.2886674,0.32731876,0.21173179,0.4909781,0.095763594,0.2704621,0.63377434,0.86735225,2.3805995,0.63377434,0.095763594,Patch,224.14787,305.206,351.10913,301.32,247.2072,301.32,Patch,1,-77.172134,23.059326,51.57213
1341,2024-09-24 04:00:00+00:00,0.0005790475,0.23770483,3.1549857,0.831663,0.990415,0.2487003,0.2933421,0.19126636,0.44001317,0.09751638,0.27092522,0.6315584,0.87103903,2.3893924,0.6315584,0.09751638,Patch,226.82838,262.8486,366.0436,273.15698,253.3863,262.8486,GRU,0,-36.020218,26.557922,48.891617
1342,2024-09-24 05:00:00+00:00,2.786058e-05,0.23851031,3.1699724,0.8325136,0.9887383,0.2322575,0.24789934,0.16050825,0.371849,0.09913815,0.2714394,0.6294224,0.8744863,2.3976433,0.6294224,0.09913815,Patch,209.12862,206.21846,291.4663,256.21338,215.44153,206.21846,GRU,0,2.9101562,6.312912,66.591385
1343,2024-09-24 06:00:00+00:00,-0.0005555153,0.23849842,3.201918,0.83344054,0.9878008,0.19971253,0.22863649,0.14716116,0.34295473,0.10030016,0.2718346,0.6278653,0.8769574,2.4035754,0.6278653,0.10030016,Patch,226.22131,172.98059,301.95386,246.79985,223.05705,172.98059,GRU,0,53.240723,-3.1642609,49.498688
1344,2024-09-24 07:00:00+00:00,-0.0011633914,0.23851062,3.2479174,0.83385986,0.9871569,0.1838031,0.21865344,0.13915086,0.32798016,0.10074972,0.27210686,0.62714344,0.87800837,2.406103,0.62714344,0.10074972,Patch,222.86115,139.23549,274.12665,249.43062,206.495,139.23549,GRU,0,83.625656,-16.36615,52.858856
1345,2024-09-24 08:00:00+00:00,-0.0017498428,0.23785783,3.27362,0.8344726,0.98723644,0.17517865,0.2476385,0.15685576,0.37145776,0.09995846,0.27193356,0.628108,0.8764129,2.402267,0.628108,0.09995846,Patch,191.20349,129.3843,277.43057,251.06047,177.25403,129.3843,GRU,0,61.8192,-13.949463,84.51651
1346,2024-09-24 09:00:00+00:00,-0.0022388066,0.23547284,3.2245803,0.8347529,0.98753387,0.1697588,0.25385925,0.16051999,0.38078886,0.10010071,0.27179158,0.62810767,0.87655544,2.4026096,0.62810767,0.10010071,Patch,161.96321,129.26591,166.65666,250.15375,116.726845,129.26591,GRU,0,32.697296,-45.236366,113.75679
1347,2024-09-24 10:00:00+00:00,-0.0025104838,0.23721096,3.1604595,0.8347968,0.98800176,0.19097322,0.25972715,0.16886908,0.38959068,0.09978528,0.27150202,0.6287127,0.8757326,2.400633,0.6287127,0.09978528,Patch,161.26378,128.08246,189.34819,220.5779,136.69768,128.08246,GRU,0,33.18132,-24.566101,114.45622
1348,2024-09-24 11:00:00+00:00,-0.002671552,0.23786068,3.0091364,0.83501387,0.99021244,0.24832933,0.2639537,0.17012855,0.39593053,0.09916107,0.2709169,0.62992203,0.8740886,2.39669,0.62992203,0.09916107,Patch,204.0504,135.44324,212.92656,244.22188,178.33934,135.44324,GRU,0,68.60716,-25.71106,71.6696
1349,2024-09-24 12:00:00+00:00,-0.002765703,0.23791218,3.0698442,0.8354639,0.99262726,0.2620722,0.24558918,0.15504825,0.36838377,0.09912902,0.27116963,0.6297013,0.8742424,2.3970587,0.6297013,0.09912902,Patch,216.52191,147.16887,199.49709,253.58177,186.13463,147.16887,GRU,0,69.35304,-30.387283,59.19809
1350,2024-09-24 13:00:00+00:00,-0.0027849856,0.23789144,3.1029968,0.8359678,0.99435323,0.24047464,0.26002362,0.16363636,0.3900354,0.099039875,0.2712088,0.6297513,0.8741105,2.3967426,0.6297513,0.099039875,Patch,209.64203,152.41039,169.27342,261.92007,181.96222,152.41039,GRU,0,57.231644,-27.67981,66.07797
1351,2024-09-24 14:00:00+00:00,-0.002730687,0.23795371,3.1163528,0.83621293,0.99557924,0.22578771,0.26856196,0.17003433,0.40284297,0.0990634,0.271222,0.6297146,0.8741652,2.3968735,0.6297146,0.0990634,Patch,193.32715,164.94598,165.13985,251.79301,174.69847,164.94598,GRU,0,28.381165,-18.628677,82.39285
1352,2024-09-24 15:00:00+00:00,-0.0026237767,0.23782839,3.1140099,0.8362536,0.9966395,0.19200647,0.3099969,0.197844,0.46499532,0.09863607,0.2710119,0.6303521,0.8731965,2.3945527,0.6303521,0.09863607,Patch,175.72498,181.75812,138.94035,265.6359,150.57,138.94035,TCN,0,36.784622,-25.154968,99.995026
1353,2024-09-24 16:00:00+00:00,-0.0024598027,0.23729299,3.102174,0.8362935,0.9983484,0.20021923,0.36225456,0.23277098,0.5433818,0.09708761,0.27054444,0.63236797,0.86991394,2.3867054,0.63236797,0.09708761,Patch,162.7971,198.04645,140.94281,276.78702,126.36371,140.94281,TCN,0,21.854294,-36.433395,112.9229
1354,2024-09-24 17:00:00+00:00,-0.0022251834,0.23720607,3.0893648,0.8360934,0.9973964,0.16998617,0.37814873,0.24185279,0.567223,0.09737526,0.27054355,0.63208115,0.87045175,2.3879893,0.63208115,0.09737526,Patch,163.63239,225.22261,133.77899,277.94815,121.91305,133.77899,TCN,0,29.853394,-41.719337,112.087616
1355,2024-09-24 18:00:00+00:00,-0.001994921,0.2372623,3.092408,0.83585,0.9908299,0.12578559,0.3943457,0.25370717,0.5915185,0.097687095,0.27053514,0.6317778,0.87102723,2.389364,0.6317778,0.097687095,Patch,95.57306,222.57343,215.18536,218.27986,102.91614,215.18536,TCN,0,-119.612305,7.3430786,180.14694
1356,2024-09-24 19:00:00+00:00,-0.0017627149,0.23730478,3.112952,0.83553183,0.9780635,0.14128374,0.37003183,0.2346713,0.55504775,0.0978108,0.27068964,0.6314995,0.87138903,2.3902287,0.6314995,0.0978108,Patch,69.5651,240.25665,223.89958,164.83733,108.52639,164.83733,Patch,1,-95.272224,38.96129,206.1549
1357,2024-09-24 20:00:00+00:00,-0.0014894243,0.23742227,3.1520822,0.83558947,0.96848375,0.17171049,0.3249515,0.20642143,0.4874273,0.09818428,0.27099335,0.63082236,0.87234163,2.3925066,0.63082236,0.09818428,Patch,89.421326,232.43053,215.08875,154.65234,110.15914,154.65234,Patch,1,-65.23102,20.737816,186.29868
1358,2024-09-24 21:00:00+00:00,-0.0012271922,0.23739164,3.204661,0.83533496,0.9605647,0.21671946,0.28175712,0.17896065,0.42263564,0.098108776,0.27124327,0.63064796,0.8724122,2.3926756,0.63064796,0.098108776,Patch,123.10315,223.81848,232.63318,158.10466,136.62315,158.10466,Patch,1,-35.00151,13.520004,152.61685
1359,2024-09-24 22:00:00+00:00,-0.0009803777,0.23737799,3.2429972,0.83512664,0.95757025,0.23351943,0.2710492,0.17139065,0.40657377,0.09786648,0.27134365,0.6307899,0.8720457,2.3917987,0.6307899,0.09786648,Patch,123.90485,222.98512,229.14948,157.41878,140.14075,157.41878,Patch,1,-33.51393,16.2359,151.81516
1360,2024-09-24 23:00:00+00:00,-0.000709387,0.23723769,3.270888,0.8350652,0.9592737,0.26737484,0.27813765,0.17479108,0.41720647,0.0968586,0.27120623,0.6319352,0.8700454,2.3870192,0.6319352,0.0968586,Patch,124.620514,219.75201,176.7644,171.1363,113.56399,171.1363,Patch,1,-46.515793,-11.056526,151.09949
1361,2024-09-25 00:00:00+00:00,-0.0004957494,0.23650141,3.290097,0.8346629,0.96225387,0.30443072,0.29738364,0.18894738,0.4460754,0.09551711,0.2709256,0.6335573,0.8672805,2.3804286,0.6335573,0.09551711,Patch,84.779686,234.98248,171.5113,142.05878,112.56824,142.05878,Patch,1,-57.27909,27.788551,190.9403
1362,2024-09-25 01:00:00+00:00,-0.00041351645,0.23454157,3.2941084,0.834267,0.96291673,0.29906383,0.32714778,0.20606598,0.4907217,0.09481033,0.27071822,0.6344715,0.86576366,2.3768206,0.6344715,0.09481033,Patch,113.37844,236.01459,223.99695,159.28976,120.16544,159.28976,Patch,1,-45.911324,6.7870026,162.34155
1363,2024-09-25 02:00:00+00:00,-0.00053301005,0.23490755,3.289825,0.8342485,0.9616461,0.25565508,0.3040353,0.19112518,0.45605296,0.09631083,0.27107185,0.6326173,0.86890244,2.3842926,0.6326173,0.09631083,Patch,135.69228,226.91664,222.28987,182.55981,132.29942,182.55981,Patch,1,-46.86754,-3.3928528,140.02773
1364,2024-09-25 03:00:00+00:00,-0.0008002762,0.2350011,3.2797542,0.83423764,0.9582979,0.2524828,0.26696908,0.1694151,0.40045363,0.097408995,0.27136326,0.6312278,0.87120855,2.3897972,0.6312278,0.097408995,Patch,130.52632,208.53815,189.67915,181.73457,126.04077,181.73457,Patch,1,-51.208252,-4.48555,145.19368
1365,2024-09-25 04:00:00+00:00,-0.0012037114,0.23500915,3.2641764,0.8341075,0.9540207,0.25931728,0.23994093,0.15591626,0.35991138,0.098062605,0.27151898,0.63041836,0.8725587,2.393026,0.63041836,0.098062605,Patch,120.017426,200.17076,152.69255,175.97986,114.67853,152.69255,TCN,0,-32.675125,-5.3388977,155.70258
1366,2024-09-25 05:00:00+00:00,-0.0017195217,0.23536763,3.2483606,0.8350985,0.9503672,0.23630483,0.22682998,0.14911735,0.34024495,0.09899279,0.27169415,0.62931305,0.87443167,2.3975124,0.62931305,0.09899279,Patch,139.02025,194.11778,197.35866,183.05775,133.66722,183.05775,Patch,1,-44.037506,-5.3530273,136.69975
1367,2024-09-25 06:00:00+00:00,-0.0022867383,0.235467,3.3313231,0.8348561,0.9470484,0.25214738,0.21496636,0.13869984,0.3224495,0.09866641,0.27194127,0.6293923,0.87403494,2.3965614,0.6293923,0.09866641,Patch,128.45036,177.00415,215.25264,170.98572,136.35661,170.98572,Patch,1,-42.535355,7.90625,147.26964
1368,2024-09-25 07:00:00+00:00,-0.0028609312,0.2354625,3.3179514,0.8354068,0.9462637,0.25291064,0.22578728,0.14487651,0.33868092,0.098388776,0.27181336,0.6297979,0.8734126,2.3950703,0.6297979,0.098388776,Patch,91.52311,160.3572,204.00041,132.86682,116.33765,132.86682,Patch,1,-41.34371,24.814537,184.1969
1369,2024-09-25 08:00:00+00:00,-0.0034230014,0.23458782,3.290377,0.8350661,0.946435,0.24029703,0.2196186,0.14157563,0.3294279,0.09894142,0.2718624,0.6291962,0.87447786,2.3976233,0.6291962,0.09894142,Patch,124.579285,158.17949,193.6686,162.31453,125.038025,158.17949,GRU,0,-33.600204,0.45874023,151.14072
1370,2024-09-25 09:00:00+00:00,-0.0038585411,0.23307468,3.2697647,0.83530116,0.94649506,0.21942897,0.23056698,0.147151,0.34585047,0.0991392,0.27180582,0.62905496,0.87479603,2.398386,0.62905496,0.0991392,Patch,134.52522,163.64508,169.66907,190.05986,119.93235,163.64508,GRU,0,-29.119858,-14.592873,141.19478
1371,2024-09-25 10:00:00+00:00,-0.004064284,0.23583673,3.2657156,0.83569497,0.947199,0.23998696,0.2293979,0.14696383,0.34409684,0.09879391,0.27173623,0.6294698,0.874099,2.396715,0.6294698,0.09879391,Patch,61.191406,148.17305,183.41052,107.76343,88.09149,107.76343,Patch,1,-46.57202,26.900085,214.5286
1372,2024-09-25 11:00:00+00:00,-0.004160433,0.2360375,3.2647042,0.8358544,0.9500564,0.26225194,0.19728749,0.12783986,0.29593122,0.099315755,0.2719455,0.6287387,0.8752393,2.3994493,0.6287387,0.099315755,Patch,70.51196,165.64723,171.5389,90.46737,102.57544,90.46737,Patch,1,-19.955406,32.063477,205.20804
1373,2024-09-25 12:00:00+00:00,-0.0041914047,0.23561312,3.2661834,0.8358582,0.95534605,0.2515199,0.23257755,0.15106037,0.3488663,0.09852037,0.2716585,0.6298211,0.8735267,2.3953435,0.6298211,0.09852037,Patch,70.13694,172.63623,208.7498,110.23242,107.562965,110.23242,Patch,1,-40.09548,37.426025,205.58307
1374,2024-09-25 13:00:00+00:00,-0.0041526835,0.2354037,3.2711096,0.8358096,0.9631067,0.25003415,0.31399077,0.20060861,0.4709862,0.09631168,0.27099705,0.6326913,0.8688406,2.384145,0.6326913,0.09631168,Patch,90.68445,179.7893,299.22488,106.723694,135.17055,106.723694,Patch,1,-16.039246,44.4861,185.03555
1375,2024-09-25 14:00:00+00:00,-0.0040416713,0.23538145,3.2798972,0.83559716,0.9704566,0.24443674,0.28740817,0.18726388,0.43111223,0.09717863,0.27125052,0.6315708,0.87068254,2.3885405,0.6315708,0.09717863,Patch,78.65359,199.38617,272.91898,90.7854,132.89209,90.7854,Patch,1,-12.131813,54.238503,197.0664
1376,2024-09-25 15:00:00+00:00,-0.003871426,0.23521896,3.2908132,0.8349977,0.97962433,0.2305119,0.27506432,0.17901862,0.41259646,0.097846664,0.27145514,0.63069814,0.87210286,2.3919353,0.63069814,0.097846664,Patch,62.78485,221.68108,221.10596,95.77871,117.35657,95.77871,Patch,1,-32.99386,54.571716,212.93515
1377,2024-09-25 16:00:00+00:00,-0.0036532646,0.23506682,3.316493,0.8334007,0.987352,0.20290764,0.28280747,0.1828532,0.4242112,0.09816557,0.27158377,0.6302507,0.8728048,2.393615,0.6302507,0.09816557,Patch,68.116295,232.75085,221.16182,111.888176,126.605385,111.888176,Patch,1,-43.77188,58.48909,207.6037
1378,2024-09-25 17:00:00+00:00,-0.0033750695,0.23519823,3.3435206,0.83065385,0.99175,0.1828901,0.3003157,0.18978211,0.45047355,0.09802052,0.27161986,0.63035965,0.87256527,2.3930418,0.63035965,0.09802052,Patch,61.139484,241.58765,147.27608,130.3739,99.29148,130.3739,Patch,1,-69.23442,38.151997,214.58052
1379,2024-09-25 18:00:00+00:00,-0.00306532,0.23514472,3.3700495,0.8258678,0.99215394,0.13719328,0.29361486,0.18407235,0.4404223,0.09847885,0.27164075,0.6298804,0.87343466,2.395123,0.6298804,0.09847885,Patch,52.912067,247.42018,121.18353,110.796936,96.845665,110.796936,Patch,1,-57.88487,43.933598,222.80794
1380,2024-09-25 19:00:00+00:00,-0.0027306762,0.23508811,3.4135535,0.8198801,0.99252397,0.14096169,0.30318493,0.19116959,0.45477736,0.09780342,0.2715777,0.6306189,0.8721255,2.3919897,0.6306189,0.09780342,Patch,58.270428,247.40508,132.84645,110.76908,99.58807,110.76908,Patch,1,-52.498653,41.317646,217.44957
1381,2024-09-25 20:00:00+00:00,-0.0023688248,0.23505335,3.4790053,0.8130354,0.99226147,0.15388195,0.2525001,0.16058052,0.3787501,0.0987532,0.27217025,0.62907654,0.87438774,2.397407,0.62907654,0.0987532,Patch,84.12852,239.31483,146.0888,110.766235,121.46149,110.766235,Patch,1,-26.637718,37.33297,191.59149
1382,2024-09-25 21:00:00+00:00,-0.0019807608,0.2350014,3.4150102,0.804988,0.9919306,0.17869852,0.20989457,0.13394926,0.31484184,0.10020438,0.2726612,0.62713444,0.877472,2.4048126,0.62713444,0.10020438,Patch,137.19427,211.95953,146.97449,170.19409,141.63191,146.97449,TCN,0,-9.780212,4.4376373,138.52573
1383,2024-09-25 22:00:00+00:00,-0.001607633,0.23499547,3.3872764,0.7981838,0.9920581,0.18870246,0.21140465,0.1347552,0.31710696,0.1000079,0.27257255,0.62741953,0.8770375,2.403768,0.62741953,0.1000079,Patch,127.72583,202.09644,117.652016,173.32703,122.75604,117.652016,TCN,0,10.073814,-4.9697876,147.99417
1384,2024-09-25 23:00:00+00:00,-0.0012180716,0.23493533,3.1390715,0.79268765,0.99214387,0.14126866,0.20592493,0.13136232,0.30888742,0.10235009,0.2723508,0.62529916,0.88112295,2.4136086,0.62529916,0.10235009,Patch,59.65511,203.54596,97.52045,90.62128,90.11051,90.62128,Patch,1,-30.966167,30.455402,216.0649
1385,2024-09-26 00:00:00+00:00,-0.00088105537,0.23355308,3.0253382,0.7889353,0.992293,0.11076149,0.22929442,0.14332338,0.34394166,0.10293616,0.27207,0.6249938,0.88194835,2.4156015,0.6249938,0.10293616,Patch,58.923298,219.98651,99.70223,88.98095,95.79401,88.98095,Patch,1,-30.057652,36.87071,216.7967
1386,2024-09-26 01:00:00+00:00,-0.00069127005,0.23161143,3.0294511,0.7874226,0.9922611,0.0945429,0.24738154,0.15546602,0.37107223,0.10267151,0.27196977,0.6253587,0.88138723,2.4142463,0.6253587,0.10267151,Patch,55.41988,218.3169,134.46199,77.93845,98.974144,77.93845,Patch,1,-22.518574,43.554264,220.30013
1387,2024-09-26 02:00:00+00:00,-0.0007173501,0.2317956,3.0296216,0.7875569,0.99216574,0.08912629,0.2405874,0.15228373,0.3608811,0.10302204,0.27205452,0.6249234,0.88209033,2.4159448,0.6249234,0.10302204,Patch,66.41482,203.3691,147.07414,97.00515,101.733826,97.00515,Patch,1,-30.590332,35.319008,209.30518
1388,2024-09-26 03:00:00+00:00,-0.0009290145,0.23217472,3.0299835,0.78811586,0.9922748,0.082643114,0.2247071,0.14525928,0.33706063,0.10370654,0.27222368,0.6240698,0.883462,2.4192607,0.6240698,0.10370654,Patch,114.4235,178.97511,129.36372,170.36626,108.351845,129.36372,TCN,0,-14.940224,-6.0716553,161.29651
1389,2024-09-26 04:00:00+00:00,-0.0012829902,0.23257068,3.0318313,0.78829074,0.9925933,0.08104516,0.21027492,0.13649833,0.31541237,0.104229994,0.27238116,0.6233888,0.88453037,2.4218469,0.6233888,0.104229994,Patch,116.91288,173.17546,123.38853,178.12877,112.48352,123.38853,TCN,0,-6.475647,-4.4293594,158.80713
1390,2024-09-26 05:00:00+00:00,-0.0017242029,0.2325966,3.0505497,0.7882991,0.99265593,0.08237982,0.17563717,0.11493301,0.26345575,0.105259515,0.27276385,0.6219766,0.8866817,2.4270625,0.6219766,0.105259515,Patch,83.32577,164.64333,127.77921,121.052124,100.9575,121.052124,Patch,1,-37.726357,17.63173,192.39423
1391,2024-09-26 06:00:00+00:00,-0.0022334314,0.23271145,3.0573123,0.7882444,0.9933417,0.08468723,0.20100908,0.12794611,0.3015136,0.10431666,0.27253252,0.6231508,0.88481057,2.4225254,0.6231508,0.10431666,Patch,62.90393,149.66609,120.70681,106.65112,79.093666,106.65112,Patch,1,-43.747192,16.189735,212.81607
1392,2024-09-26 07:00:00+00:00,-0.0027639752,0.23270462,3.0680451,0.78726745,0.9932266,0.0899632,0.22849374,0.14435628,0.3427406,0.10321416,0.27227205,0.6245138,0.8826171,2.4172175,0.6245138,0.10321416,Patch,42.061382,151.78838,117.369606,96.70764,63.615723,96.70764,Patch,1,-54.64626,21.55434,233.65862
1393,2024-09-26 08:00:00+00:00,-0.003271349,0.23199436,3.0772002,0.7869448,0.993558,0.08259597,0.2395204,0.15309218,0.35928056,0.10297557,0.27221134,0.6248131,0.88213694,2.416057,0.6248131,0.10297557,Patch,105.63818,153.52837,135.50404,177.3369,88.54598,135.50404,TCN,0,-29.86586,-17.092201,170.08182
1394,2024-09-26 09:00:00+00:00,-0.0036551023,0.23024282,3.0954325,0.7863415,0.9935264,0.08250866,0.29517072,0.1889238,0.44275612,0.10112348,0.2717368,0.6271397,0.87838185,2.4070017,0.6271397,0.10112348,Patch,154.8363,156.1436,149.20026,269.8367,103.536865,149.20026,TCN,0,5.6360474,-51.29944,120.8837
1395,2024-09-26 10:00:00+00:00,-0.0038212133,0.23177628,3.1027017,0.7856962,0.99330854,0.15693194,0.28890902,0.18759464,0.43336353,0.099571005,0.2714549,0.6289741,0.8752983,2.3995912,0.6289741,0.099571005,Patch,143.04565,157.60677,174.48528,254.64085,111.699524,157.60677,GRU,0,-14.561111,-31.34613,132.67435
1396,2024-09-26 11:00:00+00:00,-0.003863179,0.23228025,3.1033044,0.7853688,0.9925042,0.17322795,0.26903117,0.17659515,0.40354675,0.099783674,0.27154914,0.62866724,0.87576914,2.400721,0.62866724,0.099783674,Patch,155.2458,175.93446,195.01314,248.16704,125.74203,175.93446,GRU,0,-20.68866,-29.503777,120.4742
1397,2024-09-26 12:00:00+00:00,-0.0038474728,0.23201424,3.1025882,0.78547424,0.9919961,0.118843496,0.3265198,0.21139237,0.48977965,0.09933607,0.2713202,0.6293437,0.87475175,2.3982797,0.6293437,0.09933607,Patch,204.32097,188.54692,275.13065,308.16537,161.11668,188.54692,GRU,0,15.774048,-43.204285,71.39903
1398,2024-09-26 13:00:00+00:00,-0.0037600421,0.23155507,3.102328,0.7857679,0.99095374,0.07304778,0.33587822,0.21552615,0.5038173,0.09978559,0.2712878,0.62892663,0.87555313,2.4002025,0.62892663,0.09978559,Patch,162.38042,199.54076,292.10788,234.81287,162.81789,199.54076,GRU,0,-37.16034,0.43746948,113.339584
1399,2024-09-26 14:00:00+00:00,-0.0035866976,0.2310827,3.1024897,0.78627634,0.99081457,0.0674474,0.31894612,0.20625377,0.47841915,0.10038988,0.27143362,0.62817645,0.876786,2.4031634,0.62817645,0.10038988,Patch,94.963295,218.75359,270.07007,137.29555,141.57922,137.29555,Patch,1,-42.332253,46.61593,180.75671
1400,2024-09-26 15:00:00+00:00,-0.0033328647,0.23005341,3.1036055,0.7864365,0.9909158,0.060534284,0.2787576,0.18018079,0.41813636,0.10177522,0.2718296,0.62639517,0.8796463,2.410047,0.62639517,0.10177522,Patch,63.622437,243.71684,206.46257,100.737976,130.53014,100.737976,Patch,1,-37.11554,66.9077,212.09756
1401,2024-09-26 16:00:00+00:00,-0.002989314,0.22937223,3.1063807,0.7856416,0.9894766,0.04559196,0.28424233,0.18136367,0.42636353,0.101632826,0.2717142,0.62665296,0.879291,2.4091911,0.62665296,0.101632826,Patch,77.15029,258.5891,218.82935,83.29867,147.76643,83.29867,Patch,1,-6.1483765,70.61614,198.5697
1402,2024-09-26 17:00:00+00:00,-0.0025574209,0.22882663,3.1044855,0.7827929,0.98677933,0.051254664,0.32182536,0.20507984,0.48273802,0.1002522,0.27131876,0.62842906,0.8764369,2.4023247,0.62842906,0.1002522,Patch,56.528423,271.41864,187.00441,91.67328,116.374756,91.67328,Patch,1,-35.144855,59.846333,219.19157
1403,2024-09-26 18:00:00+00:00,-0.0020454123,0.22876304,3.080408,0.77794313,0.98232675,0.05944242,0.33422637,0.21250877,0.50133955,0.09987873,0.27121416,0.62890714,0.8756626,2.4004653,0.62890714,0.09987873,Patch,86.59554,277.7042,147.73048,118.42373,109.952126,118.42373,Patch,1,-31.828186,23.356583,189.12445
1404,2024-09-26 19:00:00+00:00,-0.0014835016,0.2285762,3.1171274,0.7713643,0.9790192,0.056490168,0.33600137,0.21545903,0.5040021,0.099403895,0.2711735,0.6294226,0.87475336,2.3982835,0.6294226,0.099403895,Patch,86.8761,268.09665,146.75423,133.57527,104.08614,133.57527,Patch,1,-46.699173,17.210045,188.8439
1405,2024-09-26 20:00:00+00:00,-0.000859416,0.22850542,3.188667,0.7635897,0.9764317,0.05259967,0.30487117,0.19542179,0.45730674,0.09969696,0.27147773,0.6288253,0.87554955,2.400194,0.6288253,0.09969696,Patch,86.43423,256.5828,156.04576,144.68086,121.341774,144.68086,Patch,1,-58.246635,34.907547,189.28577
1406,2024-09-26 21:00:00+00:00,-0.00019005928,0.2281682,3.173231,0.7568471,0.97379375,0.05561615,0.25914755,0.16804932,0.38872132,0.10126582,0.272002,0.6267322,0.8788631,2.4081604,0.6267322,0.10126582,Patch,128.52519,232.36804,144.37907,206.33083,137.42487,144.37907,TCN,0,-15.853882,8.899673,147.19481
1407,2024-09-26 22:00:00+00:00,0.00045353035,0.22775392,3.1405458,0.7525043,0.974725,0.05922534,0.2667055,0.17206037,0.40005824,0.101260036,0.27196163,0.6267783,0.87881887,2.4080539,0.6267783,0.101260036,Patch,127.210045,223.23415,179.92418,195.73157,131.9964,179.92418,TCN,0,-52.714134,4.786354,148.50995
1408,2024-09-26 23:00:00+00:00,0.0010755291,0.22689119,3.1950388,0.750995,0.9772782,0.058817733,0.2611567,0.16635357,0.39173505,0.10094386,0.2720195,0.62703663,0.8782903,2.4067814,0.62703663,0.10094386,Patch,95.16882,249.34694,162.52498,142.09618,124.58933,142.09618,Patch,1,-46.927353,29.42051,180.55118
1409,2024-09-27 00:00:00+00:00,0.0015915503,0.22408259,3.1617913,0.750777,0.9782644,0.06946721,0.27197927,0.17073056,0.40796888,0.100733265,0.27192122,0.6273455,0.87782323,2.4056573,0.6273455,0.100733265,Patch,95.64083,255.88759,113.62927,165.51003,122.37345,113.62927,TCN,0,-17.988441,26.73262,180.07916
1410,2024-09-27 01:00:00+00:00,0.0018977439,0.22159588,3.1474037,0.7511806,0.97831255,0.08231496,0.27656612,0.17307296,0.41484913,0.10054939,0.27188686,0.6275637,0.877458,2.404779,0.6275637,0.10054939,Patch,94.36112,252.26904,95.438354,171.3794,120.27244,95.438354,TCN,0,-1.0772324,25.911316,181.35889
1411,2024-09-27 02:00:00+00:00,0.0019601553,0.22020142,3.152782,0.75127804,0.97763544,0.06696356,0.27537665,0.1784383,0.41306496,0.10069327,0.2718329,0.6274738,0.8776762,2.4053037,0.6274738,0.10069327,Patch,116.75944,239.19252,146.73827,195.68427,135.72478,146.73827,TCN,0,-29.978828,18.96534,158.96057
1412,2024-09-27 03:00:00+00:00,0.0017976236,0.21927407,3.1720989,0.75125635,0.9769807,0.05758718,0.28331143,0.18340808,0.42496714,0.10030518,0.27170172,0.6279931,0.8768554,2.40333,0.6279931,0.10030518,Patch,104.833435,230.38135,192.1424,178.12456,130.57896,178.12456,Patch,1,-73.29112,25.74553,170.88657
1413,2024-09-27 04:00:00+00:00,0.0014348225,0.21992186,3.1985347,0.7510283,0.97739506,0.0561754,0.26689214,0.17197311,0.40033817,0.10064366,0.27188498,0.6274713,0.8776289,2.4051902,0.6274713,0.10064366,Patch,104.36137,218.80763,154.2038,176.8791,127.87093,154.2038,TCN,0,-49.84243,23.509567,171.35864
1414,2024-09-27 05:00:00+00:00,0.0009601256,0.22007358,3.2351346,0.7503329,0.9790304,0.056904394,0.19708149,0.1274785,0.29562223,0.10276916,0.27270854,0.6245223,0.8821772,2.4161541,0.6245223,0.10276916,Patch,98.40784,182.57106,172.74432,126.65707,128.76204,126.65707,Patch,1,-28.24923,30.354202,177.31216
1415,2024-09-27 06:00:00+00:00,0.0004092634,0.22024266,3.2136145,0.74927485,0.981236,0.059363764,0.19428742,0.12375158,0.29143113,0.103085704,0.2727845,0.62412983,0.8828106,2.4176855,0.62412983,0.103085704,Patch,121.81254,135.56157,195.64424,127.118286,132.11003,127.118286,Patch,1,-5.305748,10.297493,153.90747
1416,2024-09-27 07:00:00+00:00,-0.00017721576,0.22026803,3.2331693,0.7472899,0.98342645,0.06477125,0.18261728,0.116239354,0.27392587,0.10330634,0.27296367,0.62372994,0.8833559,2.4190042,0.62372994,0.10330634,Patch,129.59216,120.30082,193.83107,131.57965,134.91417,120.30082,GRU,0,9.291344,5.322006,146.12784
1417,2024-09-27 08:00:00+00:00,-0.00074291433,0.21979487,3.1085095,0.7444436,0.98510426,0.0746313,0.18337452,0.116463244,0.2750618,0.104189016,0.27291265,0.6228983,0.8848965,2.4227338,0.6228983,0.104189016,Patch,121.23061,129.98491,168.68523,131.26569,126.25236,129.98491,GRU,0,-8.754295,5.021744,154.48938
1418,2024-09-27 09:00:00+00:00,-0.001197035,0.21838121,3.1310024,0.7404922,0.98577416,0.07743649,0.2023251,0.12936753,0.30348772,0.1033175,0.2727587,0.6239238,0.8832065,2.4186428,0.6239238,0.1033175,Patch,112.06565,147.64662,167.67456,140.96034,126.79415,140.96034,Patch,1,-28.894691,14.7285,163.65436
1419,2024-09-27 10:00:00+00:00,-0.0014314677,0.22045651,3.1343927,0.73685485,0.9841561,0.057784792,0.20937,0.13788626,0.314055,0.103400685,0.27273303,0.6238663,0.88333464,2.4189525,0.6238663,0.103400685,Patch,103.73379,146.69835,171.18132,130.80695,115.92179,130.80695,Patch,1,-27.073158,12.188004,171.9862
1420,2024-09-27 11:00:00+00:00,-0.0015569248,0.22095744,3.1361349,0.7340796,0.97839874,0.07441301,0.22285812,0.14724147,0.33428714,0.10260178,0.27258444,0.62481385,0.881772,2.4151757,0.62481385,0.10260178,Patch,98.883644,196.08269,204.37221,113.62766,126.82548,113.62766,Patch,1,-14.744019,27.941833,176.83636
1421,2024-09-27 12:00:00+00:00,-0.0015965692,0.22065547,3.1361346,0.73286545,0.9718886,0.07044522,0.25185645,0.16809106,0.37778467,0.10151333,0.2722041,0.6262826,0.8794824,2.4096522,0.6262826,0.10151333,Patch,115.792175,220.44867,249.98811,125.58053,153.33336,125.58053,Patch,1,-9.788353,37.541183,159.92783
1422,2024-09-27 13:00:00+00:00,-0.0015401794,0.2201406,3.1314466,0.732696,0.96466935,0.08008489,0.2602526,0.16969512,0.3903789,0.10099671,0.27208468,0.6269187,0.8784411,2.4071443,0.6269187,0.10099671,Patch,129.72157,240.90007,274.19382,118.79098,168.7393,118.79098,Patch,1,10.930595,39.01773,145.99843
1423,2024-09-27 14:00:00+00:00,-0.0013785627,0.2192027,3.121563,0.7331019,0.9580837,0.08975906,0.27687562,0.17775008,0.41531342,0.100265235,0.27187133,0.6278634,0.87692416,2.4034956,0.6278634,0.100265235,Patch,190.0768,266.12692,343.06528,164.56859,223.34792,164.56859,Patch,1,25.50821,33.27112,85.6432
1424,2024-09-27 15:00:00+00:00,-0.0011187771,0.21750072,3.1104732,0.7339382,0.95510834,0.09628677,0.28082117,0.17990749,0.42123172,0.10008742,0.27180776,0.62810487,0.8765445,2.4025831,0.62810487,0.10008742,Patch,184.15157,288.46017,324.9005,170.77374,214.77606,170.77374,Patch,1,13.377823,30.624496,91.568436
1425,2024-09-27 16:00:00+00:00,-0.0007522341,0.21550332,3.0991647,0.734914,0.9552488,0.09598439,0.27647525,0.17758894,0.41471285,0.10031195,0.2718306,0.62785745,0.8769758,2.4036198,0.62785745,0.10031195,Patch,141.26642,296.62943,242.3925,154.21666,175.04701,154.21666,Patch,1,-12.950241,33.780594,134.45358
1426,2024-09-27 17:00:00+00:00,-0.00027531685,0.21433435,3.094266,0.7372153,0.9542583,0.0996507,0.2810424,0.18062697,0.42156357,0.100096375,0.27173573,0.62816787,0.8765006,2.4024777,0.62816787,0.100096375,Patch,163.61784,286.0398,228.66881,183.33824,174.66502,183.33824,Patch,1,-19.720398,11.04718,112.10216
1427,2024-09-27 18:00:00+00:00,0.00027444752,0.21402979,3.0981257,0.740199,0.9470516,0.109257676,0.27511722,0.17780837,0.4126758,0.09997452,0.27171206,0.6283134,0.8762569,2.4018922,0.6283134,0.09997452,Patch,162.90784,261.88882,213.64738,188.55267,174.86833,188.55267,Patch,1,-25.644836,11.960495,112.812164
1428,2024-09-27 19:00:00+00:00,0.0008815339,0.21382262,3.103893,0.7429961,0.9353878,0.1275165,0.2828219,0.18183202,0.42423284,0.09919289,0.2715317,0.62927544,0.874665,2.3980718,0.62927544,0.09919289,Patch,136.90855,249.56242,227.79108,150.78908,164.29138,150.78908,Patch,1,-13.880524,27.382828,138.81145
1429,2024-09-27 20:00:00+00:00,0.0015618602,0.21387075,3.1084876,0.74698937,0.9238128,0.14947496,0.27174717,0.17552593,0.40762067,0.09891419,0.27149013,0.62959564,0.8741148,2.3967528,0.62959564,0.09891419,Patch,128.90492,244.17369,258.0033,108.585976,169.83339,108.585976,Patch,1,20.318947,40.928467,146.81508
1430,2024-09-27 21:00:00+00:00,0.0022726592,0.2129873,3.1115558,0.751372,0.9161494,0.16023445,0.30531833,0.19476473,0.45797747,0.0976072,0.27111354,0.63127923,0.8713678,2.390178,0.63127923,0.0976072,Patch,161.4259,236.336,275.94287,173.64581,186.0826,173.64581,Patch,1,-12.21991,24.656693,114.2941
1431,2024-09-27 22:00:00+00:00,0.0029045204,0.2117988,3.1185093,0.7558681,0.91059715,0.16120572,0.34513146,0.22460966,0.51769716,0.0963916,0.27072626,0.6328822,0.8687613,2.383956,0.6328822,0.0963916,Patch,199.12154,240.21541,266.51193,254.43108,193.89534,240.21541,GRU,0,-41.093872,-5.2261963,76.598465
1432,2024-09-27 23:00:00+00:00,0.0034554186,0.21060453,3.1313307,0.76045734,0.9089998,0.15587829,0.36163652,0.22844438,0.54245484,0.095849104,0.27055612,0.63359475,0.86759394,2.3811748,0.63359475,0.095849104,Patch,181.71002,252.30219,222.31268,232.62135,162.98615,222.31268,TCN,0,-40.60266,-18.723877,94.00998
1433,2024-09-28 00:00:00+00:00,0.0038980646,0.20764728,3.137197,0.7638227,0.90810996,0.17147847,0.3482347,0.21973848,0.5223521,0.095989265,0.27066067,0.6333501,0.86794746,2.3820167,0.6333501,0.095989265,Patch,151.04237,262.223,202.23846,203.623,138.46143,202.23846,TCN,0,-51.19609,-12.580948,124.67763
1434,2024-09-28 01:00:00+00:00,0.004131081,0.20550309,3.1390285,0.7652544,0.9075847,0.18257797,0.3031355,0.19132087,0.45470327,0.09696931,0.27096066,0.63207006,0.8700451,2.3870184,0.63207006,0.09696931,Patch,113.15686,251.25533,209.3462,144.64792,133.65575,144.64792,Patch,1,-31.491058,20.498886,162.56314
1435,2024-09-28 02:00:00+00:00,0.0041403044,0.20393999,3.1402621,0.7652935,0.9075637,0.1853168,0.2813651,0.17882673,0.42204762,0.097512856,0.27112436,0.63136274,0.8712009,2.389779,0.63136274,0.097512856,Patch,123.44108,241.9123,270.63446,107.233376,162.84808,107.233376,Patch,1,16.207703,39.407005,152.27893
1436,2024-09-28 03:00:00+00:00,0.0039204718,0.2037733,3.1475458,0.76443416,0.90817803,0.18978703,0.2992154,0.19507162,0.44882315,0.09686573,0.270941,0.63219327,0.8698342,2.3865151,0.63219327,0.09686573,Patch,126.31317,254.33818,298.12308,121.55063,172.01508,121.55063,Patch,1,4.7625427,45.701904,149.40683
1437,2024-09-28 04:00:00+00:00,0.003523723,0.20391147,3.1586676,0.7629168,0.9086014,0.17811114,0.29747152,0.19308011,0.44620726,0.09713241,0.27105334,0.63181424,0.8704292,2.3879356,0.63181424,0.09713241,Patch,147.81657,263.37488,282.9856,146.96297,189.09395,146.96297,Patch,1,0.8536072,41.277374,127.90343
1438,2024-09-28 05:00:00+00:00,0.0029814115,0.20449539,3.158565,0.7601692,0.9084492,0.18004227,0.20896956,0.13555038,0.31345433,0.09976041,0.27191007,0.6283296,0.876029,2.401345,0.6283296,0.09976041,Patch,147.84227,234.54535,255.97588,130.9098,183.3037,130.9098,Patch,1,16.932465,35.461426,127.87773
1439,2024-09-28 06:00:00+00:00,0.0023479413,0.204662,3.179622,0.75647104,0.907733,0.1825561,0.19081424,0.12430458,0.28622136,0.10017104,0.27215415,0.62767476,0.8769878,2.4036486,0.62767476,0.10017104,Patch,147.86694,196.90761,277.0603,120.28257,183.16536,120.28257,Patch,1,27.584373,35.298416,127.85306
1440,2024-09-28 07:00:00+00:00,0.001657619,0.20473532,3.285855,0.75170195,0.90772086,0.18891251,0.2053363,0.13097937,0.30800444,0.099126965,0.27226287,0.62861025,0.8751564,2.3992505,0.62861025,0.099126965,Patch,130.62422,173.9054,272.8367,102.61328,167.02968,102.61328,Patch,1,28.01094,36.405457,145.09578
1441,2024-09-28 08:00:00+00:00,0.00094542786,0.20471099,3.2994664,0.7451672,0.90800035,0.19719507,0.23480642,0.14859036,0.35220963,0.097981006,0.27201143,0.6300076,0.8728211,2.393654,0.6300076,0.097981006,Patch,127.63198,161.53731,283.73026,113.88093,161.78981,113.88093,Patch,1,13.751053,34.15783,148.08801
1442,2024-09-28 09:00:00+00:00,0.00025163186,0.20438911,3.2288556,0.7360453,0.9096612,0.20788781,0.2559763,0.16209696,0.3839644,0.09732302,0.27164263,0.63103443,0.8712835,2.3899765,0.63103443,0.09732302,Patch,148.24176,152.95708,286.40817,146.7958,166.52916,146.7958,Patch,1,1.4459534,18.2874,127.47824
1443,2024-09-28 10:00:00+00:00,-0.00035762586,0.20444833,3.1527872,0.72433174,0.91585666,0.2475826,0.28603745,0.18189833,0.42905614,0.095830634,0.27107126,0.6330982,0.8679966,2.3821337,0.6330982,0.095830634,Patch,193.39165,166.40039,315.6732,212.24538,197.32733,166.40039,GRU,0,26.991257,3.9356842,82.328354
1444,2024-09-28 11:00:00+00:00,-0.0008890173,0.20340331,3.096967,0.71279323,0.9276404,0.29682097,0.35240588,0.2233718,0.5286088,0.093168095,0.27024534,0.63658655,0.862221,2.368415,0.63658655,0.093168095,Patch,247.40564,190.62946,431.05142,249.71663,254.15771,190.62946,GRU,0,56.776184,6.752075,28.314362
1445,2024-09-28 12:00:00+00:00,-0.0012356653,0.20336477,3.0771196,0.7063256,0.9378836,0.31806633,0.3316192,0.21306407,0.49742877,0.093383275,0.2703061,0.63631064,0.8626862,2.369517,0.63631064,0.093383275,Patch,259.49124,207.412,467.62534,226.35478,280.2668,207.412,GRU,0,52.07924,20.775574,16.22876
1446,2024-09-28 13:00:00+00:00,-0.0013892509,0.20341481,3.0773053,0.70378655,0.9469516,0.33300525,0.25556004,0.16491172,0.38334006,0.0952703,0.27093568,0.63379407,0.86682165,2.3793364,0.63379407,0.0952703,Patch,242.43427,231.07074,419.64322,187.43579,271.8427,187.43579,Patch,1,54.998474,29.408447,33.285736
1447,2024-09-28 14:00:00+00:00,-0.00137975,0.20290005,3.0843773,0.7038901,0.9547334,0.33898056,0.2518474,0.15869963,0.37777108,0.095302776,0.27099767,0.63369954,0.86693597,2.3796084,0.63369954,0.095302776,Patch,264.88242,253.9508,413.23727,212.9317,286.14706,212.9317,Patch,1,51.950714,21.264648,10.837585
1448,2024-09-28 15:00:00+00:00,-0.0012291509,0.20182472,3.093547,0.706023,0.9578984,0.3069824,0.29650378,0.18817234,0.44475567,0.09470151,0.2707332,0.6345653,0.86556953,2.3763592,0.6345653,0.09470151,Patch,294.15903,276.69553,447.9017,252.22328,303.03604,252.22328,Patch,1,41.935745,8.877014,-18.439026
1449,2024-09-28 16:00:00+00:00,-0.00093543285,0.20135157,3.1005495,0.70955366,0.95665056,0.24391206,0.3958593,0.25252813,0.593789,0.093385205,0.27022,0.63639474,0.8626162,2.3693511,0.63639474,0.093385205,Patch,343.61743,304.7974,606.6194,281.11252,351.00266,281.11252,Patch,1,62.504913,7.3852234,-67.89743
1450,2024-09-28 17:00:00+00:00,-0.0005332373,0.20084018,3.1088607,0.7135161,0.9531268,0.18125659,0.35377562,0.22452709,0.53066343,0.09575867,0.2707935,0.6334479,0.86762494,2.3812485,0.6334479,0.09575867,Patch,368.64713,326.17984,555.9631,311.4543,361.87045,311.4543,Patch,1,57.19281,-6.7766724,-92.927124
1451,2024-09-28 18:00:00+00:00,-5.0278617e-05,0.2004749,3.1221821,0.7171351,0.95464635,0.14035283,0.31379068,0.20190203,0.47068605,0.097743385,0.27129892,0.6309577,0.8717785,2.3911598,0.6309577,0.097743385,Patch,368.53525,326.20334,494.3506,337.18964,351.06754,326.20334,GRU,0,42.33191,-17.467712,-92.81525
1452,2024-09-28 19:00:00+00:00,0.00050862134,0.20048776,3.1365964,0.71976495,0.9615815,0.13886474,0.29040214,0.18657926,0.4356032,0.09847195,0.27153936,0.62998873,0.87333655,2.3948882,0.62998873,0.09847195,Patch,364.37357,322.29135,438.0786,355.396,341.51965,322.29135,GRU,0,42.082214,-22.853912,-88.653564
1453,2024-09-28 20:00:00+00:00,0.001099894,0.20048435,3.1585548,0.7202109,0.9714242,0.14638127,0.3052511,0.1981713,0.45787662,0.09786877,0.27142224,0.630709,0.87211627,2.3919675,0.630709,0.09786877,Patch,370.7034,310.51224,455.8972,357.76675,349.871,310.51224,GRU,0,60.191162,-20.832397,-94.9834
1454,2024-09-28 21:00:00+00:00,0.0016931373,0.19988771,3.1836655,0.71963716,0.98054785,0.1399564,0.30262983,0.1933926,0.45394468,0.09805331,0.27155665,0.63039,0.87257314,2.3930607,0.63039,0.09805331,Patch,360.23672,305.6386,489.81763,326.33414,358.46802,305.6386,GRU,0,54.598114,-1.7687073,-84.51672
1455,2024-09-28 22:00:00+00:00,0.0021997902,0.19932367,3.2197106,0.7191693,0.9867266,0.13980736,0.28771156,0.18417887,0.43156728,0.098380744,0.27176845,0.6298508,0.8733599,2.3949442,0.6298508,0.098380744,Patch,312.1135,311.4565,479.1215,284.88278,339.0297,284.88278,Patch,1,27.230713,26.916199,-36.393494
1456,2024-09-28 23:00:00+00:00,0.0026284596,0.19861306,3.0296202,0.7183339,0.987743,0.14299634,0.28468975,0.18671706,0.4270346,0.09921077,0.27133712,0.62945217,0.8745345,2.3977587,0.62945217,0.09921077,Patch,280.98135,333.04477,453.88657,296.41632,324.41626,296.41632,Patch,1,-15.434967,43.434906,-5.2613525
1457,2024-09-29 00:00:00+00:00,0.0029316728,0.19725448,2.8619478,0.7179327,0.9874795,0.16509578,0.2965135,0.19014215,0.4447702,0.09918313,0.270788,0.6300288,0.8740206,2.396527,0.6300288,0.09918313,Patch,280.93637,338.05472,399.24606,317.37442,299.31085,317.37442,Patch,1,-36.43805,18.374481,-5.2163696
1458,2024-09-29 01:00:00+00:00,0.0030416618,0.19641127,2.8813503,0.71790373,0.98763895,0.19011636,0.28271404,0.18016605,0.42407104,0.0988878,0.27082825,0.6302839,0.87350804,2.395299,0.6302839,0.0988878,Patch,281.3601,324.13004,304.38678,330.45117,274.49423,304.38678,TCN,0,-23.026672,-6.8658752,-5.640106
1459,2024-09-29 02:00:00+00:00,0.0029473226,0.19535619,2.8797104,0.7175047,0.98796153,0.20804405,0.2863818,0.18324344,0.42957276,0.09834136,0.27069634,0.63096225,0.8723826,2.3926048,0.63096225,0.09834136,Patch,298.24203,309.88953,321.7283,324.52628,288.72885,309.88953,GRU,0,-11.647491,-9.513184,-22.522034
1460,2024-09-29 03:00:00+00:00,0.0026322708,0.19490264,2.8638322,0.7168967,0.98812616,0.1951644,0.2853429,0.18133807,0.42801434,0.09876441,0.27074584,0.6304897,0.8732097,2.3945844,0.6304897,0.09876441,Patch,295.12033,300.3851,377.88303,296.392,298.63696,296.392,Patch,1,-1.2716675,3.516632,-19.40033
1461,2024-09-29 04:00:00+00:00,0.0021176608,0.19523215,2.838488,0.7163277,0.9881049,0.18283506,0.25777987,0.16438918,0.3866698,0.10009312,0.27101737,0.62888956,0.8758913,2.4010146,0.62888956,0.10009312,Patch,303.19955,294.2112,384.08224,291.00284,306.51318,291.00284,Patch,1,12.196716,3.3136292,-27.479553
1462,2024-09-29 05:00:00+00:00,0.0014637966,0.19541554,2.804706,0.7163837,0.98772854,0.14791633,0.2223844,0.14201273,0.33357662,0.10238914,0.2714864,0.62612444,0.88047326,2.412041,0.62612444,0.10238914,Patch,308.7537,278.7181,364.84726,308.14377,309.24677,278.7181,GRU,0,30.035583,0.4930725,-33.03369
1463,2024-09-29 06:00:00+00:00,0.0007044265,0.19559062,2.8989549,0.7180182,0.98705757,0.12545383,0.19263832,0.1242871,0.28895748,0.103386834,0.27206737,0.6245458,0.88275784,2.4175577,0.6245458,0.103386834,Patch,333.655,263.13596,374.08252,331.64368,321.64536,263.13596,GRU,0,70.51904,-12.009644,-57.934998
1464,2024-09-29 07:00:00+00:00,-0.00013427548,0.19574492,3.0283344,0.72086394,0.98634213,0.12188359,0.1897944,0.121402174,0.28469163,0.10279429,0.27238518,0.62482053,0.8819543,2.415616,0.62482053,0.10279429,Patch,365.5044,255.39705,425.52234,357.4546,346.12463,255.39705,GRU,0,110.107346,-19.37976,-89.78439
1465,2024-09-29 08:00:00+00:00,-0.0010043044,0.19574006,2.9982617,0.7262614,0.98617274,0.120147645,0.18408029,0.11799535,0.27612042,0.10327783,0.27235818,0.62436396,0.8828033,2.4176676,0.62436396,0.10327783,Patch,357.27905,234.91539,383.0233,366.28946,328.07602,234.91539,GRU,0,122.36366,-29.203033,-81.55905
1466,2024-09-29 09:00:00+00:00,-0.0018573353,0.1956145,2.9202852,0.73590195,0.9862415,0.12211647,0.18734297,0.121685974,0.28101444,0.10371073,0.27213252,0.6241568,0.8833939,2.419096,0.6241568,0.10371073,Patch,311.36154,206.75038,324.55356,325.07532,284.28976,206.75038,GRU,0,104.61116,-27.071777,-35.64154
1467,2024-09-29 10:00:00+00:00,-0.0026601164,0.19546443,2.8408132,0.74979657,0.98644465,0.1545033,0.19265394,0.12499766,0.28898093,0.10338757,0.27173465,0.62487775,0.8824824,2.416892,0.62487775,0.10338757,Patch,198.92719,194.47969,204.6396,207.59807,195.01115,194.47969,GRU,0,4.4474945,-3.916031,76.792816
1468,2024-09-29 11:00:00+00:00,-0.0033786462,0.19462109,2.7890732,0.76492125,0.98707855,0.20999615,0.21455269,0.13779843,0.32182902,0.10172425,0.27108076,0.627195,0.87892693,2.4083142,0.627195,0.10172425,Patch,136.91524,196.3758,178.2169,159.75449,147.12505,159.75449,Patch,1,-22.839249,10.209808,138.80476
1469,2024-09-29 12:00:00+00:00,-0.0039329417,0.19423734,2.76678,0.77399737,0.98851293,0.19401775,0.22277749,0.14349541,0.33416626,0.10211889,0.2710078,0.62687325,0.87958276,2.409894,0.62687325,0.10211889,Patch,142.51237,204.66048,188.93321,149.09697,153.2666,149.09697,Patch,1,-6.5845947,10.754227,133.20763
1470,2024-09-29 13:00:00+00:00,-0.0043164035,0.19443552,2.7699692,0.77853423,0.9911287,0.15615539,0.23052096,0.1496099,0.34578142,0.10289304,0.27112016,0.6259868,0.8810781,2.4135005,0.6259868,0.10289304,Patch,189.22998,226.90137,187.16351,202.4893,188.91853,187.16351,TCN,0,2.0664673,-0.31144714,86.49002
1471,2024-09-29 14:00:00+00:00,-0.004564054,0.19419216,2.790783,0.7807759,0.9932425,0.15376033,0.24206239,0.15253265,0.36309358,0.10246291,0.27108443,0.6264526,0.8802706,2.4115522,0.6264526,0.10246291,Patch,199.09082,239.2548,196.02496,221.0323,203.84857,196.02496,TCN,0,3.065857,4.7577515,76.62918
1472,2024-09-29 15:00:00+00:00,-0.0046927715,0.19319081,2.8212223,0.78095275,0.9948786,0.16446401,0.2556184,0.16279143,0.38342756,0.10152962,0.27094343,0.62752694,0.8784574,2.4071836,0.62752694,0.10152962,Patch,183.65553,243.09206,224.66008,210.24986,197.31926,210.24986,Patch,1,-26.59433,13.663727,92.06447
1473,2024-09-29 16:00:00+00:00,-0.004690979,0.19268775,2.8570204,0.77929676,0.9954803,0.18791191,0.28671712,0.18275034,0.4300757,0.09970911,0.2706154,0.6296755,0.8748456,2.3985052,0.6296755,0.09970911,Patch,175.42378,233.52374,226.23607,229.55183,179.51604,226.23607,TCN,0,-50.812286,4.0922546,100.29622
1474,2024-09-29 17:00:00+00:00,-0.004604904,0.19199339,2.8958704,0.77661103,0.99505407,0.21634412,0.27927804,0.17917494,0.41891706,0.09898449,0.2706151,0.6304004,0.8735069,2.395296,0.6304004,0.09898449,Patch,142.33519,240.07611,217.33679,190.5142,161.557,190.5142,Patch,1,-48.179016,19.221817,133.38481
1475,2024-09-29 18:00:00+00:00,-0.0044471654,0.19139998,2.9305751,0.77364445,0.99191356,0.22992985,0.27116075,0.17064735,0.4067411,0.09865501,0.2707111,0.6306339,0.8729775,2.3940284,0.6306339,0.09865501,Patch,130.45201,257.3949,196.625,162.98628,157.57861,162.98628,Patch,1,-32.53427,27.126602,145.26799
1476,2024-09-29 19:00:00+00:00,-0.004224179,0.19065392,2.9655533,0.7701794,0.9853206,0.2622775,0.2785965,0.17607199,0.4178947,0.09739148,0.27055332,0.6320552,0.8704903,2.3880816,0.6320552,0.09739148,Patch,115.45791,260.5287,180.82668,151.3932,152.02153,151.3932,Patch,1,-35.935295,36.56362,160.26208
1477,2024-09-29 20:00:00+00:00,-0.0039110035,0.19066621,3.0060275,0.766746,0.9757871,0.27609527,0.27636686,0.17762607,0.41455027,0.09682645,0.27056918,0.63260436,0.86944515,2.3855867,0.63260436,0.09682645,Patch,124.31799,259.29904,178.26656,141.71959,155.2194,141.71959,Patch,1,-17.401596,30.901413,151.40201
1478,2024-09-29 21:00:00+00:00,-0.003548424,0.1904704,3.052447,0.7633445,0.9671615,0.311666,0.28174222,0.18074521,0.42261326,0.09557849,0.27046224,0.63395923,0.86700255,2.379767,0.63395923,0.09557849,Patch,123.957985,255.67274,163.1887,143.98663,152.10284,143.98663,Patch,1,-20.028648,28.14486,151.76202
1479,2024-09-29 22:00:00+00:00,-0.0032085904,0.19041486,3.093748,0.76014113,0.96411204,0.32663098,0.27771994,0.17996809,0.41657993,0.0951633,0.270524,0.6343127,0.8662685,2.3780208,0.6343127,0.0951633,Patch,108.802956,258.03683,183.78143,126.54533,151.86389,126.54533,Patch,1,-17.74237,43.060936,166.91705
1480,2024-09-29 23:00:00+00:00,-0.0028600465,0.19013403,3.1356444,0.75731534,0.96762884,0.35475,0.27809367,0.1795021,0.41714045,0.09443334,0.2705236,0.635043,0.8648803,2.374722,0.635043,0.09443334,Patch,117.012665,266.23425,170.2028,144.0337,157.79405,144.0337,Patch,1,-27.021042,40.781387,158.70734
1481,2024-09-30 00:00:00+00:00,-0.0025901252,0.18833818,3.1803286,0.75504506,0.9719146,0.34917697,0.29566786,0.18889973,0.4435018,0.09393771,0.2705195,0.6355428,0.8639306,2.3724675,0.6355428,0.09393771,Patch,122.108154,275.10342,168.50584,167.82802,153.40483,167.82802,Patch,1,-45.719864,31.296677,153.61185
1482,2024-09-30 01:00:00+00:00,-0.0025183093,0.18688452,3.2121515,0.75391835,0.97586113,0.34730628,0.3062321,0.19411707,0.45934808,0.09362053,0.270529,0.6358505,0.8633318,2.3710473,0.6358505,0.09362053,Patch,109.29952,270.72824,173.50732,170.34747,136.33766,170.34747,Patch,1,-61.04795,27.03814,166.42047
1483,2024-09-30 02:00:00+00:00,-0.0026808153,0.18710156,3.218581,0.7530527,0.97737855,0.3732511,0.26172197,0.16552699,0.3925829,0.09427982,0.2708071,0.63491315,0.86482924,2.3746006,0.63491315,0.09427982,Patch,153.65987,256.88107,213.7841,179.87016,157.78586,179.87016,Patch,1,-26.210297,4.125992,122.060135
1484,2024-09-30 03:00:00+00:00,-0.0030293728,0.18730062,3.2001946,0.7519965,0.97607976,0.39206138,0.21922219,0.14205565,0.32883328,0.095120095,0.27103996,0.63383996,0.86662555,2.37887,0.63383996,0.095120095,Patch,164.65686,238.30547,210.06099,169.52129,170.07802,169.52129,Patch,1,-4.8644257,5.421158,111.06314
